{"type": "FeatureCollection", "features": [{"type": "Feature", "geometry": {"type": "LineString", "coordinates": [[76.319778, 10.249946], [76.319753, 10.249956]]}, "properties": {"segment_id": "REROUTE-SEG-0", "scenario_stage": 5, "stage_label": "Reroute Executed", "description": "PI-GNN offline reroute manoeuvre complete \u2014 truck on safe path", "begin_time": "2026-07-15T09:05:00+00:00", "end_time": "2026-07-15T09:07:00+00:00", "hazard_coefficient": 0.0056, "hazard_class": "SAFE", "is_critical": false, "route_type": "PI-GNN_REROUTE"}}, {"type": "Feature", "geometry": {"type": "LineString", "coordinates": [[76.319753, 10.249956], [76.319724, 10.249954]]}, "properties": {"segment_id": "REROUTE-SEG-1", "scenario_stage": 5, "stage_label": "Reroute Executed", "description": "PI-GNN offline reroute manoeuvre complete \u2014 truck on safe path", "begin_time": "2026-07-15T09:05:00+00:00", "end_time": "2026-07-15T09:07:00+00:00", "hazard_coefficient": 0.0056, "hazard_class": "SAFE", "is_critical": false, "route_type": "PI-GNN_REROUTE"}}, {"type": "Feature", "geometry": {"type": "LineString", "coordinates": [[76.319724, 10.249954], [76.31912, 10.249784]]}, "properties": {"segment_id": "REROUTE-SEG-2", "scenario_stage": 5, "stage_label": "Reroute Executed", "description": "PI-GNN offline reroute manoeuvre complete \u2014 truck on safe path", "begin_time": "2026-07-15T09:05:00+00:00", "end_time": "2026-07-15T09:07:00+00:00", "hazard_coefficient": 0.0056, "hazard_class": "SAFE", "is_critical": false, "route_type": "PI-GNN_REROUTE"}}, {"type": "Feature", "geometry": {"type": "LineString", "coordinates": [[76.31912, 10.249784], [76.318655, 10.24966]]}, "properties": {"segment_id": "REROUTE-SEG-3", "scenario_stage": 5, "stage_label": "Reroute Executed", "description": "PI-GNN offline reroute manoeuvre complete \u2014 truck on safe path", "begin_time": "2026-07-15T09:05:00+00:00", "end_time": "2026-07-15T09:07:00+00:00", "hazard_coefficient": 0.0056, "hazard_class": "SAFE", "is_critical": false, "route_type": "PI-GNN_REROUTE"}}, {"type": "Feature", "geometry": {"type": "LineString", "coordinates": [[76.318655, 10.24966], [76.318841, 10.249175]]}, "properties": {"segment_id": "REROUTE-SEG-4", "scenario_stage": 5, "stage_label": "Reroute Executed", "description": "PI-GNN offline reroute manoeuvre complete \u2014 truck on safe path", "begin_time": "2026-07-15T09:05:00+00:00", "end_time": "2026-07-15T09:07:00+00:00", "hazard_coefficient": 0.0056, "hazard_class": "SAFE", "is_critical": false, "route_type": "PI-GNN_REROUTE"}}, {"type": "Feature", "geometry": {"type": "LineString", "coordinates": [[76.318841, 10.249175], [76.318938, 10.248764]]}, "properties": {"segment_id": "REROUTE-SEG-5", "scenario_stage": 5, "stage_label": "Reroute Executed", "description": "PI-GNN offline reroute manoeuvre complete \u2014 truck on safe path", "begin_time": "2026-07-15T09:05:00+00:00", "end_time": "2026-07-15T09:07:00+00:00", "hazard_coefficient": 0.0056, "hazard_class": "SAFE", "is_critical": false, "route_type": "PI-GNN_REROUTE"}}, {"type": "Feature", "geometry": {"type": "LineString", "coordinates": [[76.318938, 10.248764], [76.318983, 10.248624]]}, "properties": {"segment_id": "REROUTE-SEG-6", "scenario_stage": 5, "stage_label": "Reroute Executed", "description": "PI-GNN offline reroute manoeuvre complete \u2014 truck on safe path", "begin_time": "2026-07-15T09:05:00+00:00", "end_time": "2026-07-15T09:07:00+00:00", "hazard_coefficient": 0.0056, "hazard_class": "SAFE", "is_critical": false, "route_type": "PI-GNN_REROUTE"}}, {"type": "Feature", "geometry": {"type": "LineString", "coordinates": [[76.318983, 10.248624], [76.319023, 10.248531]]}, "properties": {"segment_id": "REROUTE-SEG-7", "scenario_stage": 5, "stage_label": "Reroute Executed", "description": "PI-GNN offline reroute manoeuvre complete \u2014 truck on safe path", "begin_time": "2026-07-15T09:05:00+00:00", "end_time": "2026-07-15T09:07:00+00:00", "hazard_coefficient": 0.0056, "hazard_class": "SAFE", "is_critical": false, "route_type": "PI-GNN_REROUTE"}}, {"type": "Feature", "geometry": {"type": "LineString", "coordinates": [[76.319023, 10.248531], [76.319085, 10.248439]]}, "properties": {"segment_id": "REROUTE-SEG-8", "scenario_stage": 5, "stage_label": "Reroute Executed", "description": "PI-GNN offline reroute manoeuvre complete \u2014 truck on safe path", "begin_time": "2026-07-15T09:05:00+00:00", "end_time": "2026-07-15T09:07:00+00:00", "hazard_coefficient": 0.0056, "hazard_class": "SAFE", "is_critical": false, "route_type": "PI-GNN_REROUTE"}}, {"type": "Feature", "geometry": {"type": "LineString", "coordinates": [[76.319085, 10.248439], [76.319149, 10.248359]]}, "properties": {"segment_id": "REROUTE-SEG-9", "scenario_stage": 5, "stage_label": "Reroute Executed", "description": "PI-GNN offline reroute manoeuvre complete \u2014 truck on safe path", "begin_time": "2026-07-15T09:05:00+00:00", "end_time": "2026-07-15T09:07:00+00:00", "hazard_coefficient": 0.0056, "hazard_class": "SAFE", "is_critical": false, "route_type": "PI-GNN_REROUTE"}}, {"type": "Feature", "geometry": {"type": "LineString", "coordinates": [[76.319149, 10.248359], [76.319241, 10.248268]]}, "properties": {"segment_id": "REROUTE-SEG-10", "scenario_stage": 5, "stage_label": "Reroute Executed", "description": "PI-GNN offline reroute manoeuvre complete \u2014 truck on safe path", "begin_time": "2026-07-15T09:05:00+00:00", "end_time": "2026-07-15T09:07:00+00:00", "hazard_coefficient": 0.0056, "hazard_class": "SAFE", "is_critical": false, "route_type": "PI-GNN_REROUTE"}}, {"type": "Feature", "geometry": {"type": "LineString", "coordinates": [[76.319241, 10.248268], [76.319672, 10.247882]]}, "properties": {"segment_id": "REROUTE-SEG-11", "scenario_stage": 5, "stage_label": "Reroute Executed", "description": "PI-GNN offline reroute manoeuvre complete \u2014 truck on safe path", "begin_time": "2026-07-15T09:05:00+00:00", "end_time": "2026-07-15T09:07:00+00:00", "hazard_coefficient": 0.0056, "hazard_class": "SAFE", "is_critical": false, "route_type": "PI-GNN_REROUTE"}}, {"type": "Feature", "geometry": {"type": "LineString", "coordinates": [[76.319672, 10.247882], [76.319897, 10.247729]]}, "properties": {"segment_id": "REROUTE-SEG-12", "scenario_stage": 5, "stage_label": "Reroute Executed", "description": "PI-GNN offline reroute manoeuvre complete \u2014 truck on safe path", "begin_time": "2026-07-15T09:05:00+00:00", "end_time": "2026-07-15T09:07:00+00:00", "hazard_coefficient": 0.0056, "hazard_class": "SAFE", "is_critical": false, "route_type": "PI-GNN_REROUTE"}}, {"type": "Feature", "geometry": {"type": "LineString", "coordinates": [[76.319897, 10.247729], [76.320103, 10.247556]]}, "properties": {"segment_id": "REROUTE-SEG-13", "scenario_stage": 5, "stage_label": "Reroute Executed", "description": "PI-GNN offline reroute manoeuvre complete \u2014 truck on safe path", "begin_time": "2026-07-15T09:05:00+00:00", "end_time": "2026-07-15T09:07:00+00:00", "hazard_coefficient": 0.0056, "hazard_class": "SAFE", "is_critical": false, "route_type": "PI-GNN_REROUTE"}}, {"type": "Feature", "geometry": {"type": "LineString", "coordinates": [[76.320103, 10.247556], [76.320143, 10.247514]]}, "properties": {"segment_id": "REROUTE-SEG-14", "scenario_stage": 5, "stage_label": "Reroute Executed", "description": "PI-GNN offline reroute manoeuvre complete \u2014 truck on safe path", "begin_time": "2026-07-15T09:05:00+00:00", "end_time": "2026-07-15T09:07:00+00:00", "hazard_coefficient": 0.0056, "hazard_class": "SAFE", "is_critical": false, "route_type": "PI-GNN_REROUTE"}}, {"type": "Feature", "geometry": {"type": "LineString", "coordinates": [[76.320143, 10.247514], [76.320173, 10.247472]]}, "properties": {"segment_id": "REROUTE-SEG-15", "scenario_stage": 5, "stage_label": "Reroute Executed", "description": "PI-GNN offline reroute manoeuvre complete \u2014 truck on safe path", "begin_time": "2026-07-15T09:05:00+00:00", "end_time": "2026-07-15T09:07:00+00:00", "hazard_coefficient": 0.0056, "hazard_class": "SAFE", "is_critical": false, "route_type": "PI-GNN_REROUTE"}}, {"type": "Feature", "geometry": {"type": "LineString", "coordinates": [[76.320173, 10.247472], [76.320198, 10.247429]]}, "properties": {"segment_id": "REROUTE-SEG-16", "scenario_stage": 5, "stage_label": "Reroute Executed", "description": "PI-GNN offline reroute manoeuvre complete \u2014 truck on safe path", "begin_time": "2026-07-15T09:05:00+00:00", "end_time": "2026-07-15T09:07:00+00:00", "hazard_coefficient": 0.0056, "hazard_class": "SAFE", "is_critical": false, "route_type": "PI-GNN_REROUTE"}}, {"type": "Feature", "geometry": {"type": "LineString", "coordinates": [[76.320198, 10.247429], [76.320287, 10.247216]]}, "properties": {"segment_id": "REROUTE-SEG-17", "scenario_stage": 5, "stage_label": "Reroute Executed", "description": "PI-GNN offline reroute manoeuvre complete \u2014 truck on safe path", "begin_time": "2026-07-15T09:05:00+00:00", "end_time": "2026-07-15T09:07:00+00:00", "hazard_coefficient": 0.0056, "hazard_class": "SAFE", "is_critical": false, "route_type": "PI-GNN_REROUTE"}}, {"type": "Feature", "geometry": {"type": "LineString", "coordinates": [[76.320287, 10.247216], [76.320324, 10.24717]]}, "properties": {"segment_id": "REROUTE-SEG-18", "scenario_stage": 5, "stage_label": "Reroute Executed", "description": "PI-GNN offline reroute manoeuvre complete \u2014 truck on safe path", "begin_time": "2026-07-15T09:05:00+00:00", "end_time": "2026-07-15T09:07:00+00:00", "hazard_coefficient": 0.0056, "hazard_class": "SAFE", "is_critical": false, "route_type": "PI-GNN_REROUTE"}}, {"type": "Feature", "geometry": {"type": "LineString", "coordinates": [[76.320324, 10.24717], [76.32042, 10.247083]]}, "properties": {"segment_id": "REROUTE-SEG-19", "scenario_stage": 5, "stage_label": "Reroute Executed", "description": "PI-GNN offline reroute manoeuvre complete \u2014 truck on safe path", "begin_time": "2026-07-15T09:05:00+00:00", "end_time": "2026-07-15T09:07:00+00:00", "hazard_coefficient": 0.0056, "hazard_class": "SAFE", "is_critical": false, "route_type": "PI-GNN_REROUTE"}}, {"type": "Feature", "geometry": {"type": "LineString", "coordinates": [[76.32042, 10.247083], [76.320511, 10.247004]]}, "properties": {"segment_id": "REROUTE-SEG-20", "scenario_stage": 5, "stage_label": "Reroute Executed", "description": "PI-GNN offline reroute manoeuvre complete \u2014 truck on safe path", "begin_time": "2026-07-15T09:05:00+00:00", "end_time": "2026-07-15T09:07:00+00:00", "hazard_coefficient": 0.0056, "hazard_class": "SAFE", "is_critical": false, "route_type": "PI-GNN_REROUTE"}}, {"type": "Feature", "geometry": {"type": "LineString", "coordinates": [[76.320511, 10.247004], [76.320611, 10.246926]]}, "properties": {"segment_id": "REROUTE-SEG-21", "scenario_stage": 5, "stage_label": "Reroute Executed", "description": "PI-GNN offline reroute manoeuvre complete \u2014 truck on safe path", "begin_time": "2026-07-15T09:05:00+00:00", "end_time": "2026-07-15T09:07:00+00:00", "hazard_coefficient": 0.0056, "hazard_class": "SAFE", "is_critical": false, "route_type": "PI-GNN_REROUTE"}}, {"type": "Feature", "geometry": {"type": "LineString", "coordinates": [[76.320611, 10.246926], [76.320715, 10.246856]]}, "properties": {"segment_id": "REROUTE-SEG-22", "scenario_stage": 5, "stage_label": "Reroute Executed", "description": "PI-GNN offline reroute manoeuvre complete \u2014 truck on safe path", "begin_time": "2026-07-15T09:05:00+00:00", "end_time": "2026-07-15T09:07:00+00:00", "hazard_coefficient": 0.0056, "hazard_class": "SAFE", "is_critical": false, "route_type": "PI-GNN_REROUTE"}}, {"type": "Feature", "geometry": {"type": "LineString", "coordinates": [[76.320715, 10.246856], [76.320833, 10.246742]]}, "properties": {"segment_id": "REROUTE-SEG-23", "scenario_stage": 5, "stage_label": "Reroute Executed", "description": "PI-GNN offline reroute manoeuvre complete \u2014 truck on safe path", "begin_time": "2026-07-15T09:05:00+00:00", "end_time": "2026-07-15T09:07:00+00:00", "hazard_coefficient": 0.0056, "hazard_class": "SAFE", "is_critical": false, "route_type": "PI-GNN_REROUTE"}}, {"type": "Feature", "geometry": {"type": "LineString", "coordinates": [[76.320833, 10.246742], [76.321005, 10.246526]]}, "properties": {"segment_id": "REROUTE-SEG-24", "scenario_stage": 5, "stage_label": "Reroute Executed", "description": "PI-GNN offline reroute manoeuvre complete \u2014 truck on safe path", "begin_time": "2026-07-15T09:05:00+00:00", "end_time": "2026-07-15T09:07:00+00:00", "hazard_coefficient": 0.0056, "hazard_class": "SAFE", "is_critical": false, "route_type": "PI-GNN_REROUTE"}}, {"type": "Feature", "geometry": {"type": "LineString", "coordinates": [[76.321005, 10.246526], [76.321225, 10.24618]]}, "properties": {"segment_id": "REROUTE-SEG-25", "scenario_stage": 5, "stage_label": "Reroute Executed", "description": "PI-GNN offline reroute manoeuvre complete \u2014 truck on safe path", "begin_time": "2026-07-15T09:05:00+00:00", "end_time": "2026-07-15T09:07:00+00:00", "hazard_coefficient": 0.0056, "hazard_class": "SAFE", "is_critical": false, "route_type": "PI-GNN_REROUTE"}}, {"type": "Feature", "geometry": {"type": "LineString", "coordinates": [[76.321225, 10.24618], [76.321254, 10.246135]]}, "properties": {"segment_id": "REROUTE-SEG-26", "scenario_stage": 5, "stage_label": "Reroute Executed", "description": "PI-GNN offline reroute manoeuvre complete \u2014 truck on safe path", "begin_time": "2026-07-15T09:05:00+00:00", "end_time": "2026-07-15T09:07:00+00:00", "hazard_coefficient": 0.0056, "hazard_class": "SAFE", "is_critical": false, "route_type": "PI-GNN_REROUTE"}}, {"type": "Feature", "geometry": {"type": "LineString", "coordinates": [[76.321254, 10.246135], [76.321437, 10.245824]]}, "properties": {"segment_id": "REROUTE-SEG-27", "scenario_stage": 5, "stage_label": "Reroute Executed", "description": "PI-GNN offline reroute manoeuvre complete \u2014 truck on safe path", "begin_time": "2026-07-15T09:05:00+00:00", "end_time": "2026-07-15T09:07:00+00:00", "hazard_coefficient": 0.0056, "hazard_class": "SAFE", "is_critical": false, "route_type": "PI-GNN_REROUTE"}}, {"type": "Feature", "geometry": {"type": "LineString", "coordinates": [[76.321437, 10.245824], [76.321676, 10.245436]]}, "properties": {"segment_id": "REROUTE-SEG-28", "scenario_stage": 5, "stage_label": "Reroute Executed", "description": "PI-GNN offline reroute manoeuvre complete \u2014 truck on safe path", "begin_time": "2026-07-15T09:05:00+00:00", "end_time": "2026-07-15T09:07:00+00:00", "hazard_coefficient": 0.0056, "hazard_class": "SAFE", "is_critical": false, "route_type": "PI-GNN_REROUTE"}}, {"type": "Feature", "geometry": {"type": "LineString", "coordinates": [[76.321676, 10.245436], [76.321772, 10.245296]]}, "properties": {"segment_id": "REROUTE-SEG-29", "scenario_stage": 5, "stage_label": "Reroute Executed", "description": "PI-GNN offline reroute manoeuvre complete \u2014 truck on safe path", "begin_time": "2026-07-15T09:05:00+00:00", "end_time": "2026-07-15T09:07:00+00:00", "hazard_coefficient": 0.0056, "hazard_class": "SAFE", "is_critical": false, "route_type": "PI-GNN_REROUTE"}}, {"type": "Feature", "geometry": {"type": "LineString", "coordinates": [[76.321772, 10.245296], [76.321922, 10.245143]]}, "properties": {"segment_id": "REROUTE-SEG-30", "scenario_stage": 5, "stage_label": "Reroute Executed", "description": "PI-GNN offline reroute manoeuvre complete \u2014 truck on safe path", "begin_time": "2026-07-15T09:05:00+00:00", "end_time": "2026-07-15T09:07:00+00:00", "hazard_coefficient": 0.0056, "hazard_class": "SAFE", "is_critical": false, "route_type": "PI-GNN_REROUTE"}}, {"type": "Feature", "geometry": {"type": "LineString", "coordinates": [[76.321922, 10.245143], [76.322153, 10.244926]]}, "properties": {"segment_id": "REROUTE-SEG-31", "scenario_stage": 5, "stage_label": "Reroute Executed", "description": "PI-GNN offline reroute manoeuvre complete \u2014 truck on safe path", "begin_time": "2026-07-15T09:05:00+00:00", "end_time": "2026-07-15T09:07:00+00:00", "hazard_coefficient": 0.0056, "hazard_class": "SAFE", "is_critical": false, "route_type": "PI-GNN_REROUTE"}}, {"type": "Feature", "geometry": {"type": "LineString", "coordinates": [[76.322153, 10.244926], [76.322258, 10.244768]]}, "properties": {"segment_id": "REROUTE-SEG-32", "scenario_stage": 5, "stage_label": "Reroute Executed", "description": "PI-GNN offline reroute manoeuvre complete \u2014 truck on safe path", "begin_time": "2026-07-15T09:05:00+00:00", "end_time": "2026-07-15T09:07:00+00:00", "hazard_coefficient": 0.0056, "hazard_class": "SAFE", "is_critical": false, "route_type": "PI-GNN_REROUTE"}}, {"type": "Feature", "geometry": {"type": "LineString", "coordinates": [[76.322258, 10.244768], [76.322357, 10.244665]]}, "properties": {"segment_id": "REROUTE-SEG-33", "scenario_stage": 5, "stage_label": "Reroute Executed", "description": "PI-GNN offline reroute manoeuvre complete \u2014 truck on safe path", "begin_time": "2026-07-15T09:05:00+00:00", "end_time": "2026-07-15T09:07:00+00:00", "hazard_coefficient": 0.0056, "hazard_class": "SAFE", "is_critical": false, "route_type": "PI-GNN_REROUTE"}}, {"type": "Feature", "geometry": {"type": "LineString", "coordinates": [[76.322357, 10.244665], [76.322468, 10.244538]]}, "properties": {"segment_id": "REROUTE-SEG-34", "scenario_stage": 5, "stage_label": "Reroute Executed", "description": "PI-GNN offline reroute manoeuvre complete \u2014 truck on safe path", "begin_time": "2026-07-15T09:05:00+00:00", "end_time": "2026-07-15T09:07:00+00:00", "hazard_coefficient": 0.0056, "hazard_class": "SAFE", "is_critical": false, "route_type": "PI-GNN_REROUTE"}}, {"type": "Feature", "geometry": {"type": "LineString", "coordinates": [[76.322468, 10.244538], [76.322569, 10.244422]]}, "properties": {"segment_id": "REROUTE-SEG-35", "scenario_stage": 5, "stage_label": "Reroute Executed", "description": "PI-GNN offline reroute manoeuvre complete \u2014 truck on safe path", "begin_time": "2026-07-15T09:05:00+00:00", "end_time": "2026-07-15T09:07:00+00:00", "hazard_coefficient": 0.0056, "hazard_class": "SAFE", "is_critical": false, "route_type": "PI-GNN_REROUTE"}}, {"type": "Feature", "geometry": {"type": "LineString", "coordinates": [[76.322569, 10.244422], [76.322655, 10.244296]]}, "properties": {"segment_id": "REROUTE-SEG-36", "scenario_stage": 5, "stage_label": "Reroute Executed", "description": "PI-GNN offline reroute manoeuvre complete \u2014 truck on safe path", "begin_time": "2026-07-15T09:05:00+00:00", "end_time": "2026-07-15T09:07:00+00:00", "hazard_coefficient": 0.0056, "hazard_class": "SAFE", "is_critical": false, "route_type": "PI-GNN_REROUTE"}}, {"type": "Feature", "geometry": {"type": "LineString", "coordinates": [[76.322655, 10.244296], [76.322716, 10.244185]]}, "properties": {"segment_id": "REROUTE-SEG-37", "scenario_stage": 5, "stage_label": "Reroute Executed", "description": "PI-GNN offline reroute manoeuvre complete \u2014 truck on safe path", "begin_time": "2026-07-15T09:05:00+00:00", "end_time": "2026-07-15T09:07:00+00:00", "hazard_coefficient": 0.0056, "hazard_class": "SAFE", "is_critical": false, "route_type": "PI-GNN_REROUTE"}}, {"type": "Feature", "geometry": {"type": "LineString", "coordinates": [[76.322716, 10.244185], [76.322733, 10.244168]]}, "properties": {"segment_id": "REROUTE-SEG-38", "scenario_stage": 5, "stage_label": "Reroute Executed", "description": "PI-GNN offline reroute manoeuvre complete \u2014 truck on safe path", "begin_time": "2026-07-15T09:05:00+00:00", "end_time": "2026-07-15T09:07:00+00:00", "hazard_coefficient": 0.0056, "hazard_class": "SAFE", "is_critical": false, "route_type": "PI-GNN_REROUTE"}}, {"type": "Feature", "geometry": {"type": "LineString", "coordinates": [[76.322733, 10.244168], [76.322807, 10.243968]]}, "properties": {"segment_id": "REROUTE-SEG-39", "scenario_stage": 5, "stage_label": "Reroute Executed", "description": "PI-GNN offline reroute manoeuvre complete \u2014 truck on safe path", "begin_time": "2026-07-15T09:05:00+00:00", "end_time": "2026-07-15T09:07:00+00:00", "hazard_coefficient": 0.0056, "hazard_class": "SAFE", "is_critical": false, "route_type": "PI-GNN_REROUTE"}}, {"type": "Feature", "geometry": {"type": "LineString", "coordinates": [[76.322807, 10.243968], [76.322845, 10.243889]]}, "properties": {"segment_id": "REROUTE-SEG-40", "scenario_stage": 5, "stage_label": "Reroute Executed", "description": "PI-GNN offline reroute manoeuvre complete \u2014 truck on safe path", "begin_time": "2026-07-15T09:05:00+00:00", "end_time": "2026-07-15T09:07:00+00:00", "hazard_coefficient": 0.0056, "hazard_class": "SAFE", "is_critical": false, "route_type": "PI-GNN_REROUTE"}}, {"type": "Feature", "geometry": {"type": "LineString", "coordinates": [[76.322845, 10.243889], [76.32291, 10.243807]]}, "properties": {"segment_id": "REROUTE-SEG-41", "scenario_stage": 5, "stage_label": "Reroute Executed", "description": "PI-GNN offline reroute manoeuvre complete \u2014 truck on safe path", "begin_time": "2026-07-15T09:05:00+00:00", "end_time": "2026-07-15T09:07:00+00:00", "hazard_coefficient": 0.0056, "hazard_class": "SAFE", "is_critical": false, "route_type": "PI-GNN_REROUTE"}}, {"type": "Feature", "geometry": {"type": "LineString", "coordinates": [[76.32291, 10.243807], [76.32318, 10.243541]]}, "properties": {"segment_id": "REROUTE-SEG-42", "scenario_stage": 5, "stage_label": "Reroute Executed", "description": "PI-GNN offline reroute manoeuvre complete \u2014 truck on safe path", "begin_time": "2026-07-15T09:05:00+00:00", "end_time": "2026-07-15T09:07:00+00:00", "hazard_coefficient": 0.0056, "hazard_class": "SAFE", "is_critical": false, "route_type": "PI-GNN_REROUTE"}}, {"type": "Feature", "geometry": {"type": "LineString", "coordinates": [[76.32318, 10.243541], [76.323424, 10.243205]]}, "properties": {"segment_id": "REROUTE-SEG-43", "scenario_stage": 5, "stage_label": "Reroute Executed", "description": "PI-GNN offline reroute manoeuvre complete \u2014 truck on safe path", "begin_time": "2026-07-15T09:05:00+00:00", "end_time": "2026-07-15T09:07:00+00:00", "hazard_coefficient": 0.0056, "hazard_class": "SAFE", "is_critical": false, "route_type": "PI-GNN_REROUTE"}}, {"type": "Feature", "geometry": {"type": "LineString", "coordinates": [[76.323424, 10.243205], [76.323609, 10.242984]]}, "properties": {"segment_id": "REROUTE-SEG-44", "scenario_stage": 5, "stage_label": "Reroute Executed", "description": "PI-GNN offline reroute manoeuvre complete \u2014 truck on safe path", "begin_time": "2026-07-15T09:05:00+00:00", "end_time": "2026-07-15T09:07:00+00:00", "hazard_coefficient": 0.0056, "hazard_class": "SAFE", "is_critical": false, "route_type": "PI-GNN_REROUTE"}}, {"type": "Feature", "geometry": {"type": "LineString", "coordinates": [[76.323609, 10.242984], [76.323828, 10.2427]]}, "properties": {"segment_id": "REROUTE-SEG-45", "scenario_stage": 5, "stage_label": "Reroute Executed", "description": "PI-GNN offline reroute manoeuvre complete \u2014 truck on safe path", "begin_time": "2026-07-15T09:05:00+00:00", "end_time": "2026-07-15T09:07:00+00:00", "hazard_coefficient": 0.0056, "hazard_class": "SAFE", "is_critical": false, "route_type": "PI-GNN_REROUTE"}}, {"type": "Feature", "geometry": {"type": "LineString", "coordinates": [[76.323828, 10.2427], [76.323929, 10.242559]]}, "properties": {"segment_id": "REROUTE-SEG-46", "scenario_stage": 5, "stage_label": "Reroute Executed", "description": "PI-GNN offline reroute manoeuvre complete \u2014 truck on safe path", "begin_time": "2026-07-15T09:05:00+00:00", "end_time": "2026-07-15T09:07:00+00:00", "hazard_coefficient": 0.0056, "hazard_class": "SAFE", "is_critical": false, "route_type": "PI-GNN_REROUTE"}}, {"type": "Feature", "geometry": {"type": "LineString", "coordinates": [[76.323929, 10.242559], [76.324018, 10.242381]]}, "properties": {"segment_id": "REROUTE-SEG-47", "scenario_stage": 5, "stage_label": "Reroute Executed", "description": "PI-GNN offline reroute manoeuvre complete \u2014 truck on safe path", "begin_time": "2026-07-15T09:05:00+00:00", "end_time": "2026-07-15T09:07:00+00:00", "hazard_coefficient": 0.0056, "hazard_class": "SAFE", "is_critical": false, "route_type": "PI-GNN_REROUTE"}}, {"type": "Feature", "geometry": {"type": "LineString", "coordinates": [[76.324018, 10.242381], [76.324076, 10.242231]]}, "properties": {"segment_id": "REROUTE-SEG-48", "scenario_stage": 5, "stage_label": "Reroute Executed", "description": "PI-GNN offline reroute manoeuvre complete \u2014 truck on safe path", "begin_time": "2026-07-15T09:05:00+00:00", "end_time": "2026-07-15T09:07:00+00:00", "hazard_coefficient": 0.0056, "hazard_class": "SAFE", "is_critical": false, "route_type": "PI-GNN_REROUTE"}}, {"type": "Feature", "geometry": {"type": "LineString", "coordinates": [[76.324076, 10.242231], [76.324151, 10.242034]]}, "properties": {"segment_id": "REROUTE-SEG-49", "scenario_stage": 5, "stage_label": "Reroute Executed", "description": "PI-GNN offline reroute manoeuvre complete \u2014 truck on safe path", "begin_time": "2026-07-15T09:05:00+00:00", "end_time": "2026-07-15T09:07:00+00:00", "hazard_coefficient": 0.0056, "hazard_class": "SAFE", "is_critical": false, "route_type": "PI-GNN_REROUTE"}}, {"type": "Feature", "geometry": {"type": "LineString", "coordinates": [[76.324151, 10.242034], [76.324191, 10.241907]]}, "properties": {"segment_id": "REROUTE-SEG-50", "scenario_stage": 5, "stage_label": "Reroute Executed", "description": "PI-GNN offline reroute manoeuvre complete \u2014 truck on safe path", "begin_time": "2026-07-15T09:05:00+00:00", "end_time": "2026-07-15T09:07:00+00:00", "hazard_coefficient": 0.0056, "hazard_class": "SAFE", "is_critical": false, "route_type": "PI-GNN_REROUTE"}}, {"type": "Feature", "geometry": {"type": "LineString", "coordinates": [[76.324191, 10.241907], [76.32425, 10.241785]]}, "properties": {"segment_id": "REROUTE-SEG-51", "scenario_stage": 5, "stage_label": "Reroute Executed", "description": "PI-GNN offline reroute manoeuvre complete \u2014 truck on safe path", "begin_time": "2026-07-15T09:05:00+00:00", "end_time": "2026-07-15T09:07:00+00:00", "hazard_coefficient": 0.0056, "hazard_class": "SAFE", "is_critical": false, "route_type": "PI-GNN_REROUTE"}}, {"type": "Feature", "geometry": {"type": "LineString", "coordinates": [[76.32425, 10.241785], [76.324313, 10.241695]]}, "properties": {"segment_id": "REROUTE-SEG-52", "scenario_stage": 5, "stage_label": "Reroute Executed", "description": "PI-GNN offline reroute manoeuvre complete \u2014 truck on safe path", "begin_time": "2026-07-15T09:05:00+00:00", "end_time": "2026-07-15T09:07:00+00:00", "hazard_coefficient": 0.0056, "hazard_class": "SAFE", "is_critical": false, "route_type": "PI-GNN_REROUTE"}}, {"type": "Feature", "geometry": {"type": "LineString", "coordinates": [[76.324313, 10.241695], [76.324342, 10.241652]]}, "properties": {"segment_id": "REROUTE-SEG-53", "scenario_stage": 5, "stage_label": "Reroute Executed", "description": "PI-GNN offline reroute manoeuvre complete \u2014 truck on safe path", "begin_time": "2026-07-15T09:05:00+00:00", "end_time": "2026-07-15T09:07:00+00:00", "hazard_coefficient": 0.0056, "hazard_class": "SAFE", "is_critical": false, "route_type": "PI-GNN_REROUTE"}}, {"type": "Feature", "geometry": {"type": "LineString", "coordinates": [[76.324342, 10.241652], [76.324457, 10.241498]]}, "properties": {"segment_id": "REROUTE-SEG-54", "scenario_stage": 5, "stage_label": "Reroute Executed", "description": "PI-GNN offline reroute manoeuvre complete \u2014 truck on safe path", "begin_time": "2026-07-15T09:05:00+00:00", "end_time": "2026-07-15T09:07:00+00:00", "hazard_coefficient": 0.0056, "hazard_class": "SAFE", "is_critical": false, "route_type": "PI-GNN_REROUTE"}}, {"type": "Feature", "geometry": {"type": "LineString", "coordinates": [[76.324457, 10.241498], [76.324959, 10.24093]]}, "properties": {"segment_id": "REROUTE-SEG-55", "scenario_stage": 5, "stage_label": "Reroute Executed", "description": "PI-GNN offline reroute manoeuvre complete \u2014 truck on safe path", "begin_time": "2026-07-15T09:05:00+00:00", "end_time": "2026-07-15T09:07:00+00:00", "hazard_coefficient": 0.0056, "hazard_class": "SAFE", "is_critical": false, "route_type": "PI-GNN_REROUTE"}}, {"type": "Feature", "geometry": {"type": "LineString", "coordinates": [[76.324959, 10.24093], [76.325514, 10.240341]]}, "properties": {"segment_id": "REROUTE-SEG-56", "scenario_stage": 5, "stage_label": "Reroute Executed", "description": "PI-GNN offline reroute manoeuvre complete \u2014 truck on safe path", "begin_time": "2026-07-15T09:05:00+00:00", "end_time": "2026-07-15T09:07:00+00:00", "hazard_coefficient": 0.0056, "hazard_class": "SAFE", "is_critical": false, "route_type": "PI-GNN_REROUTE"}}, {"type": "Feature", "geometry": {"type": "LineString", "coordinates": [[76.325514, 10.240341], [76.325688, 10.240093]]}, "properties": {"segment_id": "REROUTE-SEG-57", "scenario_stage": 5, "stage_label": "Reroute Executed", "description": "PI-GNN offline reroute manoeuvre complete \u2014 truck on safe path", "begin_time": "2026-07-15T09:05:00+00:00", "end_time": "2026-07-15T09:07:00+00:00", "hazard_coefficient": 0.0056, "hazard_class": "SAFE", "is_critical": false, "route_type": "PI-GNN_REROUTE"}}, {"type": "Feature", "geometry": {"type": "LineString", "coordinates": [[76.325688, 10.240093], [76.325774, 10.239932]]}, "properties": {"segment_id": "REROUTE-SEG-58", "scenario_stage": 5, "stage_label": "Reroute Executed", "description": "PI-GNN offline reroute manoeuvre complete \u2014 truck on safe path", "begin_time": "2026-07-15T09:05:00+00:00", "end_time": "2026-07-15T09:07:00+00:00", "hazard_coefficient": 0.0056, "hazard_class": "SAFE", "is_critical": false, "route_type": "PI-GNN_REROUTE"}}, {"type": "Feature", "geometry": {"type": "LineString", "coordinates": [[76.325774, 10.239932], [76.325885, 10.239702]]}, "properties": {"segment_id": "REROUTE-SEG-59", "scenario_stage": 5, "stage_label": "Reroute Executed", "description": "PI-GNN offline reroute manoeuvre complete \u2014 truck on safe path", "begin_time": "2026-07-15T09:05:00+00:00", "end_time": "2026-07-15T09:07:00+00:00", "hazard_coefficient": 0.0056, "hazard_class": "SAFE", "is_critical": false, "route_type": "PI-GNN_REROUTE"}}, {"type": "Feature", "geometry": {"type": "LineString", "coordinates": [[76.325885, 10.239702], [76.325908, 10.239655]]}, "properties": {"segment_id": "REROUTE-SEG-60", "scenario_stage": 5, "stage_label": "Reroute Executed", "description": "PI-GNN offline reroute manoeuvre complete \u2014 truck on safe path", "begin_time": "2026-07-15T09:05:00+00:00", "end_time": "2026-07-15T09:07:00+00:00", "hazard_coefficient": 0.0056, "hazard_class": "SAFE", "is_critical": false, "route_type": "PI-GNN_REROUTE"}}, {"type": "Feature", "geometry": {"type": "LineString", "coordinates": [[76.325908, 10.239655], [76.325978, 10.239513]]}, "properties": {"segment_id": "REROUTE-SEG-61", "scenario_stage": 5, "stage_label": "Reroute Executed", "description": "PI-GNN offline reroute manoeuvre complete \u2014 truck on safe path", "begin_time": "2026-07-15T09:05:00+00:00", "end_time": "2026-07-15T09:07:00+00:00", "hazard_coefficient": 0.0056, "hazard_class": "SAFE", "is_critical": false, "route_type": "PI-GNN_REROUTE"}}, {"type": "Feature", "geometry": {"type": "LineString", "coordinates": [[76.325978, 10.239513], [76.326036, 10.239433]]}, "properties": {"segment_id": "REROUTE-SEG-62", "scenario_stage": 5, "stage_label": "Reroute Executed", "description": "PI-GNN offline reroute manoeuvre complete \u2014 truck on safe path", "begin_time": "2026-07-15T09:05:00+00:00", "end_time": "2026-07-15T09:07:00+00:00", "hazard_coefficient": 0.0056, "hazard_class": "SAFE", "is_critical": false, "route_type": "PI-GNN_REROUTE"}}, {"type": "Feature", "geometry": {"type": "LineString", "coordinates": [[76.326036, 10.239433], [76.326173, 10.239295]]}, "properties": {"segment_id": "REROUTE-SEG-63", "scenario_stage": 5, "stage_label": "Reroute Executed", "description": "PI-GNN offline reroute manoeuvre complete \u2014 truck on safe path", "begin_time": "2026-07-15T09:05:00+00:00", "end_time": "2026-07-15T09:07:00+00:00", "hazard_coefficient": 0.0056, "hazard_class": "SAFE", "is_critical": false, "route_type": "PI-GNN_REROUTE"}}, {"type": "Feature", "geometry": {"type": "LineString", "coordinates": [[76.326173, 10.239295], [76.326246, 10.239212]]}, "properties": {"segment_id": "REROUTE-SEG-64", "scenario_stage": 5, "stage_label": "Reroute Executed", "description": "PI-GNN offline reroute manoeuvre complete \u2014 truck on safe path", "begin_time": "2026-07-15T09:05:00+00:00", "end_time": "2026-07-15T09:07:00+00:00", "hazard_coefficient": 0.0056, "hazard_class": "SAFE", "is_critical": false, "route_type": "PI-GNN_REROUTE"}}, {"type": "Feature", "geometry": {"type": "LineString", "coordinates": [[76.326246, 10.239212], [76.326525, 10.238897]]}, "properties": {"segment_id": "REROUTE-SEG-65", "scenario_stage": 5, "stage_label": "Reroute Executed", "description": "PI-GNN offline reroute manoeuvre complete \u2014 truck on safe path", "begin_time": "2026-07-15T09:05:00+00:00", "end_time": "2026-07-15T09:07:00+00:00", "hazard_coefficient": 0.0056, "hazard_class": "SAFE", "is_critical": false, "route_type": "PI-GNN_REROUTE"}}, {"type": "Feature", "geometry": {"type": "LineString", "coordinates": [[76.326525, 10.238897], [76.326685, 10.238658]]}, "properties": {"segment_id": "REROUTE-SEG-66", "scenario_stage": 5, "stage_label": "Reroute Executed", "description": "PI-GNN offline reroute manoeuvre complete \u2014 truck on safe path", "begin_time": "2026-07-15T09:05:00+00:00", "end_time": "2026-07-15T09:07:00+00:00", "hazard_coefficient": 0.0056, "hazard_class": "SAFE", "is_critical": false, "route_type": "PI-GNN_REROUTE"}}, {"type": "Feature", "geometry": {"type": "LineString", "coordinates": [[76.326685, 10.238658], [76.326767, 10.238535]]}, "properties": {"segment_id": "REROUTE-SEG-67", "scenario_stage": 5, "stage_label": "Reroute Executed", "description": "PI-GNN offline reroute manoeuvre complete \u2014 truck on safe path", "begin_time": "2026-07-15T09:05:00+00:00", "end_time": "2026-07-15T09:07:00+00:00", "hazard_coefficient": 0.0056, "hazard_class": "SAFE", "is_critical": false, "route_type": "PI-GNN_REROUTE"}}, {"type": "Feature", "geometry": {"type": "LineString", "coordinates": [[76.326767, 10.238535], [76.327185, 10.238695]]}, "properties": {"segment_id": "REROUTE-SEG-68", "scenario_stage": 5, "stage_label": "Reroute Executed", "description": "PI-GNN offline reroute manoeuvre complete \u2014 truck on safe path", "begin_time": "2026-07-15T09:05:00+00:00", "end_time": "2026-07-15T09:07:00+00:00", "hazard_coefficient": 0.0056, "hazard_class": "SAFE", "is_critical": false, "route_type": "PI-GNN_REROUTE"}}, {"type": "Feature", "geometry": {"type": "LineString", "coordinates": [[76.327185, 10.238695], [76.327365, 10.238721]]}, "properties": {"segment_id": "REROUTE-SEG-69", "scenario_stage": 5, "stage_label": "Reroute Executed", "description": "PI-GNN offline reroute manoeuvre complete \u2014 truck on safe path", "begin_time": "2026-07-15T09:05:00+00:00", "end_time": "2026-07-15T09:07:00+00:00", "hazard_coefficient": 0.0056, "hazard_class": "SAFE", "is_critical": false, "route_type": "PI-GNN_REROUTE"}}, {"type": "Feature", "geometry": {"type": "LineString", "coordinates": [[76.327365, 10.238721], [76.327391, 10.238724]]}, "properties": {"segment_id": "REROUTE-SEG-70", "scenario_stage": 5, "stage_label": "Reroute Executed", "description": "PI-GNN offline reroute manoeuvre complete \u2014 truck on safe path", "begin_time": "2026-07-15T09:05:00+00:00", "end_time": "2026-07-15T09:07:00+00:00", "hazard_coefficient": 0.0056, "hazard_class": "SAFE", "is_critical": false, "route_type": "PI-GNN_REROUTE"}}, {"type": "Feature", "geometry": {"type": "LineString", "coordinates": [[76.327391, 10.238724], [76.327457, 10.238734]]}, "properties": {"segment_id": "REROUTE-SEG-71", "scenario_stage": 5, "stage_label": "Reroute Executed", "description": "PI-GNN offline reroute manoeuvre complete \u2014 truck on safe path", "begin_time": "2026-07-15T09:05:00+00:00", "end_time": "2026-07-15T09:07:00+00:00", "hazard_coefficient": 0.0056, "hazard_class": "SAFE", "is_critical": false, "route_type": "PI-GNN_REROUTE"}}, {"type": "Feature", "geometry": {"type": "LineString", "coordinates": [[76.327457, 10.238734], [76.32789, 10.238797]]}, "properties": {"segment_id": "REROUTE-SEG-72", "scenario_stage": 5, "stage_label": "Reroute Executed", "description": "PI-GNN offline reroute manoeuvre complete \u2014 truck on safe path", "begin_time": "2026-07-15T09:05:00+00:00", "end_time": "2026-07-15T09:07:00+00:00", "hazard_coefficient": 0.0056, "hazard_class": "SAFE", "is_critical": false, "route_type": "PI-GNN_REROUTE"}}, {"type": "Feature", "geometry": {"type": "LineString", "coordinates": [[76.32789, 10.238797], [76.327953, 10.23882]]}, "properties": {"segment_id": "REROUTE-SEG-73", "scenario_stage": 5, "stage_label": "Reroute Executed", "description": "PI-GNN offline reroute manoeuvre complete \u2014 truck on safe path", "begin_time": "2026-07-15T09:05:00+00:00", "end_time": "2026-07-15T09:07:00+00:00", "hazard_coefficient": 0.0056, "hazard_class": "SAFE", "is_critical": false, "route_type": "PI-GNN_REROUTE"}}, {"type": "Feature", "geometry": {"type": "LineString", "coordinates": [[76.327953, 10.23882], [76.328247, 10.238927]]}, "properties": {"segment_id": "REROUTE-SEG-74", "scenario_stage": 5, "stage_label": "Reroute Executed", "description": "PI-GNN offline reroute manoeuvre complete \u2014 truck on safe path", "begin_time": "2026-07-15T09:05:00+00:00", "end_time": "2026-07-15T09:07:00+00:00", "hazard_coefficient": 0.0056, "hazard_class": "SAFE", "is_critical": false, "route_type": "PI-GNN_REROUTE"}}, {"type": "Feature", "geometry": {"type": "LineString", "coordinates": [[76.328247, 10.238927], [76.328414, 10.238967]]}, "properties": {"segment_id": "REROUTE-SEG-75", "scenario_stage": 5, "stage_label": "Reroute Executed", "description": "PI-GNN offline reroute manoeuvre complete \u2014 truck on safe path", "begin_time": "2026-07-15T09:05:00+00:00", "end_time": "2026-07-15T09:07:00+00:00", "hazard_coefficient": 0.0056, "hazard_class": "SAFE", "is_critical": false, "route_type": "PI-GNN_REROUTE"}}, {"type": "Feature", "geometry": {"type": "LineString", "coordinates": [[76.328414, 10.238967], [76.328457, 10.238981]]}, "properties": {"segment_id": "REROUTE-SEG-76", "scenario_stage": 5, "stage_label": "Reroute Executed", "description": "PI-GNN offline reroute manoeuvre complete \u2014 truck on safe path", "begin_time": "2026-07-15T09:05:00+00:00", "end_time": "2026-07-15T09:07:00+00:00", "hazard_coefficient": 0.0056, "hazard_class": "SAFE", "is_critical": false, "route_type": "PI-GNN_REROUTE"}}, {"type": "Feature", "geometry": {"type": "LineString", "coordinates": [[76.328457, 10.238981], [76.329376, 10.239238]]}, "properties": {"segment_id": "REROUTE-SEG-77", "scenario_stage": 5, "stage_label": "Reroute Executed", "description": "PI-GNN offline reroute manoeuvre complete \u2014 truck on safe path", "begin_time": "2026-07-15T09:05:00+00:00", "end_time": "2026-07-15T09:07:00+00:00", "hazard_coefficient": 0.0056, "hazard_class": "SAFE", "is_critical": false, "route_type": "PI-GNN_REROUTE"}}, {"type": "Feature", "geometry": {"type": "LineString", "coordinates": [[76.329376, 10.239238], [76.32983, 10.23937]]}, "properties": {"segment_id": "REROUTE-SEG-78", "scenario_stage": 5, "stage_label": "Reroute Executed", "description": "PI-GNN offline reroute manoeuvre complete \u2014 truck on safe path", "begin_time": "2026-07-15T09:05:00+00:00", "end_time": "2026-07-15T09:07:00+00:00", "hazard_coefficient": 0.0056, "hazard_class": "SAFE", "is_critical": false, "route_type": "PI-GNN_REROUTE"}}, {"type": "Feature", "geometry": {"type": "LineString", "coordinates": [[76.32983, 10.23937], [76.330372, 10.239531]]}, "properties": {"segment_id": "REROUTE-SEG-79", "scenario_stage": 5, "stage_label": "Reroute Executed", "description": "PI-GNN offline reroute manoeuvre complete \u2014 truck on safe path", "begin_time": "2026-07-15T09:05:00+00:00", "end_time": "2026-07-15T09:07:00+00:00", "hazard_coefficient": 0.0056, "hazard_class": "SAFE", "is_critical": false, "route_type": "PI-GNN_REROUTE"}}, {"type": "Feature", "geometry": {"type": "LineString", "coordinates": [[76.330372, 10.239531], [76.330491, 10.239614]]}, "properties": {"segment_id": "REROUTE-SEG-80", "scenario_stage": 5, "stage_label": "Reroute Executed", "description": "PI-GNN offline reroute manoeuvre complete \u2014 truck on safe path", "begin_time": "2026-07-15T09:05:00+00:00", "end_time": "2026-07-15T09:07:00+00:00", "hazard_coefficient": 0.0056, "hazard_class": "SAFE", "is_critical": false, "route_type": "PI-GNN_REROUTE"}}, {"type": "Feature", "geometry": {"type": "LineString", "coordinates": [[76.330491, 10.239614], [76.330774, 10.239773]]}, "properties": {"segment_id": "REROUTE-SEG-81", "scenario_stage": 5, "stage_label": "Reroute Executed", "description": "PI-GNN offline reroute manoeuvre complete \u2014 truck on safe path", "begin_time": "2026-07-15T09:05:00+00:00", "end_time": "2026-07-15T09:07:00+00:00", "hazard_coefficient": 0.0056, "hazard_class": "SAFE", "is_critical": false, "route_type": "PI-GNN_REROUTE"}}, {"type": "Feature", "geometry": {"type": "LineString", "coordinates": [[76.330774, 10.239773], [76.331475, 10.240267]]}, "properties": {"segment_id": "REROUTE-SEG-82", "scenario_stage": 5, "stage_label": "Reroute Executed", "description": "PI-GNN offline reroute manoeuvre complete \u2014 truck on safe path", "begin_time": "2026-07-15T09:05:00+00:00", "end_time": "2026-07-15T09:07:00+00:00", "hazard_coefficient": 0.0056, "hazard_class": "SAFE", "is_critical": false, "route_type": "PI-GNN_REROUTE"}}, {"type": "Feature", "geometry": {"type": "LineString", "coordinates": [[76.331475, 10.240267], [76.332177, 10.240769]]}, "properties": {"segment_id": "REROUTE-SEG-83", "scenario_stage": 5, "stage_label": "Reroute Executed", "description": "PI-GNN offline reroute manoeuvre complete \u2014 truck on safe path", "begin_time": "2026-07-15T09:05:00+00:00", "end_time": "2026-07-15T09:07:00+00:00", "hazard_coefficient": 0.0056, "hazard_class": "SAFE", "is_critical": false, "route_type": "PI-GNN_REROUTE"}}, {"type": "Feature", "geometry": {"type": "LineString", "coordinates": [[76.332177, 10.240769], [76.332533, 10.240925]]}, "properties": {"segment_id": "REROUTE-SEG-84", "scenario_stage": 5, "stage_label": "Reroute Executed", "description": "PI-GNN offline reroute manoeuvre complete \u2014 truck on safe path", "begin_time": "2026-07-15T09:05:00+00:00", "end_time": "2026-07-15T09:07:00+00:00", "hazard_coefficient": 0.0056, "hazard_class": "SAFE", "is_critical": false, "route_type": "PI-GNN_REROUTE"}}, {"type": "Feature", "geometry": {"type": "LineString", "coordinates": [[76.332533, 10.240925], [76.332881, 10.241035]]}, "properties": {"segment_id": "REROUTE-SEG-85", "scenario_stage": 5, "stage_label": "Reroute Executed", "description": "PI-GNN offline reroute manoeuvre complete \u2014 truck on safe path", "begin_time": "2026-07-15T09:05:00+00:00", "end_time": "2026-07-15T09:07:00+00:00", "hazard_coefficient": 0.0056, "hazard_class": "SAFE", "is_critical": false, "route_type": "PI-GNN_REROUTE"}}, {"type": "Feature", "geometry": {"type": "LineString", "coordinates": [[76.332881, 10.241035], [76.333185, 10.241102]]}, "properties": {"segment_id": "REROUTE-SEG-86", "scenario_stage": 5, "stage_label": "Reroute Executed", "description": "PI-GNN offline reroute manoeuvre complete \u2014 truck on safe path", "begin_time": "2026-07-15T09:05:00+00:00", "end_time": "2026-07-15T09:07:00+00:00", "hazard_coefficient": 0.0056, "hazard_class": "SAFE", "is_critical": false, "route_type": "PI-GNN_REROUTE"}}, {"type": "Feature", "geometry": {"type": "LineString", "coordinates": [[76.333185, 10.241102], [76.333102, 10.24163]]}, "properties": {"segment_id": "REROUTE-SEG-87", "scenario_stage": 5, "stage_label": "Reroute Executed", "description": "PI-GNN offline reroute manoeuvre complete \u2014 truck on safe path", "begin_time": "2026-07-15T09:05:00+00:00", "end_time": "2026-07-15T09:07:00+00:00", "hazard_coefficient": 0.0056, "hazard_class": "SAFE", "is_critical": false, "route_type": "PI-GNN_REROUTE"}}, {"type": "Feature", "geometry": {"type": "LineString", "coordinates": [[76.333102, 10.24163], [76.333001, 10.242019]]}, "properties": {"segment_id": "REROUTE-SEG-88", "scenario_stage": 5, "stage_label": "Reroute Executed", "description": "PI-GNN offline reroute manoeuvre complete \u2014 truck on safe path", "begin_time": "2026-07-15T09:05:00+00:00", "end_time": "2026-07-15T09:07:00+00:00", "hazard_coefficient": 0.0056, "hazard_class": "SAFE", "is_critical": false, "route_type": "PI-GNN_REROUTE"}}, {"type": "Feature", "geometry": {"type": "LineString", "coordinates": [[76.333001, 10.242019], [76.332906, 10.2424]]}, "properties": {"segment_id": "REROUTE-SEG-89", "scenario_stage": 5, "stage_label": "Reroute Executed", "description": "PI-GNN offline reroute manoeuvre complete \u2014 truck on safe path", "begin_time": "2026-07-15T09:05:00+00:00", "end_time": "2026-07-15T09:07:00+00:00", "hazard_coefficient": 0.0056, "hazard_class": "SAFE", "is_critical": false, "route_type": "PI-GNN_REROUTE"}}, {"type": "Feature", "geometry": {"type": "LineString", "coordinates": [[76.332906, 10.2424], [76.332831, 10.242793]]}, "properties": {"segment_id": "REROUTE-SEG-90", "scenario_stage": 5, "stage_label": "Reroute Executed", "description": "PI-GNN offline reroute manoeuvre complete \u2014 truck on safe path", "begin_time": "2026-07-15T09:05:00+00:00", "end_time": "2026-07-15T09:07:00+00:00", "hazard_coefficient": 0.0056, "hazard_class": "SAFE", "is_critical": false, "route_type": "PI-GNN_REROUTE"}}, {"type": "Feature", "geometry": {"type": "LineString", "coordinates": [[76.332831, 10.242793], [76.332772, 10.243069]]}, "properties": {"segment_id": "REROUTE-SEG-91", "scenario_stage": 5, "stage_label": "Reroute Executed", "description": "PI-GNN offline reroute manoeuvre complete \u2014 truck on safe path", "begin_time": "2026-07-15T09:05:00+00:00", "end_time": "2026-07-15T09:07:00+00:00", "hazard_coefficient": 0.0056, "hazard_class": "SAFE", "is_critical": false, "route_type": "PI-GNN_REROUTE"}}, {"type": "Feature", "geometry": {"type": "LineString", "coordinates": [[76.332772, 10.243069], [76.332875, 10.243114]]}, "properties": {"segment_id": "REROUTE-SEG-92", "scenario_stage": 5, "stage_label": "Reroute Executed", "description": "PI-GNN offline reroute manoeuvre complete \u2014 truck on safe path", "begin_time": "2026-07-15T09:05:00+00:00", "end_time": "2026-07-15T09:07:00+00:00", "hazard_coefficient": 0.0056, "hazard_class": "SAFE", "is_critical": false, "route_type": "PI-GNN_REROUTE"}}, {"type": "Feature", "geometry": {"type": "LineString", "coordinates": [[76.332875, 10.243114], [76.33299, 10.243183]]}, "properties": {"segment_id": "REROUTE-SEG-93", "scenario_stage": 5, "stage_label": "Reroute Executed", "description": "PI-GNN offline reroute manoeuvre complete \u2014 truck on safe path", "begin_time": "2026-07-15T09:05:00+00:00", "end_time": "2026-07-15T09:07:00+00:00", "hazard_coefficient": 0.0056, "hazard_class": "SAFE", "is_critical": false, "route_type": "PI-GNN_REROUTE"}}, {"type": "Feature", "geometry": {"type": "LineString", "coordinates": [[76.33299, 10.243183], [76.333228, 10.243284]]}, "properties": {"segment_id": "REROUTE-SEG-94", "scenario_stage": 5, "stage_label": "Reroute Executed", "description": "PI-GNN offline reroute manoeuvre complete \u2014 truck on safe path", "begin_time": "2026-07-15T09:05:00+00:00", "end_time": "2026-07-15T09:07:00+00:00", "hazard_coefficient": 0.0056, "hazard_class": "SAFE", "is_critical": false, "route_type": "PI-GNN_REROUTE"}}, {"type": "Feature", "geometry": {"type": "LineString", "coordinates": [[76.333228, 10.243284], [76.333268, 10.243395]]}, "properties": {"segment_id": "REROUTE-SEG-95", "scenario_stage": 5, "stage_label": "Reroute Executed", "description": "PI-GNN offline reroute manoeuvre complete \u2014 truck on safe path", "begin_time": "2026-07-15T09:05:00+00:00", "end_time": "2026-07-15T09:07:00+00:00", "hazard_coefficient": 0.0056, "hazard_class": "SAFE", "is_critical": false, "route_type": "PI-GNN_REROUTE"}}, {"type": "Feature", "geometry": {"type": "LineString", "coordinates": [[76.333268, 10.243395], [76.333252, 10.244371]]}, "properties": {"segment_id": "REROUTE-SEG-96", "scenario_stage": 5, "stage_label": "Reroute Executed", "description": "PI-GNN offline reroute manoeuvre complete \u2014 truck on safe path", "begin_time": "2026-07-15T09:05:00+00:00", "end_time": "2026-07-15T09:07:00+00:00", "hazard_coefficient": 0.0056, "hazard_class": "SAFE", "is_critical": false, "route_type": "PI-GNN_REROUTE"}}, {"type": "Feature", "geometry": {"type": "LineString", "coordinates": [[76.333252, 10.244371], [76.33333, 10.244533]]}, "properties": {"segment_id": "REROUTE-SEG-97", "scenario_stage": 5, "stage_label": "Reroute Executed", "description": "PI-GNN offline reroute manoeuvre complete \u2014 truck on safe path", "begin_time": "2026-07-15T09:05:00+00:00", "end_time": "2026-07-15T09:07:00+00:00", "hazard_coefficient": 0.0056, "hazard_class": "SAFE", "is_critical": false, "route_type": "PI-GNN_REROUTE"}}, {"type": "Feature", "geometry": {"type": "LineString", "coordinates": [[76.33333, 10.244533], [76.333368, 10.244576]]}, "properties": {"segment_id": "REROUTE-SEG-98", "scenario_stage": 5, "stage_label": "Reroute Executed", "description": "PI-GNN offline reroute manoeuvre complete \u2014 truck on safe path", "begin_time": "2026-07-15T09:05:00+00:00", "end_time": "2026-07-15T09:07:00+00:00", "hazard_coefficient": 0.0056, "hazard_class": "SAFE", "is_critical": false, "route_type": "PI-GNN_REROUTE"}}, {"type": "Feature", "geometry": {"type": "LineString", "coordinates": [[76.333368, 10.244576], [76.333606, 10.244844]]}, "properties": {"segment_id": "REROUTE-SEG-99", "scenario_stage": 5, "stage_label": "Reroute Executed", "description": "PI-GNN offline reroute manoeuvre complete \u2014 truck on safe path", "begin_time": "2026-07-15T09:05:00+00:00", "end_time": "2026-07-15T09:07:00+00:00", "hazard_coefficient": 0.0056, "hazard_class": "SAFE", "is_critical": false, "route_type": "PI-GNN_REROUTE"}}, {"type": "Feature", "geometry": {"type": "LineString", "coordinates": [[76.333606, 10.244844], [76.333566, 10.245159]]}, "properties": {"segment_id": "REROUTE-SEG-100", "scenario_stage": 5, "stage_label": "Reroute Executed", "description": "PI-GNN offline reroute manoeuvre complete \u2014 truck on safe path", "begin_time": "2026-07-15T09:05:00+00:00", "end_time": "2026-07-15T09:07:00+00:00", "hazard_coefficient": 0.0056, "hazard_class": "SAFE", "is_critical": false, "route_type": "PI-GNN_REROUTE"}}, {"type": "Feature", "geometry": {"type": "LineString", "coordinates": [[76.333566, 10.245159], [76.333355, 10.24586]]}, "properties": {"segment_id": "REROUTE-SEG-101", "scenario_stage": 5, "stage_label": "Reroute Executed", "description": "PI-GNN offline reroute manoeuvre complete \u2014 truck on safe path", "begin_time": "2026-07-15T09:05:00+00:00", "end_time": "2026-07-15T09:07:00+00:00", "hazard_coefficient": 0.0056, "hazard_class": "SAFE", "is_critical": false, "route_type": "PI-GNN_REROUTE"}}, {"type": "Feature", "geometry": {"type": "LineString", "coordinates": [[76.333355, 10.24586], [76.333252, 10.246203]]}, "properties": {"segment_id": "REROUTE-SEG-102", "scenario_stage": 5, "stage_label": "Reroute Executed", "description": "PI-GNN offline reroute manoeuvre complete \u2014 truck on safe path", "begin_time": "2026-07-15T09:05:00+00:00", "end_time": "2026-07-15T09:07:00+00:00", "hazard_coefficient": 0.0056, "hazard_class": "SAFE", "is_critical": false, "route_type": "PI-GNN_REROUTE"}}, {"type": "Feature", "geometry": {"type": "LineString", "coordinates": [[76.333252, 10.246203], [76.333241, 10.246945]]}, "properties": {"segment_id": "REROUTE-SEG-103", "scenario_stage": 5, "stage_label": "Reroute Executed", "description": "PI-GNN offline reroute manoeuvre complete \u2014 truck on safe path", "begin_time": "2026-07-15T09:05:00+00:00", "end_time": "2026-07-15T09:07:00+00:00", "hazard_coefficient": 0.0056, "hazard_class": "SAFE", "is_critical": false, "route_type": "PI-GNN_REROUTE"}}, {"type": "Feature", "geometry": {"type": "LineString", "coordinates": [[76.333241, 10.246945], [76.333145, 10.247433]]}, "properties": {"segment_id": "REROUTE-SEG-104", "scenario_stage": 5, "stage_label": "Reroute Executed", "description": "PI-GNN offline reroute manoeuvre complete \u2014 truck on safe path", "begin_time": "2026-07-15T09:05:00+00:00", "end_time": "2026-07-15T09:07:00+00:00", "hazard_coefficient": 0.0056, "hazard_class": "SAFE", "is_critical": false, "route_type": "PI-GNN_REROUTE"}}, {"type": "Feature", "geometry": {"type": "LineString", "coordinates": [[76.333145, 10.247433], [76.33315, 10.24747]]}, "properties": {"segment_id": "REROUTE-SEG-105", "scenario_stage": 5, "stage_label": "Reroute Executed", "description": "PI-GNN offline reroute manoeuvre complete \u2014 truck on safe path", "begin_time": "2026-07-15T09:05:00+00:00", "end_time": "2026-07-15T09:07:00+00:00", "hazard_coefficient": 0.0056, "hazard_class": "SAFE", "is_critical": false, "route_type": "PI-GNN_REROUTE"}}, {"type": "Feature", "geometry": {"type": "LineString", "coordinates": [[76.33315, 10.24747], [76.333201, 10.247845]]}, "properties": {"segment_id": "REROUTE-SEG-106", "scenario_stage": 5, "stage_label": "Reroute Executed", "description": "PI-GNN offline reroute manoeuvre complete \u2014 truck on safe path", "begin_time": "2026-07-15T09:05:00+00:00", "end_time": "2026-07-15T09:07:00+00:00", "hazard_coefficient": 0.0056, "hazard_class": "SAFE", "is_critical": false, "route_type": "PI-GNN_REROUTE"}}, {"type": "Feature", "geometry": {"type": "LineString", "coordinates": [[76.333201, 10.247845], [76.333419, 10.248185]]}, "properties": {"segment_id": "REROUTE-SEG-107", "scenario_stage": 5, "stage_label": "Reroute Executed", "description": "PI-GNN offline reroute manoeuvre complete \u2014 truck on safe path", "begin_time": "2026-07-15T09:05:00+00:00", "end_time": "2026-07-15T09:07:00+00:00", "hazard_coefficient": 0.0056, "hazard_class": "SAFE", "is_critical": false, "route_type": "PI-GNN_REROUTE"}}, {"type": "Feature", "geometry": {"type": "LineString", "coordinates": [[76.333419, 10.248185], [76.333314, 10.249149]]}, "properties": {"segment_id": "REROUTE-SEG-108", "scenario_stage": 5, "stage_label": "Reroute Executed", "description": "PI-GNN offline reroute manoeuvre complete \u2014 truck on safe path", "begin_time": "2026-07-15T09:05:00+00:00", "end_time": "2026-07-15T09:07:00+00:00", "hazard_coefficient": 0.0056, "hazard_class": "SAFE", "is_critical": false, "route_type": "PI-GNN_REROUTE"}}, {"type": "Feature", "geometry": {"type": "LineString", "coordinates": [[76.333314, 10.249149], [76.333288, 10.249821]]}, "properties": {"segment_id": "REROUTE-SEG-109", "scenario_stage": 5, "stage_label": "Reroute Executed", "description": "PI-GNN offline reroute manoeuvre complete \u2014 truck on safe path", "begin_time": "2026-07-15T09:05:00+00:00", "end_time": "2026-07-15T09:07:00+00:00", "hazard_coefficient": 0.0056, "hazard_class": "SAFE", "is_critical": false, "route_type": "PI-GNN_REROUTE"}}, {"type": "Feature", "geometry": {"type": "LineString", "coordinates": [[76.333288, 10.249821], [76.333266, 10.25041]]}, "properties": {"segment_id": "REROUTE-SEG-110", "scenario_stage": 5, "stage_label": "Reroute Executed", "description": "PI-GNN offline reroute manoeuvre complete \u2014 truck on safe path", "begin_time": "2026-07-15T09:05:00+00:00", "end_time": "2026-07-15T09:07:00+00:00", "hazard_coefficient": 0.0056, "hazard_class": "SAFE", "is_critical": false, "route_type": "PI-GNN_REROUTE"}}, {"type": "Feature", "geometry": {"type": "LineString", "coordinates": [[76.333266, 10.25041], [76.333265, 10.250437]]}, "properties": {"segment_id": "REROUTE-SEG-111", "scenario_stage": 5, "stage_label": "Reroute Executed", "description": "PI-GNN offline reroute manoeuvre complete \u2014 truck on safe path", "begin_time": "2026-07-15T09:05:00+00:00", "end_time": "2026-07-15T09:07:00+00:00", "hazard_coefficient": 0.0056, "hazard_class": "SAFE", "is_critical": false, "route_type": "PI-GNN_REROUTE"}}, {"type": "Feature", "geometry": {"type": "LineString", "coordinates": [[76.333265, 10.250437], [76.33326, 10.251132]]}, "properties": {"segment_id": "REROUTE-SEG-112", "scenario_stage": 5, "stage_label": "Reroute Executed", "description": "PI-GNN offline reroute manoeuvre complete \u2014 truck on safe path", "begin_time": "2026-07-15T09:05:00+00:00", "end_time": "2026-07-15T09:07:00+00:00", "hazard_coefficient": 0.0056, "hazard_class": "SAFE", "is_critical": false, "route_type": "PI-GNN_REROUTE"}}, {"type": "Feature", "geometry": {"type": "LineString", "coordinates": [[76.33326, 10.251132], [76.333338, 10.251606]]}, "properties": {"segment_id": "REROUTE-SEG-113", "scenario_stage": 5, "stage_label": "Reroute Executed", "description": "PI-GNN offline reroute manoeuvre complete \u2014 truck on safe path", "begin_time": "2026-07-15T09:05:00+00:00", "end_time": "2026-07-15T09:07:00+00:00", "hazard_coefficient": 0.0056, "hazard_class": "SAFE", "is_critical": false, "route_type": "PI-GNN_REROUTE"}}, {"type": "Feature", "geometry": {"type": "LineString", "coordinates": [[76.333338, 10.251606], [76.333663, 10.252084]]}, "properties": {"segment_id": "REROUTE-SEG-114", "scenario_stage": 5, "stage_label": "Reroute Executed", "description": "PI-GNN offline reroute manoeuvre complete \u2014 truck on safe path", "begin_time": "2026-07-15T09:05:00+00:00", "end_time": "2026-07-15T09:07:00+00:00", "hazard_coefficient": 0.0056, "hazard_class": "SAFE", "is_critical": false, "route_type": "PI-GNN_REROUTE"}}, {"type": "Feature", "geometry": {"type": "LineString", "coordinates": [[76.333663, 10.252084], [76.333772, 10.252245]]}, "properties": {"segment_id": "REROUTE-SEG-115", "scenario_stage": 5, "stage_label": "Reroute Executed", "description": "PI-GNN offline reroute manoeuvre complete \u2014 truck on safe path", "begin_time": "2026-07-15T09:05:00+00:00", "end_time": "2026-07-15T09:07:00+00:00", "hazard_coefficient": 0.0056, "hazard_class": "SAFE", "is_critical": false, "route_type": "PI-GNN_REROUTE"}}, {"type": "Feature", "geometry": {"type": "LineString", "coordinates": [[76.333772, 10.252245], [76.333917, 10.252596]]}, "properties": {"segment_id": "REROUTE-SEG-116", "scenario_stage": 5, "stage_label": "Reroute Executed", "description": "PI-GNN offline reroute manoeuvre complete \u2014 truck on safe path", "begin_time": "2026-07-15T09:05:00+00:00", "end_time": "2026-07-15T09:07:00+00:00", "hazard_coefficient": 0.0056, "hazard_class": "SAFE", "is_critical": false, "route_type": "PI-GNN_REROUTE"}}, {"type": "Feature", "geometry": {"type": "LineString", "coordinates": [[76.333917, 10.252596], [76.333948, 10.252957]]}, "properties": {"segment_id": "REROUTE-SEG-117", "scenario_stage": 5, "stage_label": "Reroute Executed", "description": "PI-GNN offline reroute manoeuvre complete \u2014 truck on safe path", "begin_time": "2026-07-15T09:05:00+00:00", "end_time": "2026-07-15T09:07:00+00:00", "hazard_coefficient": 0.0056, "hazard_class": "SAFE", "is_critical": false, "route_type": "PI-GNN_REROUTE"}}, {"type": "Feature", "geometry": {"type": "LineString", "coordinates": [[76.333948, 10.252957], [76.333982, 10.253345]]}, "properties": {"segment_id": "REROUTE-SEG-118", "scenario_stage": 5, "stage_label": "Reroute Executed", "description": "PI-GNN offline reroute manoeuvre complete \u2014 truck on safe path", "begin_time": "2026-07-15T09:05:00+00:00", "end_time": "2026-07-15T09:07:00+00:00", "hazard_coefficient": 0.0056, "hazard_class": "SAFE", "is_critical": false, "route_type": "PI-GNN_REROUTE"}}, {"type": "Feature", "geometry": {"type": "LineString", "coordinates": [[76.333982, 10.253345], [76.333997, 10.253482]]}, "properties": {"segment_id": "REROUTE-SEG-119", "scenario_stage": 5, "stage_label": "Reroute Executed", "description": "PI-GNN offline reroute manoeuvre complete \u2014 truck on safe path", "begin_time": "2026-07-15T09:05:00+00:00", "end_time": "2026-07-15T09:07:00+00:00", "hazard_coefficient": 0.0056, "hazard_class": "SAFE", "is_critical": false, "route_type": "PI-GNN_REROUTE"}}, {"type": "Feature", "geometry": {"type": "LineString", "coordinates": [[76.333997, 10.253482], [76.334008, 10.253571]]}, "properties": {"segment_id": "REROUTE-SEG-120", "scenario_stage": 5, "stage_label": "Reroute Executed", "description": "PI-GNN offline reroute manoeuvre complete \u2014 truck on safe path", "begin_time": "2026-07-15T09:05:00+00:00", "end_time": "2026-07-15T09:07:00+00:00", "hazard_coefficient": 0.0056, "hazard_class": "SAFE", "is_critical": false, "route_type": "PI-GNN_REROUTE"}}, {"type": "Feature", "geometry": {"type": "LineString", "coordinates": [[76.334008, 10.253571], [76.334023, 10.253704]]}, "properties": {"segment_id": "REROUTE-SEG-121", "scenario_stage": 5, "stage_label": "Reroute Executed", "description": "PI-GNN offline reroute manoeuvre complete \u2014 truck on safe path", "begin_time": "2026-07-15T09:05:00+00:00", "end_time": "2026-07-15T09:07:00+00:00", "hazard_coefficient": 0.0056, "hazard_class": "SAFE", "is_critical": false, "route_type": "PI-GNN_REROUTE"}}, {"type": "Feature", "geometry": {"type": "LineString", "coordinates": [[76.334023, 10.253704], [76.334069, 10.2541]]}, "properties": {"segment_id": "REROUTE-SEG-122", "scenario_stage": 5, "stage_label": "Reroute Executed", "description": "PI-GNN offline reroute manoeuvre complete \u2014 truck on safe path", "begin_time": "2026-07-15T09:05:00+00:00", "end_time": "2026-07-15T09:07:00+00:00", "hazard_coefficient": 0.0056, "hazard_class": "SAFE", "is_critical": false, "route_type": "PI-GNN_REROUTE"}}, {"type": "Feature", "geometry": {"type": "LineString", "coordinates": [[76.334069, 10.2541], [76.334094, 10.25432]]}, "properties": {"segment_id": "REROUTE-SEG-123", "scenario_stage": 5, "stage_label": "Reroute Executed", "description": "PI-GNN offline reroute manoeuvre complete \u2014 truck on safe path", "begin_time": "2026-07-15T09:05:00+00:00", "end_time": "2026-07-15T09:07:00+00:00", "hazard_coefficient": 0.0056, "hazard_class": "SAFE", "is_critical": false, "route_type": "PI-GNN_REROUTE"}}, {"type": "Feature", "geometry": {"type": "LineString", "coordinates": [[76.334094, 10.25432], [76.334427, 10.254824]]}, "properties": {"segment_id": "REROUTE-SEG-124", "scenario_stage": 5, "stage_label": "Reroute Executed", "description": "PI-GNN offline reroute manoeuvre complete \u2014 truck on safe path", "begin_time": "2026-07-15T09:05:00+00:00", "end_time": "2026-07-15T09:07:00+00:00", "hazard_coefficient": 0.0056, "hazard_class": "SAFE", "is_critical": false, "route_type": "PI-GNN_REROUTE"}}, {"type": "Feature", "geometry": {"type": "LineString", "coordinates": [[76.334427, 10.254824], [76.334961, 10.255623]]}, "properties": {"segment_id": "REROUTE-SEG-125", "scenario_stage": 5, "stage_label": "Reroute Executed", "description": "PI-GNN offline reroute manoeuvre complete \u2014 truck on safe path", "begin_time": "2026-07-15T09:05:00+00:00", "end_time": "2026-07-15T09:07:00+00:00", "hazard_coefficient": 0.0056, "hazard_class": "SAFE", "is_critical": false, "route_type": "PI-GNN_REROUTE"}}, {"type": "Feature", "geometry": {"type": "LineString", "coordinates": [[76.334961, 10.255623], [76.335085, 10.255823]]}, "properties": {"segment_id": "REROUTE-SEG-126", "scenario_stage": 5, "stage_label": "Reroute Executed", "description": "PI-GNN offline reroute manoeuvre complete \u2014 truck on safe path", "begin_time": "2026-07-15T09:05:00+00:00", "end_time": "2026-07-15T09:07:00+00:00", "hazard_coefficient": 0.0056, "hazard_class": "SAFE", "is_critical": false, "route_type": "PI-GNN_REROUTE"}}, {"type": "Feature", "geometry": {"type": "LineString", "coordinates": [[76.335085, 10.255823], [76.335178, 10.255972]]}, "properties": {"segment_id": "REROUTE-SEG-127", "scenario_stage": 5, "stage_label": "Reroute Executed", "description": "PI-GNN offline reroute manoeuvre complete \u2014 truck on safe path", "begin_time": "2026-07-15T09:05:00+00:00", "end_time": "2026-07-15T09:07:00+00:00", "hazard_coefficient": 0.0056, "hazard_class": "SAFE", "is_critical": false, "route_type": "PI-GNN_REROUTE"}}, {"type": "Feature", "geometry": {"type": "LineString", "coordinates": [[76.335178, 10.255972], [76.335436, 10.256394]]}, "properties": {"segment_id": "REROUTE-SEG-128", "scenario_stage": 5, "stage_label": "Reroute Executed", "description": "PI-GNN offline reroute manoeuvre complete \u2014 truck on safe path", "begin_time": "2026-07-15T09:05:00+00:00", "end_time": "2026-07-15T09:07:00+00:00", "hazard_coefficient": 0.0056, "hazard_class": "SAFE", "is_critical": false, "route_type": "PI-GNN_REROUTE"}}, {"type": "Feature", "geometry": {"type": "LineString", "coordinates": [[76.335436, 10.256394], [76.335672, 10.256631]]}, "properties": {"segment_id": "REROUTE-SEG-129", "scenario_stage": 5, "stage_label": "Reroute Executed", "description": "PI-GNN offline reroute manoeuvre complete \u2014 truck on safe path", "begin_time": "2026-07-15T09:05:00+00:00", "end_time": "2026-07-15T09:07:00+00:00", "hazard_coefficient": 0.0056, "hazard_class": "SAFE", "is_critical": false, "route_type": "PI-GNN_REROUTE"}}, {"type": "Feature", "geometry": {"type": "LineString", "coordinates": [[76.335672, 10.256631], [76.335781, 10.256703]]}, "properties": {"segment_id": "REROUTE-SEG-130", "scenario_stage": 5, "stage_label": "Reroute Executed", "description": "PI-GNN offline reroute manoeuvre complete \u2014 truck on safe path", "begin_time": "2026-07-15T09:05:00+00:00", "end_time": "2026-07-15T09:07:00+00:00", "hazard_coefficient": 0.0056, "hazard_class": "SAFE", "is_critical": false, "route_type": "PI-GNN_REROUTE"}}, {"type": "Feature", "geometry": {"type": "LineString", "coordinates": [[76.335781, 10.256703], [76.336098, 10.256911]]}, "properties": {"segment_id": "REROUTE-SEG-131", "scenario_stage": 5, "stage_label": "Reroute Executed", "description": "PI-GNN offline reroute manoeuvre complete \u2014 truck on safe path", "begin_time": "2026-07-15T09:05:00+00:00", "end_time": "2026-07-15T09:07:00+00:00", "hazard_coefficient": 0.0056, "hazard_class": "SAFE", "is_critical": false, "route_type": "PI-GNN_REROUTE"}}, {"type": "Feature", "geometry": {"type": "LineString", "coordinates": [[76.336098, 10.256911], [76.337825, 10.258315]]}, "properties": {"segment_id": "REROUTE-SEG-132", "scenario_stage": 5, "stage_label": "Reroute Executed", "description": "PI-GNN offline reroute manoeuvre complete \u2014 truck on safe path", "begin_time": "2026-07-15T09:05:00+00:00", "end_time": "2026-07-15T09:07:00+00:00", "hazard_coefficient": 0.0056, "hazard_class": "SAFE", "is_critical": false, "route_type": "PI-GNN_REROUTE"}}, {"type": "Feature", "geometry": {"type": "LineString", "coordinates": [[76.337825, 10.258315], [76.337939, 10.25842]]}, "properties": {"segment_id": "REROUTE-SEG-133", "scenario_stage": 5, "stage_label": "Reroute Executed", "description": "PI-GNN offline reroute manoeuvre complete \u2014 truck on safe path", "begin_time": "2026-07-15T09:05:00+00:00", "end_time": "2026-07-15T09:07:00+00:00", "hazard_coefficient": 0.0056, "hazard_class": "SAFE", "is_critical": false, "route_type": "PI-GNN_REROUTE"}}, {"type": "Feature", "geometry": {"type": "LineString", "coordinates": [[76.337939, 10.25842], [76.338329, 10.25878]]}, "properties": {"segment_id": "REROUTE-SEG-134", "scenario_stage": 5, "stage_label": "Reroute Executed", "description": "PI-GNN offline reroute manoeuvre complete \u2014 truck on safe path", "begin_time": "2026-07-15T09:05:00+00:00", "end_time": "2026-07-15T09:07:00+00:00", "hazard_coefficient": 0.0056, "hazard_class": "SAFE", "is_critical": false, "route_type": "PI-GNN_REROUTE"}}, {"type": "Feature", "geometry": {"type": "LineString", "coordinates": [[76.338329, 10.25878], [76.338787, 10.25938]]}, "properties": {"segment_id": "REROUTE-SEG-135", "scenario_stage": 5, "stage_label": "Reroute Executed", "description": "PI-GNN offline reroute manoeuvre complete \u2014 truck on safe path", "begin_time": "2026-07-15T09:05:00+00:00", "end_time": "2026-07-15T09:07:00+00:00", "hazard_coefficient": 0.0056, "hazard_class": "SAFE", "is_critical": false, "route_type": "PI-GNN_REROUTE"}}, {"type": "Feature", "geometry": {"type": "LineString", "coordinates": [[76.338787, 10.25938], [76.338834, 10.259443]]}, "properties": {"segment_id": "REROUTE-SEG-136", "scenario_stage": 5, "stage_label": "Reroute Executed", "description": "PI-GNN offline reroute manoeuvre complete \u2014 truck on safe path", "begin_time": "2026-07-15T09:05:00+00:00", "end_time": "2026-07-15T09:07:00+00:00", "hazard_coefficient": 0.0056, "hazard_class": "SAFE", "is_critical": false, "route_type": "PI-GNN_REROUTE"}}, {"type": "Feature", "geometry": {"type": "LineString", "coordinates": [[76.338834, 10.259443], [76.339267, 10.26001]]}, "properties": {"segment_id": "REROUTE-SEG-137", "scenario_stage": 5, "stage_label": "Reroute Executed", "description": "PI-GNN offline reroute manoeuvre complete \u2014 truck on safe path", "begin_time": "2026-07-15T09:05:00+00:00", "end_time": "2026-07-15T09:07:00+00:00", "hazard_coefficient": 0.0056, "hazard_class": "SAFE", "is_critical": false, "route_type": "PI-GNN_REROUTE"}}, {"type": "Feature", "geometry": {"type": "LineString", "coordinates": [[76.339267, 10.26001], [76.3395, 10.260316]]}, "properties": {"segment_id": "REROUTE-SEG-138", "scenario_stage": 5, "stage_label": "Reroute Executed", "description": "PI-GNN offline reroute manoeuvre complete \u2014 truck on safe path", "begin_time": "2026-07-15T09:05:00+00:00", "end_time": "2026-07-15T09:07:00+00:00", "hazard_coefficient": 0.0056, "hazard_class": "SAFE", "is_critical": false, "route_type": "PI-GNN_REROUTE"}}, {"type": "Feature", "geometry": {"type": "LineString", "coordinates": [[76.3395, 10.260316], [76.340271, 10.261324]]}, "properties": {"segment_id": "REROUTE-SEG-139", "scenario_stage": 5, "stage_label": "Reroute Executed", "description": "PI-GNN offline reroute manoeuvre complete \u2014 truck on safe path", "begin_time": "2026-07-15T09:05:00+00:00", "end_time": "2026-07-15T09:07:00+00:00", "hazard_coefficient": 0.0056, "hazard_class": "SAFE", "is_critical": false, "route_type": "PI-GNN_REROUTE"}}, {"type": "Feature", "geometry": {"type": "LineString", "coordinates": [[76.340271, 10.261324], [76.340959, 10.262243]]}, "properties": {"segment_id": "REROUTE-SEG-140", "scenario_stage": 5, "stage_label": "Reroute Executed", "description": "PI-GNN offline reroute manoeuvre complete \u2014 truck on safe path", "begin_time": "2026-07-15T09:05:00+00:00", "end_time": "2026-07-15T09:07:00+00:00", "hazard_coefficient": 0.0056, "hazard_class": "SAFE", "is_critical": false, "route_type": "PI-GNN_REROUTE"}}, {"type": "Feature", "geometry": {"type": "LineString", "coordinates": [[76.340959, 10.262243], [76.341153, 10.262501]]}, "properties": {"segment_id": "REROUTE-SEG-141", "scenario_stage": 5, "stage_label": "Reroute Executed", "description": "PI-GNN offline reroute manoeuvre complete \u2014 truck on safe path", "begin_time": "2026-07-15T09:05:00+00:00", "end_time": "2026-07-15T09:07:00+00:00", "hazard_coefficient": 0.0056, "hazard_class": "SAFE", "is_critical": false, "route_type": "PI-GNN_REROUTE"}}, {"type": "Feature", "geometry": {"type": "LineString", "coordinates": [[76.341153, 10.262501], [76.341623, 10.262971]]}, "properties": {"segment_id": "REROUTE-SEG-142", "scenario_stage": 5, "stage_label": "Reroute Executed", "description": "PI-GNN offline reroute manoeuvre complete \u2014 truck on safe path", "begin_time": "2026-07-15T09:05:00+00:00", "end_time": "2026-07-15T09:07:00+00:00", "hazard_coefficient": 0.0056, "hazard_class": "SAFE", "is_critical": false, "route_type": "PI-GNN_REROUTE"}}, {"type": "Feature", "geometry": {"type": "LineString", "coordinates": [[76.341623, 10.262971], [76.342081, 10.263341]]}, "properties": {"segment_id": "REROUTE-SEG-143", "scenario_stage": 5, "stage_label": "Reroute Executed", "description": "PI-GNN offline reroute manoeuvre complete \u2014 truck on safe path", "begin_time": "2026-07-15T09:05:00+00:00", "end_time": "2026-07-15T09:07:00+00:00", "hazard_coefficient": 0.0056, "hazard_class": "SAFE", "is_critical": false, "route_type": "PI-GNN_REROUTE"}}, {"type": "Feature", "geometry": {"type": "LineString", "coordinates": [[76.342081, 10.263341], [76.342151, 10.263384]]}, "properties": {"segment_id": "REROUTE-SEG-144", "scenario_stage": 5, "stage_label": "Reroute Executed", "description": "PI-GNN offline reroute manoeuvre complete \u2014 truck on safe path", "begin_time": "2026-07-15T09:05:00+00:00", "end_time": "2026-07-15T09:07:00+00:00", "hazard_coefficient": 0.0056, "hazard_class": "SAFE", "is_critical": false, "route_type": "PI-GNN_REROUTE"}}, {"type": "Feature", "geometry": {"type": "LineString", "coordinates": [[76.342151, 10.263384], [76.342588, 10.263654]]}, "properties": {"segment_id": "REROUTE-SEG-145", "scenario_stage": 5, "stage_label": "Reroute Executed", "description": "PI-GNN offline reroute manoeuvre complete \u2014 truck on safe path", "begin_time": "2026-07-15T09:05:00+00:00", "end_time": "2026-07-15T09:07:00+00:00", "hazard_coefficient": 0.0056, "hazard_class": "SAFE", "is_critical": false, "route_type": "PI-GNN_REROUTE"}}, {"type": "Feature", "geometry": {"type": "LineString", "coordinates": [[76.342588, 10.263654], [76.342604, 10.263652]]}, "properties": {"segment_id": "REROUTE-SEG-146", "scenario_stage": 5, "stage_label": "Reroute Executed", "description": "PI-GNN offline reroute manoeuvre complete \u2014 truck on safe path", "begin_time": "2026-07-15T09:05:00+00:00", "end_time": "2026-07-15T09:07:00+00:00", "hazard_coefficient": 0.0056, "hazard_class": "SAFE", "is_critical": false, "route_type": "PI-GNN_REROUTE"}}, {"type": "Feature", "geometry": {"type": "LineString", "coordinates": [[76.342604, 10.263652], [76.343522, 10.263557]]}, "properties": {"segment_id": "REROUTE-SEG-147", "scenario_stage": 5, "stage_label": "Reroute Executed", "description": "PI-GNN offline reroute manoeuvre complete \u2014 truck on safe path", "begin_time": "2026-07-15T09:05:00+00:00", "end_time": "2026-07-15T09:07:00+00:00", "hazard_coefficient": 0.0056, "hazard_class": "SAFE", "is_critical": false, "route_type": "PI-GNN_REROUTE"}}, {"type": "Feature", "geometry": {"type": "LineString", "coordinates": [[76.343522, 10.263557], [76.343877, 10.26359]]}, "properties": {"segment_id": "REROUTE-SEG-148", "scenario_stage": 5, "stage_label": "Reroute Executed", "description": "PI-GNN offline reroute manoeuvre complete \u2014 truck on safe path", "begin_time": "2026-07-15T09:05:00+00:00", "end_time": "2026-07-15T09:07:00+00:00", "hazard_coefficient": 0.0056, "hazard_class": "SAFE", "is_critical": false, "route_type": "PI-GNN_REROUTE"}}, {"type": "Feature", "geometry": {"type": "LineString", "coordinates": [[76.343877, 10.26359], [76.344379, 10.263636]]}, "properties": {"segment_id": "REROUTE-SEG-149", "scenario_stage": 5, "stage_label": "Reroute Executed", "description": "PI-GNN offline reroute manoeuvre complete \u2014 truck on safe path", "begin_time": "2026-07-15T09:05:00+00:00", "end_time": "2026-07-15T09:07:00+00:00", "hazard_coefficient": 0.0056, "hazard_class": "SAFE", "is_critical": false, "route_type": "PI-GNN_REROUTE"}}, {"type": "Feature", "geometry": {"type": "LineString", "coordinates": [[76.344379, 10.263636], [76.344748, 10.263669]]}, "properties": {"segment_id": "REROUTE-SEG-150", "scenario_stage": 5, "stage_label": "Reroute Executed", "description": "PI-GNN offline reroute manoeuvre complete \u2014 truck on safe path", "begin_time": "2026-07-15T09:05:00+00:00", "end_time": "2026-07-15T09:07:00+00:00", "hazard_coefficient": 0.0056, "hazard_class": "SAFE", "is_critical": false, "route_type": "PI-GNN_REROUTE"}}, {"type": "Feature", "geometry": {"type": "LineString", "coordinates": [[76.344748, 10.263669], [76.345188, 10.263707]]}, "properties": {"segment_id": "REROUTE-SEG-151", "scenario_stage": 5, "stage_label": "Reroute Executed", "description": "PI-GNN offline reroute manoeuvre complete \u2014 truck on safe path", "begin_time": "2026-07-15T09:05:00+00:00", "end_time": "2026-07-15T09:07:00+00:00", "hazard_coefficient": 0.0056, "hazard_class": "SAFE", "is_critical": false, "route_type": "PI-GNN_REROUTE"}}, {"type": "Feature", "geometry": {"type": "LineString", "coordinates": [[76.345188, 10.263707], [76.345809, 10.263762]]}, "properties": {"segment_id": "REROUTE-SEG-152", "scenario_stage": 5, "stage_label": "Reroute Executed", "description": "PI-GNN offline reroute manoeuvre complete \u2014 truck on safe path", "begin_time": "2026-07-15T09:05:00+00:00", "end_time": "2026-07-15T09:07:00+00:00", "hazard_coefficient": 0.0056, "hazard_class": "SAFE", "is_critical": false, "route_type": "PI-GNN_REROUTE"}}, {"type": "Feature", "geometry": {"type": "LineString", "coordinates": [[76.345809, 10.263762], [76.346268, 10.263818]]}, "properties": {"segment_id": "REROUTE-SEG-153", "scenario_stage": 5, "stage_label": "Reroute Executed", "description": "PI-GNN offline reroute manoeuvre complete \u2014 truck on safe path", "begin_time": "2026-07-15T09:05:00+00:00", "end_time": "2026-07-15T09:07:00+00:00", "hazard_coefficient": 0.0056, "hazard_class": "SAFE", "is_critical": false, "route_type": "PI-GNN_REROUTE"}}, {"type": "Feature", "geometry": {"type": "LineString", "coordinates": [[76.346268, 10.263818], [76.346436, 10.26387]]}, "properties": {"segment_id": "REROUTE-SEG-154", "scenario_stage": 5, "stage_label": "Reroute Executed", "description": "PI-GNN offline reroute manoeuvre complete \u2014 truck on safe path", "begin_time": "2026-07-15T09:05:00+00:00", "end_time": "2026-07-15T09:07:00+00:00", "hazard_coefficient": 0.0056, "hazard_class": "SAFE", "is_critical": false, "route_type": "PI-GNN_REROUTE"}}, {"type": "Feature", "geometry": {"type": "LineString", "coordinates": [[76.346436, 10.26387], [76.346848, 10.2641]]}, "properties": {"segment_id": "REROUTE-SEG-155", "scenario_stage": 5, "stage_label": "Reroute Executed", "description": "PI-GNN offline reroute manoeuvre complete \u2014 truck on safe path", "begin_time": "2026-07-15T09:05:00+00:00", "end_time": "2026-07-15T09:07:00+00:00", "hazard_coefficient": 0.0056, "hazard_class": "SAFE", "is_critical": false, "route_type": "PI-GNN_REROUTE"}}, {"type": "Feature", "geometry": {"type": "LineString", "coordinates": [[76.346848, 10.2641], [76.347206, 10.264194]]}, "properties": {"segment_id": "REROUTE-SEG-156", "scenario_stage": 5, "stage_label": "Reroute Executed", "description": "PI-GNN offline reroute manoeuvre complete \u2014 truck on safe path", "begin_time": "2026-07-15T09:05:00+00:00", "end_time": "2026-07-15T09:07:00+00:00", "hazard_coefficient": 0.0056, "hazard_class": "SAFE", "is_critical": false, "route_type": "PI-GNN_REROUTE"}}, {"type": "Feature", "geometry": {"type": "LineString", "coordinates": [[76.347206, 10.264194], [76.34728, 10.264258]]}, "properties": {"segment_id": "REROUTE-SEG-157", "scenario_stage": 5, "stage_label": "Reroute Executed", "description": "PI-GNN offline reroute manoeuvre complete \u2014 truck on safe path", "begin_time": "2026-07-15T09:05:00+00:00", "end_time": "2026-07-15T09:07:00+00:00", "hazard_coefficient": 0.0056, "hazard_class": "SAFE", "is_critical": false, "route_type": "PI-GNN_REROUTE"}}, {"type": "Feature", "geometry": {"type": "LineString", "coordinates": [[76.34728, 10.264258], [76.347297, 10.264355]]}, "properties": {"segment_id": "REROUTE-SEG-158", "scenario_stage": 5, "stage_label": "Reroute Executed", "description": "PI-GNN offline reroute manoeuvre complete \u2014 truck on safe path", "begin_time": "2026-07-15T09:05:00+00:00", "end_time": "2026-07-15T09:07:00+00:00", "hazard_coefficient": 0.0056, "hazard_class": "SAFE", "is_critical": false, "route_type": "PI-GNN_REROUTE"}}, {"type": "Feature", "geometry": {"type": "LineString", "coordinates": [[76.347297, 10.264355], [76.347251, 10.264909]]}, "properties": {"segment_id": "REROUTE-SEG-159", "scenario_stage": 5, "stage_label": "Reroute Executed", "description": "PI-GNN offline reroute manoeuvre complete \u2014 truck on safe path", "begin_time": "2026-07-15T09:05:00+00:00", "end_time": "2026-07-15T09:07:00+00:00", "hazard_coefficient": 0.0056, "hazard_class": "SAFE", "is_critical": false, "route_type": "PI-GNN_REROUTE"}}, {"type": "Feature", "geometry": {"type": "LineString", "coordinates": [[76.347251, 10.264909], [76.347265, 10.265026]]}, "properties": {"segment_id": "REROUTE-SEG-160", "scenario_stage": 5, "stage_label": "Reroute Executed", "description": "PI-GNN offline reroute manoeuvre complete \u2014 truck on safe path", "begin_time": "2026-07-15T09:05:00+00:00", "end_time": "2026-07-15T09:07:00+00:00", "hazard_coefficient": 0.0056, "hazard_class": "SAFE", "is_critical": false, "route_type": "PI-GNN_REROUTE"}}, {"type": "Feature", "geometry": {"type": "LineString", "coordinates": [[76.347265, 10.265026], [76.347272, 10.265083]]}, "properties": {"segment_id": "REROUTE-SEG-161", "scenario_stage": 5, "stage_label": "Reroute Executed", "description": "PI-GNN offline reroute manoeuvre complete \u2014 truck on safe path", "begin_time": "2026-07-15T09:05:00+00:00", "end_time": "2026-07-15T09:07:00+00:00", "hazard_coefficient": 0.0056, "hazard_class": "SAFE", "is_critical": false, "route_type": "PI-GNN_REROUTE"}}, {"type": "Feature", "geometry": {"type": "LineString", "coordinates": [[76.347272, 10.265083], [76.3473, 10.265129]]}, "properties": {"segment_id": "REROUTE-SEG-162", "scenario_stage": 5, "stage_label": "Reroute Executed", "description": "PI-GNN offline reroute manoeuvre complete \u2014 truck on safe path", "begin_time": "2026-07-15T09:05:00+00:00", "end_time": "2026-07-15T09:07:00+00:00", "hazard_coefficient": 0.0056, "hazard_class": "SAFE", "is_critical": false, "route_type": "PI-GNN_REROUTE"}}, {"type": "Feature", "geometry": {"type": "LineString", "coordinates": [[76.3473, 10.265129], [76.34735, 10.265157]]}, "properties": {"segment_id": "REROUTE-SEG-163", "scenario_stage": 5, "stage_label": "Reroute Executed", "description": "PI-GNN offline reroute manoeuvre complete \u2014 truck on safe path", "begin_time": "2026-07-15T09:05:00+00:00", "end_time": "2026-07-15T09:07:00+00:00", "hazard_coefficient": 0.0056, "hazard_class": "SAFE", "is_critical": false, "route_type": "PI-GNN_REROUTE"}}, {"type": "Feature", "geometry": {"type": "LineString", "coordinates": [[76.34735, 10.265157], [76.347409, 10.265165]]}, "properties": {"segment_id": "REROUTE-SEG-164", "scenario_stage": 5, "stage_label": "Reroute Executed", "description": "PI-GNN offline reroute manoeuvre complete \u2014 truck on safe path", "begin_time": "2026-07-15T09:05:00+00:00", "end_time": "2026-07-15T09:07:00+00:00", "hazard_coefficient": 0.0056, "hazard_class": "SAFE", "is_critical": false, "route_type": "PI-GNN_REROUTE"}}, {"type": "Feature", "geometry": {"type": "LineString", "coordinates": [[76.347409, 10.265165], [76.34783, 10.265129]]}, "properties": {"segment_id": "REROUTE-SEG-165", "scenario_stage": 5, "stage_label": "Reroute Executed", "description": "PI-GNN offline reroute manoeuvre complete \u2014 truck on safe path", "begin_time": "2026-07-15T09:05:00+00:00", "end_time": "2026-07-15T09:07:00+00:00", "hazard_coefficient": 0.0056, "hazard_class": "SAFE", "is_critical": false, "route_type": "PI-GNN_REROUTE"}}, {"type": "Feature", "geometry": {"type": "LineString", "coordinates": [[76.34783, 10.265129], [76.348226, 10.265034]]}, "properties": {"segment_id": "REROUTE-SEG-166", "scenario_stage": 5, "stage_label": "Reroute Executed", "description": "PI-GNN offline reroute manoeuvre complete \u2014 truck on safe path", "begin_time": "2026-07-15T09:05:00+00:00", "end_time": "2026-07-15T09:07:00+00:00", "hazard_coefficient": 0.0056, "hazard_class": "SAFE", "is_critical": false, "route_type": "PI-GNN_REROUTE"}}, {"type": "Feature", "geometry": {"type": "LineString", "coordinates": [[76.348226, 10.265034], [76.348607, 10.264936]]}, "properties": {"segment_id": "REROUTE-SEG-167", "scenario_stage": 5, "stage_label": "Reroute Executed", "description": "PI-GNN offline reroute manoeuvre complete \u2014 truck on safe path", "begin_time": "2026-07-15T09:05:00+00:00", "end_time": "2026-07-15T09:07:00+00:00", "hazard_coefficient": 0.0056, "hazard_class": "SAFE", "is_critical": false, "route_type": "PI-GNN_REROUTE"}}, {"type": "Feature", "geometry": {"type": "LineString", "coordinates": [[76.348607, 10.264936], [76.348703, 10.264959]]}, "properties": {"segment_id": "REROUTE-SEG-168", "scenario_stage": 5, "stage_label": "Reroute Executed", "description": "PI-GNN offline reroute manoeuvre complete \u2014 truck on safe path", "begin_time": "2026-07-15T09:05:00+00:00", "end_time": "2026-07-15T09:07:00+00:00", "hazard_coefficient": 0.0056, "hazard_class": "SAFE", "is_critical": false, "route_type": "PI-GNN_REROUTE"}}, {"type": "Feature", "geometry": {"type": "LineString", "coordinates": [[76.348703, 10.264959], [76.348824, 10.264987]]}, "properties": {"segment_id": "REROUTE-SEG-169", "scenario_stage": 5, "stage_label": "Reroute Executed", "description": "PI-GNN offline reroute manoeuvre complete \u2014 truck on safe path", "begin_time": "2026-07-15T09:05:00+00:00", "end_time": "2026-07-15T09:07:00+00:00", "hazard_coefficient": 0.0056, "hazard_class": "SAFE", "is_critical": false, "route_type": "PI-GNN_REROUTE"}}, {"type": "Feature", "geometry": {"type": "LineString", "coordinates": [[76.348824, 10.264987], [76.349058, 10.265098]]}, "properties": {"segment_id": "REROUTE-SEG-170", "scenario_stage": 5, "stage_label": "Reroute Executed", "description": "PI-GNN offline reroute manoeuvre complete \u2014 truck on safe path", "begin_time": "2026-07-15T09:05:00+00:00", "end_time": "2026-07-15T09:07:00+00:00", "hazard_coefficient": 0.0056, "hazard_class": "SAFE", "is_critical": false, "route_type": "PI-GNN_REROUTE"}}, {"type": "Feature", "geometry": {"type": "LineString", "coordinates": [[76.349058, 10.265098], [76.349143, 10.265155]]}, "properties": {"segment_id": "REROUTE-SEG-171", "scenario_stage": 5, "stage_label": "Reroute Executed", "description": "PI-GNN offline reroute manoeuvre complete \u2014 truck on safe path", "begin_time": "2026-07-15T09:05:00+00:00", "end_time": "2026-07-15T09:07:00+00:00", "hazard_coefficient": 0.0056, "hazard_class": "SAFE", "is_critical": false, "route_type": "PI-GNN_REROUTE"}}, {"type": "Feature", "geometry": {"type": "LineString", "coordinates": [[76.349143, 10.265155], [76.349211, 10.265221]]}, "properties": {"segment_id": "REROUTE-SEG-172", "scenario_stage": 5, "stage_label": "Reroute Executed", "description": "PI-GNN offline reroute manoeuvre complete \u2014 truck on safe path", "begin_time": "2026-07-15T09:05:00+00:00", "end_time": "2026-07-15T09:07:00+00:00", "hazard_coefficient": 0.0056, "hazard_class": "SAFE", "is_critical": false, "route_type": "PI-GNN_REROUTE"}}, {"type": "Feature", "geometry": {"type": "LineString", "coordinates": [[76.349211, 10.265221], [76.349337, 10.265369]]}, "properties": {"segment_id": "REROUTE-SEG-173", "scenario_stage": 5, "stage_label": "Reroute Executed", "description": "PI-GNN offline reroute manoeuvre complete \u2014 truck on safe path", "begin_time": "2026-07-15T09:05:00+00:00", "end_time": "2026-07-15T09:07:00+00:00", "hazard_coefficient": 0.0056, "hazard_class": "SAFE", "is_critical": false, "route_type": "PI-GNN_REROUTE"}}, {"type": "Feature", "geometry": {"type": "LineString", "coordinates": [[76.349337, 10.265369], [76.349451, 10.265602]]}, "properties": {"segment_id": "REROUTE-SEG-174", "scenario_stage": 5, "stage_label": "Reroute Executed", "description": "PI-GNN offline reroute manoeuvre complete \u2014 truck on safe path", "begin_time": "2026-07-15T09:05:00+00:00", "end_time": "2026-07-15T09:07:00+00:00", "hazard_coefficient": 0.0056, "hazard_class": "SAFE", "is_critical": false, "route_type": "PI-GNN_REROUTE"}}, {"type": "Feature", "geometry": {"type": "LineString", "coordinates": [[76.349451, 10.265602], [76.349513, 10.265807]]}, "properties": {"segment_id": "REROUTE-SEG-175", "scenario_stage": 5, "stage_label": "Reroute Executed", "description": "PI-GNN offline reroute manoeuvre complete \u2014 truck on safe path", "begin_time": "2026-07-15T09:05:00+00:00", "end_time": "2026-07-15T09:07:00+00:00", "hazard_coefficient": 0.0056, "hazard_class": "SAFE", "is_critical": false, "route_type": "PI-GNN_REROUTE"}}, {"type": "Feature", "geometry": {"type": "LineString", "coordinates": [[76.349513, 10.265807], [76.349608, 10.266551]]}, "properties": {"segment_id": "REROUTE-SEG-176", "scenario_stage": 5, "stage_label": "Reroute Executed", "description": "PI-GNN offline reroute manoeuvre complete \u2014 truck on safe path", "begin_time": "2026-07-15T09:05:00+00:00", "end_time": "2026-07-15T09:07:00+00:00", "hazard_coefficient": 0.0056, "hazard_class": "SAFE", "is_critical": false, "route_type": "PI-GNN_REROUTE"}}, {"type": "Feature", "geometry": {"type": "LineString", "coordinates": [[76.349608, 10.266551], [76.349625, 10.26678]]}, "properties": {"segment_id": "REROUTE-SEG-177", "scenario_stage": 5, "stage_label": "Reroute Executed", "description": "PI-GNN offline reroute manoeuvre complete \u2014 truck on safe path", "begin_time": "2026-07-15T09:05:00+00:00", "end_time": "2026-07-15T09:07:00+00:00", "hazard_coefficient": 0.0056, "hazard_class": "SAFE", "is_critical": false, "route_type": "PI-GNN_REROUTE"}}, {"type": "Feature", "geometry": {"type": "LineString", "coordinates": [[76.349625, 10.26678], [76.34966, 10.26718]]}, "properties": {"segment_id": "REROUTE-SEG-178", "scenario_stage": 5, "stage_label": "Reroute Executed", "description": "PI-GNN offline reroute manoeuvre complete \u2014 truck on safe path", "begin_time": "2026-07-15T09:05:00+00:00", "end_time": "2026-07-15T09:07:00+00:00", "hazard_coefficient": 0.0056, "hazard_class": "SAFE", "is_critical": false, "route_type": "PI-GNN_REROUTE"}}, {"type": "Feature", "geometry": {"type": "LineString", "coordinates": [[76.34966, 10.26718], [76.349648, 10.267383]]}, "properties": {"segment_id": "REROUTE-SEG-179", "scenario_stage": 5, "stage_label": "Reroute Executed", "description": "PI-GNN offline reroute manoeuvre complete \u2014 truck on safe path", "begin_time": "2026-07-15T09:05:00+00:00", "end_time": "2026-07-15T09:07:00+00:00", "hazard_coefficient": 0.0056, "hazard_class": "SAFE", "is_critical": false, "route_type": "PI-GNN_REROUTE"}}, {"type": "Feature", "geometry": {"type": "LineString", "coordinates": [[76.349648, 10.267383], [76.349569, 10.267554]]}, "properties": {"segment_id": "REROUTE-SEG-180", "scenario_stage": 5, "stage_label": "Reroute Executed", "description": "PI-GNN offline reroute manoeuvre complete \u2014 truck on safe path", "begin_time": "2026-07-15T09:05:00+00:00", "end_time": "2026-07-15T09:07:00+00:00", "hazard_coefficient": 0.0056, "hazard_class": "SAFE", "is_critical": false, "route_type": "PI-GNN_REROUTE"}}, {"type": "Feature", "geometry": {"type": "LineString", "coordinates": [[76.349569, 10.267554], [76.349301, 10.267899]]}, "properties": {"segment_id": "REROUTE-SEG-181", "scenario_stage": 5, "stage_label": "Reroute Executed", "description": "PI-GNN offline reroute manoeuvre complete \u2014 truck on safe path", "begin_time": "2026-07-15T09:05:00+00:00", "end_time": "2026-07-15T09:07:00+00:00", "hazard_coefficient": 0.0056, "hazard_class": "SAFE", "is_critical": false, "route_type": "PI-GNN_REROUTE"}}, {"type": "Feature", "geometry": {"type": "LineString", "coordinates": [[76.349301, 10.267899], [76.349273, 10.26794]]}, "properties": {"segment_id": "REROUTE-SEG-182", "scenario_stage": 5, "stage_label": "Reroute Executed", "description": "PI-GNN offline reroute manoeuvre complete \u2014 truck on safe path", "begin_time": "2026-07-15T09:05:00+00:00", "end_time": "2026-07-15T09:07:00+00:00", "hazard_coefficient": 0.0056, "hazard_class": "SAFE", "is_critical": false, "route_type": "PI-GNN_REROUTE"}}, {"type": "Feature", "geometry": {"type": "LineString", "coordinates": [[76.349273, 10.26794], [76.349244, 10.267972]]}, "properties": {"segment_id": "REROUTE-SEG-183", "scenario_stage": 5, "stage_label": "Reroute Executed", "description": "PI-GNN offline reroute manoeuvre complete \u2014 truck on safe path", "begin_time": "2026-07-15T09:05:00+00:00", "end_time": "2026-07-15T09:07:00+00:00", "hazard_coefficient": 0.0056, "hazard_class": "SAFE", "is_critical": false, "route_type": "PI-GNN_REROUTE"}}, {"type": "Feature", "geometry": {"type": "LineString", "coordinates": [[76.349244, 10.267972], [76.349222, 10.267997]]}, "properties": {"segment_id": "REROUTE-SEG-184", "scenario_stage": 5, "stage_label": "Reroute Executed", "description": "PI-GNN offline reroute manoeuvre complete \u2014 truck on safe path", "begin_time": "2026-07-15T09:05:00+00:00", "end_time": "2026-07-15T09:07:00+00:00", "hazard_coefficient": 0.0056, "hazard_class": "SAFE", "is_critical": false, "route_type": "PI-GNN_REROUTE"}}, {"type": "Feature", "geometry": {"type": "LineString", "coordinates": [[76.349222, 10.267997], [76.349206, 10.268025]]}, "properties": {"segment_id": "REROUTE-SEG-185", "scenario_stage": 5, "stage_label": "Reroute Executed", "description": "PI-GNN offline reroute manoeuvre complete \u2014 truck on safe path", "begin_time": "2026-07-15T09:05:00+00:00", "end_time": "2026-07-15T09:07:00+00:00", "hazard_coefficient": 0.0056, "hazard_class": "SAFE", "is_critical": false, "route_type": "PI-GNN_REROUTE"}}, {"type": "Feature", "geometry": {"type": "LineString", "coordinates": [[76.349206, 10.268025], [76.349191, 10.26806]]}, "properties": {"segment_id": "REROUTE-SEG-186", "scenario_stage": 5, "stage_label": "Reroute Executed", "description": "PI-GNN offline reroute manoeuvre complete \u2014 truck on safe path", "begin_time": "2026-07-15T09:05:00+00:00", "end_time": "2026-07-15T09:07:00+00:00", "hazard_coefficient": 0.0056, "hazard_class": "SAFE", "is_critical": false, "route_type": "PI-GNN_REROUTE"}}, {"type": "Feature", "geometry": {"type": "LineString", "coordinates": [[76.349191, 10.26806], [76.349169, 10.26816]]}, "properties": {"segment_id": "REROUTE-SEG-187", "scenario_stage": 5, "stage_label": "Reroute Executed", "description": "PI-GNN offline reroute manoeuvre complete \u2014 truck on safe path", "begin_time": "2026-07-15T09:05:00+00:00", "end_time": "2026-07-15T09:07:00+00:00", "hazard_coefficient": 0.0056, "hazard_class": "SAFE", "is_critical": false, "route_type": "PI-GNN_REROUTE"}}, {"type": "Feature", "geometry": {"type": "LineString", "coordinates": [[76.349169, 10.26816], [76.349158, 10.268251]]}, "properties": {"segment_id": "REROUTE-SEG-188", "scenario_stage": 5, "stage_label": "Reroute Executed", "description": "PI-GNN offline reroute manoeuvre complete \u2014 truck on safe path", "begin_time": "2026-07-15T09:05:00+00:00", "end_time": "2026-07-15T09:07:00+00:00", "hazard_coefficient": 0.0056, "hazard_class": "SAFE", "is_critical": false, "route_type": "PI-GNN_REROUTE"}}, {"type": "Feature", "geometry": {"type": "LineString", "coordinates": [[76.349158, 10.268251], [76.349154, 10.268329]]}, "properties": {"segment_id": "REROUTE-SEG-189", "scenario_stage": 5, "stage_label": "Reroute Executed", "description": "PI-GNN offline reroute manoeuvre complete \u2014 truck on safe path", "begin_time": "2026-07-15T09:05:00+00:00", "end_time": "2026-07-15T09:07:00+00:00", "hazard_coefficient": 0.0056, "hazard_class": "SAFE", "is_critical": false, "route_type": "PI-GNN_REROUTE"}}, {"type": "Feature", "geometry": {"type": "LineString", "coordinates": [[76.349154, 10.268329], [76.349128, 10.26836]]}, "properties": {"segment_id": "REROUTE-SEG-190", "scenario_stage": 5, "stage_label": "Reroute Executed", "description": "PI-GNN offline reroute manoeuvre complete \u2014 truck on safe path", "begin_time": "2026-07-15T09:05:00+00:00", "end_time": "2026-07-15T09:07:00+00:00", "hazard_coefficient": 0.0056, "hazard_class": "SAFE", "is_critical": false, "route_type": "PI-GNN_REROUTE"}}, {"type": "Feature", "geometry": {"type": "LineString", "coordinates": [[76.349128, 10.26836], [76.34882, 10.268817]]}, "properties": {"segment_id": "REROUTE-SEG-191", "scenario_stage": 5, "stage_label": "Reroute Executed", "description": "PI-GNN offline reroute manoeuvre complete \u2014 truck on safe path", "begin_time": "2026-07-15T09:05:00+00:00", "end_time": "2026-07-15T09:07:00+00:00", "hazard_coefficient": 0.0056, "hazard_class": "SAFE", "is_critical": false, "route_type": "PI-GNN_REROUTE"}}, {"type": "Feature", "geometry": {"type": "LineString", "coordinates": [[76.34882, 10.268817], [76.348597, 10.269145]]}, "properties": {"segment_id": "REROUTE-SEG-192", "scenario_stage": 5, "stage_label": "Reroute Executed", "description": "PI-GNN offline reroute manoeuvre complete \u2014 truck on safe path", "begin_time": "2026-07-15T09:05:00+00:00", "end_time": "2026-07-15T09:07:00+00:00", "hazard_coefficient": 0.0056, "hazard_class": "SAFE", "is_critical": false, "route_type": "PI-GNN_REROUTE"}}, {"type": "Feature", "geometry": {"type": "LineString", "coordinates": [[76.348597, 10.269145], [76.34823, 10.26999]]}, "properties": {"segment_id": "REROUTE-SEG-193", "scenario_stage": 5, "stage_label": "Reroute Executed", "description": "PI-GNN offline reroute manoeuvre complete \u2014 truck on safe path", "begin_time": "2026-07-15T09:05:00+00:00", "end_time": "2026-07-15T09:07:00+00:00", "hazard_coefficient": 0.0056, "hazard_class": "SAFE", "is_critical": false, "route_type": "PI-GNN_REROUTE"}}, {"type": "Feature", "geometry": {"type": "LineString", "coordinates": [[76.34823, 10.26999], [76.347983, 10.270611]]}, "properties": {"segment_id": "REROUTE-SEG-194", "scenario_stage": 5, "stage_label": "Reroute Executed", "description": "PI-GNN offline reroute manoeuvre complete \u2014 truck on safe path", "begin_time": "2026-07-15T09:05:00+00:00", "end_time": "2026-07-15T09:07:00+00:00", "hazard_coefficient": 0.0056, "hazard_class": "SAFE", "is_critical": false, "route_type": "PI-GNN_REROUTE"}}, {"type": "Feature", "geometry": {"type": "LineString", "coordinates": [[76.347983, 10.270611], [76.347983, 10.270611]]}, "properties": {"segment_id": "REROUTE-SEG-195", "scenario_stage": 5, "stage_label": "Reroute Executed", "description": "PI-GNN offline reroute manoeuvre complete \u2014 truck on safe path", "begin_time": "2026-07-15T09:05:00+00:00", "end_time": "2026-07-15T09:07:00+00:00", "hazard_coefficient": 0.0056, "hazard_class": "SAFE", "is_critical": false, "route_type": "PI-GNN_REROUTE"}}, {"type": "Feature", "geometry": {"type": "LineString", "coordinates": [[76.347983, 10.270611], [76.347653, 10.271432]]}, "properties": {"segment_id": "REROUTE-SEG-196", "scenario_stage": 5, "stage_label": "Reroute Executed", "description": "PI-GNN offline reroute manoeuvre complete \u2014 truck on safe path", "begin_time": "2026-07-15T09:05:00+00:00", "end_time": "2026-07-15T09:07:00+00:00", "hazard_coefficient": 0.0056, "hazard_class": "SAFE", "is_critical": false, "route_type": "PI-GNN_REROUTE"}}, {"type": "Feature", "geometry": {"type": "LineString", "coordinates": [[76.347653, 10.271432], [76.347699, 10.271471]]}, "properties": {"segment_id": "REROUTE-SEG-197", "scenario_stage": 5, "stage_label": "Reroute Executed", "description": "PI-GNN offline reroute manoeuvre complete \u2014 truck on safe path", "begin_time": "2026-07-15T09:05:00+00:00", "end_time": "2026-07-15T09:07:00+00:00", "hazard_coefficient": 0.0056, "hazard_class": "SAFE", "is_critical": false, "route_type": "PI-GNN_REROUTE"}}, {"type": "Feature", "geometry": {"type": "LineString", "coordinates": [[76.347699, 10.271471], [76.34769, 10.271494]]}, "properties": {"segment_id": "REROUTE-SEG-198", "scenario_stage": 5, "stage_label": "Reroute Executed", "description": "PI-GNN offline reroute manoeuvre complete \u2014 truck on safe path", "begin_time": "2026-07-15T09:05:00+00:00", "end_time": "2026-07-15T09:07:00+00:00", "hazard_coefficient": 0.0056, "hazard_class": "SAFE", "is_critical": false, "route_type": "PI-GNN_REROUTE"}}, {"type": "Feature", "geometry": {"type": "LineString", "coordinates": [[76.34769, 10.271494], [76.347676, 10.271527]]}, "properties": {"segment_id": "REROUTE-SEG-199", "scenario_stage": 5, "stage_label": "Reroute Executed", "description": "PI-GNN offline reroute manoeuvre complete \u2014 truck on safe path", "begin_time": "2026-07-15T09:05:00+00:00", "end_time": "2026-07-15T09:07:00+00:00", "hazard_coefficient": 0.0056, "hazard_class": "SAFE", "is_critical": false, "route_type": "PI-GNN_REROUTE"}}, {"type": "Feature", "geometry": {"type": "LineString", "coordinates": [[76.347676, 10.271527], [76.347667, 10.27155]]}, "properties": {"segment_id": "REROUTE-SEG-200", "scenario_stage": 5, "stage_label": "Reroute Executed", "description": "PI-GNN offline reroute manoeuvre complete \u2014 truck on safe path", "begin_time": "2026-07-15T09:05:00+00:00", "end_time": "2026-07-15T09:07:00+00:00", "hazard_coefficient": 0.0056, "hazard_class": "SAFE", "is_critical": false, "route_type": "PI-GNN_REROUTE"}}, {"type": "Feature", "geometry": {"type": "LineString", "coordinates": [[76.347667, 10.27155], [76.347658, 10.271572]]}, "properties": {"segment_id": "REROUTE-SEG-201", "scenario_stage": 5, "stage_label": "Reroute Executed", "description": "PI-GNN offline reroute manoeuvre complete \u2014 truck on safe path", "begin_time": "2026-07-15T09:05:00+00:00", "end_time": "2026-07-15T09:07:00+00:00", "hazard_coefficient": 0.0056, "hazard_class": "SAFE", "is_critical": false, "route_type": "PI-GNN_REROUTE"}}, {"type": "Feature", "geometry": {"type": "LineString", "coordinates": [[76.347658, 10.271572], [76.347639, 10.271621]]}, "properties": {"segment_id": "REROUTE-SEG-202", "scenario_stage": 5, "stage_label": "Reroute Executed", "description": "PI-GNN offline reroute manoeuvre complete \u2014 truck on safe path", "begin_time": "2026-07-15T09:05:00+00:00", "end_time": "2026-07-15T09:07:00+00:00", "hazard_coefficient": 0.0056, "hazard_class": "SAFE", "is_critical": false, "route_type": "PI-GNN_REROUTE"}}, {"type": "Feature", "geometry": {"type": "LineString", "coordinates": [[76.347639, 10.271621], [76.347628, 10.271647]]}, "properties": {"segment_id": "REROUTE-SEG-203", "scenario_stage": 5, "stage_label": "Reroute Executed", "description": "PI-GNN offline reroute manoeuvre complete \u2014 truck on safe path", "begin_time": "2026-07-15T09:05:00+00:00", "end_time": "2026-07-15T09:07:00+00:00", "hazard_coefficient": 0.0056, "hazard_class": "SAFE", "is_critical": false, "route_type": "PI-GNN_REROUTE"}}, {"type": "Feature", "geometry": {"type": "LineString", "coordinates": [[76.347628, 10.271647], [76.347609, 10.271694]]}, "properties": {"segment_id": "REROUTE-SEG-204", "scenario_stage": 5, "stage_label": "Reroute Executed", "description": "PI-GNN offline reroute manoeuvre complete \u2014 truck on safe path", "begin_time": "2026-07-15T09:05:00+00:00", "end_time": "2026-07-15T09:07:00+00:00", "hazard_coefficient": 0.0056, "hazard_class": "SAFE", "is_critical": false, "route_type": "PI-GNN_REROUTE"}}, {"type": "Feature", "geometry": {"type": "LineString", "coordinates": [[76.347609, 10.271694], [76.347581, 10.271765]]}, "properties": {"segment_id": "REROUTE-SEG-205", "scenario_stage": 5, "stage_label": "Reroute Executed", "description": "PI-GNN offline reroute manoeuvre complete \u2014 truck on safe path", "begin_time": "2026-07-15T09:05:00+00:00", "end_time": "2026-07-15T09:07:00+00:00", "hazard_coefficient": 0.0056, "hazard_class": "SAFE", "is_critical": false, "route_type": "PI-GNN_REROUTE"}}, {"type": "Feature", "geometry": {"type": "LineString", "coordinates": [[76.347581, 10.271765], [76.34756, 10.271817]]}, "properties": {"segment_id": "REROUTE-SEG-206", "scenario_stage": 5, "stage_label": "Reroute Executed", "description": "PI-GNN offline reroute manoeuvre complete \u2014 truck on safe path", "begin_time": "2026-07-15T09:05:00+00:00", "end_time": "2026-07-15T09:07:00+00:00", "hazard_coefficient": 0.0056, "hazard_class": "SAFE", "is_critical": false, "route_type": "PI-GNN_REROUTE"}}, {"type": "Feature", "geometry": {"type": "LineString", "coordinates": [[76.34756, 10.271817], [76.347547, 10.271849]]}, "properties": {"segment_id": "REROUTE-SEG-207", "scenario_stage": 5, "stage_label": "Reroute Executed", "description": "PI-GNN offline reroute manoeuvre complete \u2014 truck on safe path", "begin_time": "2026-07-15T09:05:00+00:00", "end_time": "2026-07-15T09:07:00+00:00", "hazard_coefficient": 0.0056, "hazard_class": "SAFE", "is_critical": false, "route_type": "PI-GNN_REROUTE"}}, {"type": "Feature", "geometry": {"type": "LineString", "coordinates": [[76.347547, 10.271849], [76.347524, 10.271909]]}, "properties": {"segment_id": "REROUTE-SEG-208", "scenario_stage": 5, "stage_label": "Reroute Executed", "description": "PI-GNN offline reroute manoeuvre complete \u2014 truck on safe path", "begin_time": "2026-07-15T09:05:00+00:00", "end_time": "2026-07-15T09:07:00+00:00", "hazard_coefficient": 0.0056, "hazard_class": "SAFE", "is_critical": false, "route_type": "PI-GNN_REROUTE"}}, {"type": "Feature", "geometry": {"type": "LineString", "coordinates": [[76.347524, 10.271909], [76.347498, 10.271979]]}, "properties": {"segment_id": "REROUTE-SEG-209", "scenario_stage": 5, "stage_label": "Reroute Executed", "description": "PI-GNN offline reroute manoeuvre complete \u2014 truck on safe path", "begin_time": "2026-07-15T09:05:00+00:00", "end_time": "2026-07-15T09:07:00+00:00", "hazard_coefficient": 0.0056, "hazard_class": "SAFE", "is_critical": false, "route_type": "PI-GNN_REROUTE"}}, {"type": "Feature", "geometry": {"type": "LineString", "coordinates": [[76.347498, 10.271979], [76.347475, 10.272041]]}, "properties": {"segment_id": "REROUTE-SEG-210", "scenario_stage": 5, "stage_label": "Reroute Executed", "description": "PI-GNN offline reroute manoeuvre complete \u2014 truck on safe path", "begin_time": "2026-07-15T09:05:00+00:00", "end_time": "2026-07-15T09:07:00+00:00", "hazard_coefficient": 0.0056, "hazard_class": "SAFE", "is_critical": false, "route_type": "PI-GNN_REROUTE"}}, {"type": "Feature", "geometry": {"type": "LineString", "coordinates": [[76.347475, 10.272041], [76.347432, 10.272158]]}, "properties": {"segment_id": "REROUTE-SEG-211", "scenario_stage": 5, "stage_label": "Reroute Executed", "description": "PI-GNN offline reroute manoeuvre complete \u2014 truck on safe path", "begin_time": "2026-07-15T09:05:00+00:00", "end_time": "2026-07-15T09:07:00+00:00", "hazard_coefficient": 0.0056, "hazard_class": "SAFE", "is_critical": false, "route_type": "PI-GNN_REROUTE"}}, {"type": "Feature", "geometry": {"type": "LineString", "coordinates": [[76.347432, 10.272158], [76.347402, 10.272239]]}, "properties": {"segment_id": "REROUTE-SEG-212", "scenario_stage": 5, "stage_label": "Reroute Executed", "description": "PI-GNN offline reroute manoeuvre complete \u2014 truck on safe path", "begin_time": "2026-07-15T09:05:00+00:00", "end_time": "2026-07-15T09:07:00+00:00", "hazard_coefficient": 0.0056, "hazard_class": "SAFE", "is_critical": false, "route_type": "PI-GNN_REROUTE"}}, {"type": "Feature", "geometry": {"type": "LineString", "coordinates": [[76.347402, 10.272239], [76.34737, 10.272324]]}, "properties": {"segment_id": "REROUTE-SEG-213", "scenario_stage": 5, "stage_label": "Reroute Executed", "description": "PI-GNN offline reroute manoeuvre complete \u2014 truck on safe path", "begin_time": "2026-07-15T09:05:00+00:00", "end_time": "2026-07-15T09:07:00+00:00", "hazard_coefficient": 0.0056, "hazard_class": "SAFE", "is_critical": false, "route_type": "PI-GNN_REROUTE"}}, {"type": "Feature", "geometry": {"type": "LineString", "coordinates": [[76.34737, 10.272324], [76.347327, 10.272426]]}, "properties": {"segment_id": "REROUTE-SEG-214", "scenario_stage": 5, "stage_label": "Reroute Executed", "description": "PI-GNN offline reroute manoeuvre complete \u2014 truck on safe path", "begin_time": "2026-07-15T09:05:00+00:00", "end_time": "2026-07-15T09:07:00+00:00", "hazard_coefficient": 0.0056, "hazard_class": "SAFE", "is_critical": false, "route_type": "PI-GNN_REROUTE"}}, {"type": "Feature", "geometry": {"type": "LineString", "coordinates": [[76.347327, 10.272426], [76.347297, 10.272497]]}, "properties": {"segment_id": "REROUTE-SEG-215", "scenario_stage": 5, "stage_label": "Reroute Executed", "description": "PI-GNN offline reroute manoeuvre complete \u2014 truck on safe path", "begin_time": "2026-07-15T09:05:00+00:00", "end_time": "2026-07-15T09:07:00+00:00", "hazard_coefficient": 0.0056, "hazard_class": "SAFE", "is_critical": false, "route_type": "PI-GNN_REROUTE"}}, {"type": "Feature", "geometry": {"type": "LineString", "coordinates": [[76.347297, 10.272497], [76.347261, 10.272581]]}, "properties": {"segment_id": "REROUTE-SEG-216", "scenario_stage": 5, "stage_label": "Reroute Executed", "description": "PI-GNN offline reroute manoeuvre complete \u2014 truck on safe path", "begin_time": "2026-07-15T09:05:00+00:00", "end_time": "2026-07-15T09:07:00+00:00", "hazard_coefficient": 0.0056, "hazard_class": "SAFE", "is_critical": false, "route_type": "PI-GNN_REROUTE"}}, {"type": "Feature", "geometry": {"type": "LineString", "coordinates": [[76.347261, 10.272581], [76.347215, 10.272691]]}, "properties": {"segment_id": "REROUTE-SEG-217", "scenario_stage": 5, "stage_label": "Reroute Executed", "description": "PI-GNN offline reroute manoeuvre complete \u2014 truck on safe path", "begin_time": "2026-07-15T09:05:00+00:00", "end_time": "2026-07-15T09:07:00+00:00", "hazard_coefficient": 0.0056, "hazard_class": "SAFE", "is_critical": false, "route_type": "PI-GNN_REROUTE"}}, {"type": "Feature", "geometry": {"type": "LineString", "coordinates": [[76.347215, 10.272691], [76.347148, 10.272847]]}, "properties": {"segment_id": "REROUTE-SEG-218", "scenario_stage": 5, "stage_label": "Reroute Executed", "description": "PI-GNN offline reroute manoeuvre complete \u2014 truck on safe path", "begin_time": "2026-07-15T09:05:00+00:00", "end_time": "2026-07-15T09:07:00+00:00", "hazard_coefficient": 0.0056, "hazard_class": "SAFE", "is_critical": false, "route_type": "PI-GNN_REROUTE"}}, {"type": "Feature", "geometry": {"type": "LineString", "coordinates": [[76.347148, 10.272847], [76.347103, 10.272954]]}, "properties": {"segment_id": "REROUTE-SEG-219", "scenario_stage": 5, "stage_label": "Reroute Executed", "description": "PI-GNN offline reroute manoeuvre complete \u2014 truck on safe path", "begin_time": "2026-07-15T09:05:00+00:00", "end_time": "2026-07-15T09:07:00+00:00", "hazard_coefficient": 0.0056, "hazard_class": "SAFE", "is_critical": false, "route_type": "PI-GNN_REROUTE"}}, {"type": "Feature", "geometry": {"type": "LineString", "coordinates": [[76.347103, 10.272954], [76.347077, 10.273016]]}, "properties": {"segment_id": "REROUTE-SEG-220", "scenario_stage": 5, "stage_label": "Reroute Executed", "description": "PI-GNN offline reroute manoeuvre complete \u2014 truck on safe path", "begin_time": "2026-07-15T09:05:00+00:00", "end_time": "2026-07-15T09:07:00+00:00", "hazard_coefficient": 0.0056, "hazard_class": "SAFE", "is_critical": false, "route_type": "PI-GNN_REROUTE"}}, {"type": "Feature", "geometry": {"type": "LineString", "coordinates": [[76.347077, 10.273016], [76.34694, 10.273285]]}, "properties": {"segment_id": "REROUTE-SEG-221", "scenario_stage": 5, "stage_label": "Reroute Executed", "description": "PI-GNN offline reroute manoeuvre complete \u2014 truck on safe path", "begin_time": "2026-07-15T09:05:00+00:00", "end_time": "2026-07-15T09:07:00+00:00", "hazard_coefficient": 0.0056, "hazard_class": "SAFE", "is_critical": false, "route_type": "PI-GNN_REROUTE"}}, {"type": "Feature", "geometry": {"type": "LineString", "coordinates": [[76.34694, 10.273285], [76.346773, 10.273567]]}, "properties": {"segment_id": "REROUTE-SEG-222", "scenario_stage": 5, "stage_label": "Reroute Executed", "description": "PI-GNN offline reroute manoeuvre complete \u2014 truck on safe path", "begin_time": "2026-07-15T09:05:00+00:00", "end_time": "2026-07-15T09:07:00+00:00", "hazard_coefficient": 0.0056, "hazard_class": "SAFE", "is_critical": false, "route_type": "PI-GNN_REROUTE"}}, {"type": "Feature", "geometry": {"type": "LineString", "coordinates": [[76.346773, 10.273567], [76.346604, 10.273824]]}, "properties": {"segment_id": "REROUTE-SEG-223", "scenario_stage": 5, "stage_label": "Reroute Executed", "description": "PI-GNN offline reroute manoeuvre complete \u2014 truck on safe path", "begin_time": "2026-07-15T09:05:00+00:00", "end_time": "2026-07-15T09:07:00+00:00", "hazard_coefficient": 0.0056, "hazard_class": "SAFE", "is_critical": false, "route_type": "PI-GNN_REROUTE"}}, {"type": "Feature", "geometry": {"type": "LineString", "coordinates": [[76.346604, 10.273824], [76.34642, 10.274067]]}, "properties": {"segment_id": "REROUTE-SEG-224", "scenario_stage": 5, "stage_label": "Reroute Executed", "description": "PI-GNN offline reroute manoeuvre complete \u2014 truck on safe path", "begin_time": "2026-07-15T09:05:00+00:00", "end_time": "2026-07-15T09:07:00+00:00", "hazard_coefficient": 0.0056, "hazard_class": "SAFE", "is_critical": false, "route_type": "PI-GNN_REROUTE"}}, {"type": "Feature", "geometry": {"type": "LineString", "coordinates": [[76.34642, 10.274067], [76.346269, 10.274255]]}, "properties": {"segment_id": "REROUTE-SEG-225", "scenario_stage": 5, "stage_label": "Reroute Executed", "description": "PI-GNN offline reroute manoeuvre complete \u2014 truck on safe path", "begin_time": "2026-07-15T09:05:00+00:00", "end_time": "2026-07-15T09:07:00+00:00", "hazard_coefficient": 0.0056, "hazard_class": "SAFE", "is_critical": false, "route_type": "PI-GNN_REROUTE"}}, {"type": "Feature", "geometry": {"type": "LineString", "coordinates": [[76.346269, 10.274255], [76.345924, 10.274689]]}, "properties": {"segment_id": "REROUTE-SEG-226", "scenario_stage": 5, "stage_label": "Reroute Executed", "description": "PI-GNN offline reroute manoeuvre complete \u2014 truck on safe path", "begin_time": "2026-07-15T09:05:00+00:00", "end_time": "2026-07-15T09:07:00+00:00", "hazard_coefficient": 0.0056, "hazard_class": "SAFE", "is_critical": false, "route_type": "PI-GNN_REROUTE"}}, {"type": "Feature", "geometry": {"type": "LineString", "coordinates": [[76.345924, 10.274689], [76.345687, 10.274984]]}, "properties": {"segment_id": "REROUTE-SEG-227", "scenario_stage": 5, "stage_label": "Reroute Executed", "description": "PI-GNN offline reroute manoeuvre complete \u2014 truck on safe path", "begin_time": "2026-07-15T09:05:00+00:00", "end_time": "2026-07-15T09:07:00+00:00", "hazard_coefficient": 0.0056, "hazard_class": "SAFE", "is_critical": false, "route_type": "PI-GNN_REROUTE"}}, {"type": "Feature", "geometry": {"type": "LineString", "coordinates": [[76.345687, 10.274984], [76.34501, 10.27583]]}, "properties": {"segment_id": "REROUTE-SEG-228", "scenario_stage": 5, "stage_label": "Reroute Executed", "description": "PI-GNN offline reroute manoeuvre complete \u2014 truck on safe path", "begin_time": "2026-07-15T09:05:00+00:00", "end_time": "2026-07-15T09:07:00+00:00", "hazard_coefficient": 0.0056, "hazard_class": "SAFE", "is_critical": false, "route_type": "PI-GNN_REROUTE"}}, {"type": "Feature", "geometry": {"type": "LineString", "coordinates": [[76.34501, 10.27583], [76.344855, 10.276046]]}, "properties": {"segment_id": "REROUTE-SEG-229", "scenario_stage": 5, "stage_label": "Reroute Executed", "description": "PI-GNN offline reroute manoeuvre complete \u2014 truck on safe path", "begin_time": "2026-07-15T09:05:00+00:00", "end_time": "2026-07-15T09:07:00+00:00", "hazard_coefficient": 0.0056, "hazard_class": "SAFE", "is_critical": false, "route_type": "PI-GNN_REROUTE"}}, {"type": "Feature", "geometry": {"type": "LineString", "coordinates": [[76.344855, 10.276046], [76.344679, 10.276304]]}, "properties": {"segment_id": "REROUTE-SEG-230", "scenario_stage": 5, "stage_label": "Reroute Executed", "description": "PI-GNN offline reroute manoeuvre complete \u2014 truck on safe path", "begin_time": "2026-07-15T09:05:00+00:00", "end_time": "2026-07-15T09:07:00+00:00", "hazard_coefficient": 0.0056, "hazard_class": "SAFE", "is_critical": false, "route_type": "PI-GNN_REROUTE"}}, {"type": "Feature", "geometry": {"type": "LineString", "coordinates": [[76.344679, 10.276304], [76.344542, 10.276554]]}, "properties": {"segment_id": "REROUTE-SEG-231", "scenario_stage": 5, "stage_label": "Reroute Executed", "description": "PI-GNN offline reroute manoeuvre complete \u2014 truck on safe path", "begin_time": "2026-07-15T09:05:00+00:00", "end_time": "2026-07-15T09:07:00+00:00", "hazard_coefficient": 0.0056, "hazard_class": "SAFE", "is_critical": false, "route_type": "PI-GNN_REROUTE"}}, {"type": "Feature", "geometry": {"type": "LineString", "coordinates": [[76.344542, 10.276554], [76.344399, 10.276854]]}, "properties": {"segment_id": "REROUTE-SEG-232", "scenario_stage": 5, "stage_label": "Reroute Executed", "description": "PI-GNN offline reroute manoeuvre complete \u2014 truck on safe path", "begin_time": "2026-07-15T09:05:00+00:00", "end_time": "2026-07-15T09:07:00+00:00", "hazard_coefficient": 0.0056, "hazard_class": "SAFE", "is_critical": false, "route_type": "PI-GNN_REROUTE"}}, {"type": "Feature", "geometry": {"type": "LineString", "coordinates": [[76.344399, 10.276854], [76.344286, 10.277143]]}, "properties": {"segment_id": "REROUTE-SEG-233", "scenario_stage": 5, "stage_label": "Reroute Executed", "description": "PI-GNN offline reroute manoeuvre complete \u2014 truck on safe path", "begin_time": "2026-07-15T09:05:00+00:00", "end_time": "2026-07-15T09:07:00+00:00", "hazard_coefficient": 0.0056, "hazard_class": "SAFE", "is_critical": false, "route_type": "PI-GNN_REROUTE"}}, {"type": "Feature", "geometry": {"type": "LineString", "coordinates": [[76.344286, 10.277143], [76.344176, 10.277478]]}, "properties": {"segment_id": "REROUTE-SEG-234", "scenario_stage": 5, "stage_label": "Reroute Executed", "description": "PI-GNN offline reroute manoeuvre complete \u2014 truck on safe path", "begin_time": "2026-07-15T09:05:00+00:00", "end_time": "2026-07-15T09:07:00+00:00", "hazard_coefficient": 0.0056, "hazard_class": "SAFE", "is_critical": false, "route_type": "PI-GNN_REROUTE"}}, {"type": "Feature", "geometry": {"type": "LineString", "coordinates": [[76.344176, 10.277478], [76.344111, 10.277757]]}, "properties": {"segment_id": "REROUTE-SEG-235", "scenario_stage": 5, "stage_label": "Reroute Executed", "description": "PI-GNN offline reroute manoeuvre complete \u2014 truck on safe path", "begin_time": "2026-07-15T09:05:00+00:00", "end_time": "2026-07-15T09:07:00+00:00", "hazard_coefficient": 0.0056, "hazard_class": "SAFE", "is_critical": false, "route_type": "PI-GNN_REROUTE"}}, {"type": "Feature", "geometry": {"type": "LineString", "coordinates": [[76.344111, 10.277757], [76.344062, 10.278056]]}, "properties": {"segment_id": "REROUTE-SEG-236", "scenario_stage": 5, "stage_label": "Reroute Executed", "description": "PI-GNN offline reroute manoeuvre complete \u2014 truck on safe path", "begin_time": "2026-07-15T09:05:00+00:00", "end_time": "2026-07-15T09:07:00+00:00", "hazard_coefficient": 0.0056, "hazard_class": "SAFE", "is_critical": false, "route_type": "PI-GNN_REROUTE"}}, {"type": "Feature", "geometry": {"type": "LineString", "coordinates": [[76.344062, 10.278056], [76.344031, 10.278341]]}, "properties": {"segment_id": "REROUTE-SEG-237", "scenario_stage": 5, "stage_label": "Reroute Executed", "description": "PI-GNN offline reroute manoeuvre complete \u2014 truck on safe path", "begin_time": "2026-07-15T09:05:00+00:00", "end_time": "2026-07-15T09:07:00+00:00", "hazard_coefficient": 0.0056, "hazard_class": "SAFE", "is_critical": false, "route_type": "PI-GNN_REROUTE"}}, {"type": "Feature", "geometry": {"type": "LineString", "coordinates": [[76.344031, 10.278341], [76.344029, 10.280057]]}, "properties": {"segment_id": "REROUTE-SEG-238", "scenario_stage": 5, "stage_label": "Reroute Executed", "description": "PI-GNN offline reroute manoeuvre complete \u2014 truck on safe path", "begin_time": "2026-07-15T09:05:00+00:00", "end_time": "2026-07-15T09:07:00+00:00", "hazard_coefficient": 0.0056, "hazard_class": "SAFE", "is_critical": false, "route_type": "PI-GNN_REROUTE"}}, {"type": "Feature", "geometry": {"type": "LineString", "coordinates": [[76.344029, 10.280057], [76.344024, 10.280504]]}, "properties": {"segment_id": "REROUTE-SEG-239", "scenario_stage": 5, "stage_label": "Reroute Executed", "description": "PI-GNN offline reroute manoeuvre complete \u2014 truck on safe path", "begin_time": "2026-07-15T09:05:00+00:00", "end_time": "2026-07-15T09:07:00+00:00", "hazard_coefficient": 0.0056, "hazard_class": "SAFE", "is_critical": false, "route_type": "PI-GNN_REROUTE"}}, {"type": "Feature", "geometry": {"type": "LineString", "coordinates": [[76.344024, 10.280504], [76.344009, 10.280713]]}, "properties": {"segment_id": "REROUTE-SEG-240", "scenario_stage": 5, "stage_label": "Reroute Executed", "description": "PI-GNN offline reroute manoeuvre complete \u2014 truck on safe path", "begin_time": "2026-07-15T09:05:00+00:00", "end_time": "2026-07-15T09:07:00+00:00", "hazard_coefficient": 0.0056, "hazard_class": "SAFE", "is_critical": false, "route_type": "PI-GNN_REROUTE"}}, {"type": "Feature", "geometry": {"type": "LineString", "coordinates": [[76.344009, 10.280713], [76.343985, 10.280937]]}, "properties": {"segment_id": "REROUTE-SEG-241", "scenario_stage": 5, "stage_label": "Reroute Executed", "description": "PI-GNN offline reroute manoeuvre complete \u2014 truck on safe path", "begin_time": "2026-07-15T09:05:00+00:00", "end_time": "2026-07-15T09:07:00+00:00", "hazard_coefficient": 0.0056, "hazard_class": "SAFE", "is_critical": false, "route_type": "PI-GNN_REROUTE"}}, {"type": "Feature", "geometry": {"type": "LineString", "coordinates": [[76.343985, 10.280937], [76.343941, 10.281226]]}, "properties": {"segment_id": "REROUTE-SEG-242", "scenario_stage": 5, "stage_label": "Reroute Executed", "description": "PI-GNN offline reroute manoeuvre complete \u2014 truck on safe path", "begin_time": "2026-07-15T09:05:00+00:00", "end_time": "2026-07-15T09:07:00+00:00", "hazard_coefficient": 0.0056, "hazard_class": "SAFE", "is_critical": false, "route_type": "PI-GNN_REROUTE"}}, {"type": "Feature", "geometry": {"type": "LineString", "coordinates": [[76.343941, 10.281226], [76.343873, 10.281518]]}, "properties": {"segment_id": "REROUTE-SEG-243", "scenario_stage": 5, "stage_label": "Reroute Executed", "description": "PI-GNN offline reroute manoeuvre complete \u2014 truck on safe path", "begin_time": "2026-07-15T09:05:00+00:00", "end_time": "2026-07-15T09:07:00+00:00", "hazard_coefficient": 0.0056, "hazard_class": "SAFE", "is_critical": false, "route_type": "PI-GNN_REROUTE"}}, {"type": "Feature", "geometry": {"type": "LineString", "coordinates": [[76.343873, 10.281518], [76.343819, 10.281733]]}, "properties": {"segment_id": "REROUTE-SEG-244", "scenario_stage": 5, "stage_label": "Reroute Executed", "description": "PI-GNN offline reroute manoeuvre complete \u2014 truck on safe path", "begin_time": "2026-07-15T09:05:00+00:00", "end_time": "2026-07-15T09:07:00+00:00", "hazard_coefficient": 0.0056, "hazard_class": "SAFE", "is_critical": false, "route_type": "PI-GNN_REROUTE"}}, {"type": "Feature", "geometry": {"type": "LineString", "coordinates": [[76.343819, 10.281733], [76.343746, 10.281972]]}, "properties": {"segment_id": "REROUTE-SEG-245", "scenario_stage": 5, "stage_label": "Reroute Executed", "description": "PI-GNN offline reroute manoeuvre complete \u2014 truck on safe path", "begin_time": "2026-07-15T09:05:00+00:00", "end_time": "2026-07-15T09:07:00+00:00", "hazard_coefficient": 0.0056, "hazard_class": "SAFE", "is_critical": false, "route_type": "PI-GNN_REROUTE"}}, {"type": "Feature", "geometry": {"type": "LineString", "coordinates": [[76.343746, 10.281972], [76.34366, 10.282222]]}, "properties": {"segment_id": "REROUTE-SEG-246", "scenario_stage": 5, "stage_label": "Reroute Executed", "description": "PI-GNN offline reroute manoeuvre complete \u2014 truck on safe path", "begin_time": "2026-07-15T09:05:00+00:00", "end_time": "2026-07-15T09:07:00+00:00", "hazard_coefficient": 0.0056, "hazard_class": "SAFE", "is_critical": false, "route_type": "PI-GNN_REROUTE"}}, {"type": "Feature", "geometry": {"type": "LineString", "coordinates": [[76.34366, 10.282222], [76.343534, 10.282522]]}, "properties": {"segment_id": "REROUTE-SEG-247", "scenario_stage": 5, "stage_label": "Reroute Executed", "description": "PI-GNN offline reroute manoeuvre complete \u2014 truck on safe path", "begin_time": "2026-07-15T09:05:00+00:00", "end_time": "2026-07-15T09:07:00+00:00", "hazard_coefficient": 0.0056, "hazard_class": "SAFE", "is_critical": false, "route_type": "PI-GNN_REROUTE"}}, {"type": "Feature", "geometry": {"type": "LineString", "coordinates": [[76.343534, 10.282522], [76.34323, 10.283142]]}, "properties": {"segment_id": "REROUTE-SEG-248", "scenario_stage": 5, "stage_label": "Reroute Executed", "description": "PI-GNN offline reroute manoeuvre complete \u2014 truck on safe path", "begin_time": "2026-07-15T09:05:00+00:00", "end_time": "2026-07-15T09:07:00+00:00", "hazard_coefficient": 0.0056, "hazard_class": "SAFE", "is_critical": false, "route_type": "PI-GNN_REROUTE"}}, {"type": "Feature", "geometry": {"type": "LineString", "coordinates": [[76.34323, 10.283142], [76.343041, 10.283559]]}, "properties": {"segment_id": "REROUTE-SEG-249", "scenario_stage": 5, "stage_label": "Reroute Executed", "description": "PI-GNN offline reroute manoeuvre complete \u2014 truck on safe path", "begin_time": "2026-07-15T09:05:00+00:00", "end_time": "2026-07-15T09:07:00+00:00", "hazard_coefficient": 0.0056, "hazard_class": "SAFE", "is_critical": false, "route_type": "PI-GNN_REROUTE"}}, {"type": "Feature", "geometry": {"type": "LineString", "coordinates": [[76.343041, 10.283559], [76.342959, 10.283739]]}, "properties": {"segment_id": "REROUTE-SEG-250", "scenario_stage": 5, "stage_label": "Reroute Executed", "description": "PI-GNN offline reroute manoeuvre complete \u2014 truck on safe path", "begin_time": "2026-07-15T09:05:00+00:00", "end_time": "2026-07-15T09:07:00+00:00", "hazard_coefficient": 0.0056, "hazard_class": "SAFE", "is_critical": false, "route_type": "PI-GNN_REROUTE"}}, {"type": "Feature", "geometry": {"type": "LineString", "coordinates": [[76.342959, 10.283739], [76.342871, 10.283934]]}, "properties": {"segment_id": "REROUTE-SEG-251", "scenario_stage": 5, "stage_label": "Reroute Executed", "description": "PI-GNN offline reroute manoeuvre complete \u2014 truck on safe path", "begin_time": "2026-07-15T09:05:00+00:00", "end_time": "2026-07-15T09:07:00+00:00", "hazard_coefficient": 0.0056, "hazard_class": "SAFE", "is_critical": false, "route_type": "PI-GNN_REROUTE"}}, {"type": "Feature", "geometry": {"type": "LineString", "coordinates": [[76.342871, 10.283934], [76.342992, 10.283967]]}, "properties": {"segment_id": "REROUTE-SEG-252", "scenario_stage": 5, "stage_label": "Reroute Executed", "description": "PI-GNN offline reroute manoeuvre complete \u2014 truck on safe path", "begin_time": "2026-07-15T09:05:00+00:00", "end_time": "2026-07-15T09:07:00+00:00", "hazard_coefficient": 0.0056, "hazard_class": "SAFE", "is_critical": false, "route_type": "PI-GNN_REROUTE"}}, {"type": "Feature", "geometry": {"type": "LineString", "coordinates": [[76.342992, 10.283967], [76.343054, 10.283998]]}, "properties": {"segment_id": "REROUTE-SEG-253", "scenario_stage": 5, "stage_label": "Reroute Executed", "description": "PI-GNN offline reroute manoeuvre complete \u2014 truck on safe path", "begin_time": "2026-07-15T09:05:00+00:00", "end_time": "2026-07-15T09:07:00+00:00", "hazard_coefficient": 0.0056, "hazard_class": "SAFE", "is_critical": false, "route_type": "PI-GNN_REROUTE"}}, {"type": "Feature", "geometry": {"type": "LineString", "coordinates": [[76.343054, 10.283998], [76.344277, 10.284744]]}, "properties": {"segment_id": "REROUTE-SEG-254", "scenario_stage": 5, "stage_label": "Reroute Executed", "description": "PI-GNN offline reroute manoeuvre complete \u2014 truck on safe path", "begin_time": "2026-07-15T09:05:00+00:00", "end_time": "2026-07-15T09:07:00+00:00", "hazard_coefficient": 0.0056, "hazard_class": "SAFE", "is_critical": false, "route_type": "PI-GNN_REROUTE"}}, {"type": "Feature", "geometry": {"type": "LineString", "coordinates": [[76.344277, 10.284744], [76.34435, 10.284789]]}, "properties": {"segment_id": "REROUTE-SEG-255", "scenario_stage": 5, "stage_label": "Reroute Executed", "description": "PI-GNN offline reroute manoeuvre complete \u2014 truck on safe path", "begin_time": "2026-07-15T09:05:00+00:00", "end_time": "2026-07-15T09:07:00+00:00", "hazard_coefficient": 0.0056, "hazard_class": "SAFE", "is_critical": false, "route_type": "PI-GNN_REROUTE"}}, {"type": "Feature", "geometry": {"type": "LineString", "coordinates": [[76.34435, 10.284789], [76.344538, 10.284886]]}, "properties": {"segment_id": "REROUTE-SEG-256", "scenario_stage": 5, "stage_label": "Reroute Executed", "description": "PI-GNN offline reroute manoeuvre complete \u2014 truck on safe path", "begin_time": "2026-07-15T09:05:00+00:00", "end_time": "2026-07-15T09:07:00+00:00", "hazard_coefficient": 0.0056, "hazard_class": "SAFE", "is_critical": false, "route_type": "PI-GNN_REROUTE"}}, {"type": "Feature", "geometry": {"type": "LineString", "coordinates": [[76.344538, 10.284886], [76.344761, 10.284935]]}, "properties": {"segment_id": "REROUTE-SEG-257", "scenario_stage": 5, "stage_label": "Reroute Executed", "description": "PI-GNN offline reroute manoeuvre complete \u2014 truck on safe path", "begin_time": "2026-07-15T09:05:00+00:00", "end_time": "2026-07-15T09:07:00+00:00", "hazard_coefficient": 0.0056, "hazard_class": "SAFE", "is_critical": false, "route_type": "PI-GNN_REROUTE"}}, {"type": "Feature", "geometry": {"type": "LineString", "coordinates": [[76.344761, 10.284935], [76.345199, 10.285019]]}, "properties": {"segment_id": "REROUTE-SEG-258", "scenario_stage": 5, "stage_label": "Reroute Executed", "description": "PI-GNN offline reroute manoeuvre complete \u2014 truck on safe path", "begin_time": "2026-07-15T09:05:00+00:00", "end_time": "2026-07-15T09:07:00+00:00", "hazard_coefficient": 0.0056, "hazard_class": "SAFE", "is_critical": false, "route_type": "PI-GNN_REROUTE"}}, {"type": "Feature", "geometry": {"type": "LineString", "coordinates": [[76.345199, 10.285019], [76.345521, 10.285109]]}, "properties": {"segment_id": "REROUTE-SEG-259", "scenario_stage": 5, "stage_label": "Reroute Executed", "description": "PI-GNN offline reroute manoeuvre complete \u2014 truck on safe path", "begin_time": "2026-07-15T09:05:00+00:00", "end_time": "2026-07-15T09:07:00+00:00", "hazard_coefficient": 0.0056, "hazard_class": "SAFE", "is_critical": false, "route_type": "PI-GNN_REROUTE"}}, {"type": "Feature", "geometry": {"type": "LineString", "coordinates": [[76.345521, 10.285109], [76.345679, 10.285163]]}, "properties": {"segment_id": "REROUTE-SEG-260", "scenario_stage": 5, "stage_label": "Reroute Executed", "description": "PI-GNN offline reroute manoeuvre complete \u2014 truck on safe path", "begin_time": "2026-07-15T09:05:00+00:00", "end_time": "2026-07-15T09:07:00+00:00", "hazard_coefficient": 0.0056, "hazard_class": "SAFE", "is_critical": false, "route_type": "PI-GNN_REROUTE"}}, {"type": "Feature", "geometry": {"type": "LineString", "coordinates": [[76.345679, 10.285163], [76.345828, 10.285239]]}, "properties": {"segment_id": "REROUTE-SEG-261", "scenario_stage": 5, "stage_label": "Reroute Executed", "description": "PI-GNN offline reroute manoeuvre complete \u2014 truck on safe path", "begin_time": "2026-07-15T09:05:00+00:00", "end_time": "2026-07-15T09:07:00+00:00", "hazard_coefficient": 0.0056, "hazard_class": "SAFE", "is_critical": false, "route_type": "PI-GNN_REROUTE"}}, {"type": "Feature", "geometry": {"type": "LineString", "coordinates": [[76.345828, 10.285239], [76.346587, 10.285786]]}, "properties": {"segment_id": "REROUTE-SEG-262", "scenario_stage": 5, "stage_label": "Reroute Executed", "description": "PI-GNN offline reroute manoeuvre complete \u2014 truck on safe path", "begin_time": "2026-07-15T09:05:00+00:00", "end_time": "2026-07-15T09:07:00+00:00", "hazard_coefficient": 0.0056, "hazard_class": "SAFE", "is_critical": false, "route_type": "PI-GNN_REROUTE"}}, {"type": "Feature", "geometry": {"type": "LineString", "coordinates": [[76.346587, 10.285786], [76.346918, 10.285973]]}, "properties": {"segment_id": "REROUTE-SEG-263", "scenario_stage": 5, "stage_label": "Reroute Executed", "description": "PI-GNN offline reroute manoeuvre complete \u2014 truck on safe path", "begin_time": "2026-07-15T09:05:00+00:00", "end_time": "2026-07-15T09:07:00+00:00", "hazard_coefficient": 0.0056, "hazard_class": "SAFE", "is_critical": false, "route_type": "PI-GNN_REROUTE"}}, {"type": "Feature", "geometry": {"type": "LineString", "coordinates": [[76.346918, 10.285973], [76.347084, 10.286057]]}, "properties": {"segment_id": "REROUTE-SEG-264", "scenario_stage": 5, "stage_label": "Reroute Executed", "description": "PI-GNN offline reroute manoeuvre complete \u2014 truck on safe path", "begin_time": "2026-07-15T09:05:00+00:00", "end_time": "2026-07-15T09:07:00+00:00", "hazard_coefficient": 0.0056, "hazard_class": "SAFE", "is_critical": false, "route_type": "PI-GNN_REROUTE"}}, {"type": "Feature", "geometry": {"type": "LineString", "coordinates": [[76.347084, 10.286057], [76.347165, 10.286109]]}, "properties": {"segment_id": "REROUTE-SEG-265", "scenario_stage": 5, "stage_label": "Reroute Executed", "description": "PI-GNN offline reroute manoeuvre complete \u2014 truck on safe path", "begin_time": "2026-07-15T09:05:00+00:00", "end_time": "2026-07-15T09:07:00+00:00", "hazard_coefficient": 0.0056, "hazard_class": "SAFE", "is_critical": false, "route_type": "PI-GNN_REROUTE"}}, {"type": "Feature", "geometry": {"type": "LineString", "coordinates": [[76.347165, 10.286109], [76.347231, 10.286162]]}, "properties": {"segment_id": "REROUTE-SEG-266", "scenario_stage": 5, "stage_label": "Reroute Executed", "description": "PI-GNN offline reroute manoeuvre complete \u2014 truck on safe path", "begin_time": "2026-07-15T09:05:00+00:00", "end_time": "2026-07-15T09:07:00+00:00", "hazard_coefficient": 0.0056, "hazard_class": "SAFE", "is_critical": false, "route_type": "PI-GNN_REROUTE"}}, {"type": "Feature", "geometry": {"type": "LineString", "coordinates": [[76.347231, 10.286162], [76.347339, 10.286308]]}, "properties": {"segment_id": "REROUTE-SEG-267", "scenario_stage": 5, "stage_label": "Reroute Executed", "description": "PI-GNN offline reroute manoeuvre complete \u2014 truck on safe path", "begin_time": "2026-07-15T09:05:00+00:00", "end_time": "2026-07-15T09:07:00+00:00", "hazard_coefficient": 0.0056, "hazard_class": "SAFE", "is_critical": false, "route_type": "PI-GNN_REROUTE"}}, {"type": "Feature", "geometry": {"type": "LineString", "coordinates": [[76.347339, 10.286308], [76.348363, 10.287694]]}, "properties": {"segment_id": "REROUTE-SEG-268", "scenario_stage": 5, "stage_label": "Reroute Executed", "description": "PI-GNN offline reroute manoeuvre complete \u2014 truck on safe path", "begin_time": "2026-07-15T09:05:00+00:00", "end_time": "2026-07-15T09:07:00+00:00", "hazard_coefficient": 0.0056, "hazard_class": "SAFE", "is_critical": false, "route_type": "PI-GNN_REROUTE"}}, {"type": "Feature", "geometry": {"type": "LineString", "coordinates": [[76.348363, 10.287694], [76.348411, 10.287764]]}, "properties": {"segment_id": "REROUTE-SEG-269", "scenario_stage": 5, "stage_label": "Reroute Executed", "description": "PI-GNN offline reroute manoeuvre complete \u2014 truck on safe path", "begin_time": "2026-07-15T09:05:00+00:00", "end_time": "2026-07-15T09:07:00+00:00", "hazard_coefficient": 0.0056, "hazard_class": "SAFE", "is_critical": false, "route_type": "PI-GNN_REROUTE"}}, {"type": "Feature", "geometry": {"type": "LineString", "coordinates": [[76.348411, 10.287764], [76.348998, 10.289098]]}, "properties": {"segment_id": "REROUTE-SEG-270", "scenario_stage": 5, "stage_label": "Reroute Executed", "description": "PI-GNN offline reroute manoeuvre complete \u2014 truck on safe path", "begin_time": "2026-07-15T09:05:00+00:00", "end_time": "2026-07-15T09:07:00+00:00", "hazard_coefficient": 0.0056, "hazard_class": "SAFE", "is_critical": false, "route_type": "PI-GNN_REROUTE"}}, {"type": "Feature", "geometry": {"type": "LineString", "coordinates": [[76.348998, 10.289098], [76.349508, 10.290774]]}, "properties": {"segment_id": "REROUTE-SEG-271", "scenario_stage": 5, "stage_label": "Reroute Executed", "description": "PI-GNN offline reroute manoeuvre complete \u2014 truck on safe path", "begin_time": "2026-07-15T09:05:00+00:00", "end_time": "2026-07-15T09:07:00+00:00", "hazard_coefficient": 0.0056, "hazard_class": "SAFE", "is_critical": false, "route_type": "PI-GNN_REROUTE"}}, {"type": "Feature", "geometry": {"type": "LineString", "coordinates": [[76.349508, 10.290774], [76.349525, 10.290892]]}, "properties": {"segment_id": "REROUTE-SEG-272", "scenario_stage": 5, "stage_label": "Reroute Executed", "description": "PI-GNN offline reroute manoeuvre complete \u2014 truck on safe path", "begin_time": "2026-07-15T09:05:00+00:00", "end_time": "2026-07-15T09:07:00+00:00", "hazard_coefficient": 0.0056, "hazard_class": "SAFE", "is_critical": false, "route_type": "PI-GNN_REROUTE"}}, {"type": "Feature", "geometry": {"type": "LineString", "coordinates": [[76.349525, 10.290892], [76.349528, 10.291024]]}, "properties": {"segment_id": "REROUTE-SEG-273", "scenario_stage": 5, "stage_label": "Reroute Executed", "description": "PI-GNN offline reroute manoeuvre complete \u2014 truck on safe path", "begin_time": "2026-07-15T09:05:00+00:00", "end_time": "2026-07-15T09:07:00+00:00", "hazard_coefficient": 0.0056, "hazard_class": "SAFE", "is_critical": false, "route_type": "PI-GNN_REROUTE"}}, {"type": "Feature", "geometry": {"type": "LineString", "coordinates": [[76.349528, 10.291024], [76.34951, 10.291258]]}, "properties": {"segment_id": "REROUTE-SEG-274", "scenario_stage": 5, "stage_label": "Reroute Executed", "description": "PI-GNN offline reroute manoeuvre complete \u2014 truck on safe path", "begin_time": "2026-07-15T09:05:00+00:00", "end_time": "2026-07-15T09:07:00+00:00", "hazard_coefficient": 0.0056, "hazard_class": "SAFE", "is_critical": false, "route_type": "PI-GNN_REROUTE"}}, {"type": "Feature", "geometry": {"type": "LineString", "coordinates": [[76.34951, 10.291258], [76.349516, 10.29235]]}, "properties": {"segment_id": "REROUTE-SEG-275", "scenario_stage": 5, "stage_label": "Reroute Executed", "description": "PI-GNN offline reroute manoeuvre complete \u2014 truck on safe path", "begin_time": "2026-07-15T09:05:00+00:00", "end_time": "2026-07-15T09:07:00+00:00", "hazard_coefficient": 0.0056, "hazard_class": "SAFE", "is_critical": false, "route_type": "PI-GNN_REROUTE"}}, {"type": "Feature", "geometry": {"type": "LineString", "coordinates": [[76.349516, 10.29235], [76.349509, 10.292435]]}, "properties": {"segment_id": "REROUTE-SEG-276", "scenario_stage": 5, "stage_label": "Reroute Executed", "description": "PI-GNN offline reroute manoeuvre complete \u2014 truck on safe path", "begin_time": "2026-07-15T09:05:00+00:00", "end_time": "2026-07-15T09:07:00+00:00", "hazard_coefficient": 0.0056, "hazard_class": "SAFE", "is_critical": false, "route_type": "PI-GNN_REROUTE"}}, {"type": "Feature", "geometry": {"type": "LineString", "coordinates": [[76.349509, 10.292435], [76.349501, 10.292546]]}, "properties": {"segment_id": "REROUTE-SEG-277", "scenario_stage": 5, "stage_label": "Reroute Executed", "description": "PI-GNN offline reroute manoeuvre complete \u2014 truck on safe path", "begin_time": "2026-07-15T09:05:00+00:00", "end_time": "2026-07-15T09:07:00+00:00", "hazard_coefficient": 0.0056, "hazard_class": "SAFE", "is_critical": false, "route_type": "PI-GNN_REROUTE"}}, {"type": "Feature", "geometry": {"type": "LineString", "coordinates": [[76.349501, 10.292546], [76.349528, 10.29264]]}, "properties": {"segment_id": "REROUTE-SEG-278", "scenario_stage": 5, "stage_label": "Reroute Executed", "description": "PI-GNN offline reroute manoeuvre complete \u2014 truck on safe path", "begin_time": "2026-07-15T09:05:00+00:00", "end_time": "2026-07-15T09:07:00+00:00", "hazard_coefficient": 0.0056, "hazard_class": "SAFE", "is_critical": false, "route_type": "PI-GNN_REROUTE"}}, {"type": "Feature", "geometry": {"type": "LineString", "coordinates": [[76.349528, 10.29264], [76.349568, 10.292708]]}, "properties": {"segment_id": "REROUTE-SEG-279", "scenario_stage": 5, "stage_label": "Reroute Executed", "description": "PI-GNN offline reroute manoeuvre complete \u2014 truck on safe path", "begin_time": "2026-07-15T09:05:00+00:00", "end_time": "2026-07-15T09:07:00+00:00", "hazard_coefficient": 0.0056, "hazard_class": "SAFE", "is_critical": false, "route_type": "PI-GNN_REROUTE"}}, {"type": "Feature", "geometry": {"type": "LineString", "coordinates": [[76.349568, 10.292708], [76.349609, 10.292734]]}, "properties": {"segment_id": "REROUTE-SEG-280", "scenario_stage": 5, "stage_label": "Reroute Executed", "description": "PI-GNN offline reroute manoeuvre complete \u2014 truck on safe path", "begin_time": "2026-07-15T09:05:00+00:00", "end_time": "2026-07-15T09:07:00+00:00", "hazard_coefficient": 0.0056, "hazard_class": "SAFE", "is_critical": false, "route_type": "PI-GNN_REROUTE"}}, {"type": "Feature", "geometry": {"type": "LineString", "coordinates": [[76.349609, 10.292734], [76.349689, 10.292744]]}, "properties": {"segment_id": "REROUTE-SEG-281", "scenario_stage": 5, "stage_label": "Reroute Executed", "description": "PI-GNN offline reroute manoeuvre complete \u2014 truck on safe path", "begin_time": "2026-07-15T09:05:00+00:00", "end_time": "2026-07-15T09:07:00+00:00", "hazard_coefficient": 0.0056, "hazard_class": "SAFE", "is_critical": false, "route_type": "PI-GNN_REROUTE"}}, {"type": "Feature", "geometry": {"type": "LineString", "coordinates": [[76.349689, 10.292744], [76.349804, 10.292731]]}, "properties": {"segment_id": "REROUTE-SEG-282", "scenario_stage": 5, "stage_label": "Reroute Executed", "description": "PI-GNN offline reroute manoeuvre complete \u2014 truck on safe path", "begin_time": "2026-07-15T09:05:00+00:00", "end_time": "2026-07-15T09:07:00+00:00", "hazard_coefficient": 0.0056, "hazard_class": "SAFE", "is_critical": false, "route_type": "PI-GNN_REROUTE"}}, {"type": "Feature", "geometry": {"type": "LineString", "coordinates": [[76.349804, 10.292731], [76.350388, 10.292712]]}, "properties": {"segment_id": "REROUTE-SEG-283", "scenario_stage": 5, "stage_label": "Reroute Executed", "description": "PI-GNN offline reroute manoeuvre complete \u2014 truck on safe path", "begin_time": "2026-07-15T09:05:00+00:00", "end_time": "2026-07-15T09:07:00+00:00", "hazard_coefficient": 0.0056, "hazard_class": "SAFE", "is_critical": false, "route_type": "PI-GNN_REROUTE"}}, {"type": "Feature", "geometry": {"type": "LineString", "coordinates": [[76.350388, 10.292712], [76.350508, 10.292731]]}, "properties": {"segment_id": "REROUTE-SEG-284", "scenario_stage": 5, "stage_label": "Reroute Executed", "description": "PI-GNN offline reroute manoeuvre complete \u2014 truck on safe path", "begin_time": "2026-07-15T09:05:00+00:00", "end_time": "2026-07-15T09:07:00+00:00", "hazard_coefficient": 0.0056, "hazard_class": "SAFE", "is_critical": false, "route_type": "PI-GNN_REROUTE"}}, {"type": "Feature", "geometry": {"type": "LineString", "coordinates": [[76.350508, 10.292731], [76.350601, 10.292769]]}, "properties": {"segment_id": "REROUTE-SEG-285", "scenario_stage": 5, "stage_label": "Reroute Executed", "description": "PI-GNN offline reroute manoeuvre complete \u2014 truck on safe path", "begin_time": "2026-07-15T09:05:00+00:00", "end_time": "2026-07-15T09:07:00+00:00", "hazard_coefficient": 0.0056, "hazard_class": "SAFE", "is_critical": false, "route_type": "PI-GNN_REROUTE"}}, {"type": "Feature", "geometry": {"type": "LineString", "coordinates": [[76.350601, 10.292769], [76.350668, 10.29283]]}, "properties": {"segment_id": "REROUTE-SEG-286", "scenario_stage": 5, "stage_label": "Reroute Executed", "description": "PI-GNN offline reroute manoeuvre complete \u2014 truck on safe path", "begin_time": "2026-07-15T09:05:00+00:00", "end_time": "2026-07-15T09:07:00+00:00", "hazard_coefficient": 0.0056, "hazard_class": "SAFE", "is_critical": false, "route_type": "PI-GNN_REROUTE"}}, {"type": "Feature", "geometry": {"type": "LineString", "coordinates": [[76.350668, 10.29283], [76.350708, 10.29289]]}, "properties": {"segment_id": "REROUTE-SEG-287", "scenario_stage": 5, "stage_label": "Reroute Executed", "description": "PI-GNN offline reroute manoeuvre complete \u2014 truck on safe path", "begin_time": "2026-07-15T09:05:00+00:00", "end_time": "2026-07-15T09:07:00+00:00", "hazard_coefficient": 0.0056, "hazard_class": "SAFE", "is_critical": false, "route_type": "PI-GNN_REROUTE"}}, {"type": "Feature", "geometry": {"type": "LineString", "coordinates": [[76.350708, 10.29289], [76.351028, 10.29395]]}, "properties": {"segment_id": "REROUTE-SEG-288", "scenario_stage": 5, "stage_label": "Reroute Executed", "description": "PI-GNN offline reroute manoeuvre complete \u2014 truck on safe path", "begin_time": "2026-07-15T09:05:00+00:00", "end_time": "2026-07-15T09:07:00+00:00", "hazard_coefficient": 0.0056, "hazard_class": "SAFE", "is_critical": false, "route_type": "PI-GNN_REROUTE"}}, {"type": "Feature", "geometry": {"type": "LineString", "coordinates": [[76.351028, 10.29395], [76.35105, 10.293989]]}, "properties": {"segment_id": "REROUTE-SEG-289", "scenario_stage": 5, "stage_label": "Reroute Executed", "description": "PI-GNN offline reroute manoeuvre complete \u2014 truck on safe path", "begin_time": "2026-07-15T09:05:00+00:00", "end_time": "2026-07-15T09:07:00+00:00", "hazard_coefficient": 0.0056, "hazard_class": "SAFE", "is_critical": false, "route_type": "PI-GNN_REROUTE"}}, {"type": "Feature", "geometry": {"type": "LineString", "coordinates": [[76.35105, 10.293989], [76.351078, 10.294026]]}, "properties": {"segment_id": "REROUTE-SEG-290", "scenario_stage": 5, "stage_label": "Reroute Executed", "description": "PI-GNN offline reroute manoeuvre complete \u2014 truck on safe path", "begin_time": "2026-07-15T09:05:00+00:00", "end_time": "2026-07-15T09:07:00+00:00", "hazard_coefficient": 0.0056, "hazard_class": "SAFE", "is_critical": false, "route_type": "PI-GNN_REROUTE"}}, {"type": "Feature", "geometry": {"type": "LineString", "coordinates": [[76.351078, 10.294026], [76.351119, 10.294046]]}, "properties": {"segment_id": "REROUTE-SEG-291", "scenario_stage": 5, "stage_label": "Reroute Executed", "description": "PI-GNN offline reroute manoeuvre complete \u2014 truck on safe path", "begin_time": "2026-07-15T09:05:00+00:00", "end_time": "2026-07-15T09:07:00+00:00", "hazard_coefficient": 0.0056, "hazard_class": "SAFE", "is_critical": false, "route_type": "PI-GNN_REROUTE"}}, {"type": "Feature", "geometry": {"type": "LineString", "coordinates": [[76.351119, 10.294046], [76.351166, 10.294061]]}, "properties": {"segment_id": "REROUTE-SEG-292", "scenario_stage": 5, "stage_label": "Reroute Executed", "description": "PI-GNN offline reroute manoeuvre complete \u2014 truck on safe path", "begin_time": "2026-07-15T09:05:00+00:00", "end_time": "2026-07-15T09:07:00+00:00", "hazard_coefficient": 0.0056, "hazard_class": "SAFE", "is_critical": false, "route_type": "PI-GNN_REROUTE"}}, {"type": "Feature", "geometry": {"type": "LineString", "coordinates": [[76.351166, 10.294061], [76.351802, 10.294034]]}, "properties": {"segment_id": "REROUTE-SEG-293", "scenario_stage": 5, "stage_label": "Reroute Executed", "description": "PI-GNN offline reroute manoeuvre complete \u2014 truck on safe path", "begin_time": "2026-07-15T09:05:00+00:00", "end_time": "2026-07-15T09:07:00+00:00", "hazard_coefficient": 0.0056, "hazard_class": "SAFE", "is_critical": false, "route_type": "PI-GNN_REROUTE"}}, {"type": "Feature", "geometry": {"type": "LineString", "coordinates": [[76.351802, 10.294034], [76.352112, 10.294021]]}, "properties": {"segment_id": "REROUTE-SEG-294", "scenario_stage": 5, "stage_label": "Reroute Executed", "description": "PI-GNN offline reroute manoeuvre complete \u2014 truck on safe path", "begin_time": "2026-07-15T09:05:00+00:00", "end_time": "2026-07-15T09:07:00+00:00", "hazard_coefficient": 0.0056, "hazard_class": "SAFE", "is_critical": false, "route_type": "PI-GNN_REROUTE"}}, {"type": "Feature", "geometry": {"type": "LineString", "coordinates": [[76.352112, 10.294021], [76.35215, 10.29402]]}, "properties": {"segment_id": "REROUTE-SEG-295", "scenario_stage": 5, "stage_label": "Reroute Executed", "description": "PI-GNN offline reroute manoeuvre complete \u2014 truck on safe path", "begin_time": "2026-07-15T09:05:00+00:00", "end_time": "2026-07-15T09:07:00+00:00", "hazard_coefficient": 0.0056, "hazard_class": "SAFE", "is_critical": false, "route_type": "PI-GNN_REROUTE"}}, {"type": "Feature", "geometry": {"type": "LineString", "coordinates": [[76.35215, 10.29402], [76.352205, 10.294004]]}, "properties": {"segment_id": "REROUTE-SEG-296", "scenario_stage": 5, "stage_label": "Reroute Executed", "description": "PI-GNN offline reroute manoeuvre complete \u2014 truck on safe path", "begin_time": "2026-07-15T09:05:00+00:00", "end_time": "2026-07-15T09:07:00+00:00", "hazard_coefficient": 0.0056, "hazard_class": "SAFE", "is_critical": false, "route_type": "PI-GNN_REROUTE"}}, {"type": "Feature", "geometry": {"type": "LineString", "coordinates": [[76.352205, 10.294004], [76.352224, 10.293992]]}, "properties": {"segment_id": "REROUTE-SEG-297", "scenario_stage": 5, "stage_label": "Reroute Executed", "description": "PI-GNN offline reroute manoeuvre complete \u2014 truck on safe path", "begin_time": "2026-07-15T09:05:00+00:00", "end_time": "2026-07-15T09:07:00+00:00", "hazard_coefficient": 0.0056, "hazard_class": "SAFE", "is_critical": false, "route_type": "PI-GNN_REROUTE"}}, {"type": "Feature", "geometry": {"type": "LineString", "coordinates": [[76.352224, 10.293992], [76.352246, 10.293972]]}, "properties": {"segment_id": "REROUTE-SEG-298", "scenario_stage": 5, "stage_label": "Reroute Executed", "description": "PI-GNN offline reroute manoeuvre complete \u2014 truck on safe path", "begin_time": "2026-07-15T09:05:00+00:00", "end_time": "2026-07-15T09:07:00+00:00", "hazard_coefficient": 0.0056, "hazard_class": "SAFE", "is_critical": false, "route_type": "PI-GNN_REROUTE"}}, {"type": "Feature", "geometry": {"type": "LineString", "coordinates": [[76.352246, 10.293972], [76.352282, 10.293927]]}, "properties": {"segment_id": "REROUTE-SEG-299", "scenario_stage": 5, "stage_label": "Reroute Executed", "description": "PI-GNN offline reroute manoeuvre complete \u2014 truck on safe path", "begin_time": "2026-07-15T09:05:00+00:00", "end_time": "2026-07-15T09:07:00+00:00", "hazard_coefficient": 0.0056, "hazard_class": "SAFE", "is_critical": false, "route_type": "PI-GNN_REROUTE"}}, {"type": "Feature", "geometry": {"type": "LineString", "coordinates": [[76.352282, 10.293927], [76.352306, 10.293887]]}, "properties": {"segment_id": "REROUTE-SEG-300", "scenario_stage": 5, "stage_label": "Reroute Executed", "description": "PI-GNN offline reroute manoeuvre complete \u2014 truck on safe path", "begin_time": "2026-07-15T09:05:00+00:00", "end_time": "2026-07-15T09:07:00+00:00", "hazard_coefficient": 0.0056, "hazard_class": "SAFE", "is_critical": false, "route_type": "PI-GNN_REROUTE"}}, {"type": "Feature", "geometry": {"type": "LineString", "coordinates": [[76.352306, 10.293887], [76.352329, 10.293851]]}, "properties": {"segment_id": "REROUTE-SEG-301", "scenario_stage": 5, "stage_label": "Reroute Executed", "description": "PI-GNN offline reroute manoeuvre complete \u2014 truck on safe path", "begin_time": "2026-07-15T09:05:00+00:00", "end_time": "2026-07-15T09:07:00+00:00", "hazard_coefficient": 0.0056, "hazard_class": "SAFE", "is_critical": false, "route_type": "PI-GNN_REROUTE"}}, {"type": "Feature", "geometry": {"type": "LineString", "coordinates": [[76.352329, 10.293851], [76.352357, 10.293808]]}, "properties": {"segment_id": "REROUTE-SEG-302", "scenario_stage": 5, "stage_label": "Reroute Executed", "description": "PI-GNN offline reroute manoeuvre complete \u2014 truck on safe path", "begin_time": "2026-07-15T09:05:00+00:00", "end_time": "2026-07-15T09:07:00+00:00", "hazard_coefficient": 0.0056, "hazard_class": "SAFE", "is_critical": false, "route_type": "PI-GNN_REROUTE"}}, {"type": "Feature", "geometry": {"type": "LineString", "coordinates": [[76.352357, 10.293808], [76.352392, 10.293755]]}, "properties": {"segment_id": "REROUTE-SEG-303", "scenario_stage": 5, "stage_label": "Reroute Executed", "description": "PI-GNN offline reroute manoeuvre complete \u2014 truck on safe path", "begin_time": "2026-07-15T09:05:00+00:00", "end_time": "2026-07-15T09:07:00+00:00", "hazard_coefficient": 0.0056, "hazard_class": "SAFE", "is_critical": false, "route_type": "PI-GNN_REROUTE"}}, {"type": "Feature", "geometry": {"type": "LineString", "coordinates": [[76.352392, 10.293755], [76.352426, 10.293726]]}, "properties": {"segment_id": "REROUTE-SEG-304", "scenario_stage": 5, "stage_label": "Reroute Executed", "description": "PI-GNN offline reroute manoeuvre complete \u2014 truck on safe path", "begin_time": "2026-07-15T09:05:00+00:00", "end_time": "2026-07-15T09:07:00+00:00", "hazard_coefficient": 0.0056, "hazard_class": "SAFE", "is_critical": false, "route_type": "PI-GNN_REROUTE"}}, {"type": "Feature", "geometry": {"type": "LineString", "coordinates": [[76.352426, 10.293726], [76.352466, 10.293707]]}, "properties": {"segment_id": "REROUTE-SEG-305", "scenario_stage": 5, "stage_label": "Reroute Executed", "description": "PI-GNN offline reroute manoeuvre complete \u2014 truck on safe path", "begin_time": "2026-07-15T09:05:00+00:00", "end_time": "2026-07-15T09:07:00+00:00", "hazard_coefficient": 0.0056, "hazard_class": "SAFE", "is_critical": false, "route_type": "PI-GNN_REROUTE"}}, {"type": "Feature", "geometry": {"type": "LineString", "coordinates": [[76.352466, 10.293707], [76.35251, 10.293695]]}, "properties": {"segment_id": "REROUTE-SEG-306", "scenario_stage": 5, "stage_label": "Reroute Executed", "description": "PI-GNN offline reroute manoeuvre complete \u2014 truck on safe path", "begin_time": "2026-07-15T09:05:00+00:00", "end_time": "2026-07-15T09:07:00+00:00", "hazard_coefficient": 0.0056, "hazard_class": "SAFE", "is_critical": false, "route_type": "PI-GNN_REROUTE"}}, {"type": "Feature", "geometry": {"type": "LineString", "coordinates": [[76.35251, 10.293695], [76.352696, 10.293662]]}, "properties": {"segment_id": "REROUTE-SEG-307", "scenario_stage": 5, "stage_label": "Reroute Executed", "description": "PI-GNN offline reroute manoeuvre complete \u2014 truck on safe path", "begin_time": "2026-07-15T09:05:00+00:00", "end_time": "2026-07-15T09:07:00+00:00", "hazard_coefficient": 0.0056, "hazard_class": "SAFE", "is_critical": false, "route_type": "PI-GNN_REROUTE"}}, {"type": "Feature", "geometry": {"type": "LineString", "coordinates": [[76.352696, 10.293662], [76.352821, 10.29365]]}, "properties": {"segment_id": "REROUTE-SEG-308", "scenario_stage": 5, "stage_label": "Reroute Executed", "description": "PI-GNN offline reroute manoeuvre complete \u2014 truck on safe path", "begin_time": "2026-07-15T09:05:00+00:00", "end_time": "2026-07-15T09:07:00+00:00", "hazard_coefficient": 0.0056, "hazard_class": "SAFE", "is_critical": false, "route_type": "PI-GNN_REROUTE"}}, {"type": "Feature", "geometry": {"type": "LineString", "coordinates": [[76.352821, 10.29365], [76.352951, 10.293628]]}, "properties": {"segment_id": "REROUTE-SEG-309", "scenario_stage": 5, "stage_label": "Reroute Executed", "description": "PI-GNN offline reroute manoeuvre complete \u2014 truck on safe path", "begin_time": "2026-07-15T09:05:00+00:00", "end_time": "2026-07-15T09:07:00+00:00", "hazard_coefficient": 0.0056, "hazard_class": "SAFE", "is_critical": false, "route_type": "PI-GNN_REROUTE"}}, {"type": "Feature", "geometry": {"type": "LineString", "coordinates": [[76.352951, 10.293628], [76.353184, 10.293541]]}, "properties": {"segment_id": "REROUTE-SEG-310", "scenario_stage": 5, "stage_label": "Reroute Executed", "description": "PI-GNN offline reroute manoeuvre complete \u2014 truck on safe path", "begin_time": "2026-07-15T09:05:00+00:00", "end_time": "2026-07-15T09:07:00+00:00", "hazard_coefficient": 0.0056, "hazard_class": "SAFE", "is_critical": false, "route_type": "PI-GNN_REROUTE"}}, {"type": "Feature", "geometry": {"type": "LineString", "coordinates": [[76.353184, 10.293541], [76.353395, 10.293461]]}, "properties": {"segment_id": "REROUTE-SEG-311", "scenario_stage": 5, "stage_label": "Reroute Executed", "description": "PI-GNN offline reroute manoeuvre complete \u2014 truck on safe path", "begin_time": "2026-07-15T09:05:00+00:00", "end_time": "2026-07-15T09:07:00+00:00", "hazard_coefficient": 0.0056, "hazard_class": "SAFE", "is_critical": false, "route_type": "PI-GNN_REROUTE"}}, {"type": "Feature", "geometry": {"type": "LineString", "coordinates": [[76.353395, 10.293461], [76.353697, 10.293376]]}, "properties": {"segment_id": "REROUTE-SEG-312", "scenario_stage": 5, "stage_label": "Reroute Executed", "description": "PI-GNN offline reroute manoeuvre complete \u2014 truck on safe path", "begin_time": "2026-07-15T09:05:00+00:00", "end_time": "2026-07-15T09:07:00+00:00", "hazard_coefficient": 0.0056, "hazard_class": "SAFE", "is_critical": false, "route_type": "PI-GNN_REROUTE"}}, {"type": "Feature", "geometry": {"type": "LineString", "coordinates": [[76.353697, 10.293376], [76.354135, 10.293299]]}, "properties": {"segment_id": "REROUTE-SEG-313", "scenario_stage": 5, "stage_label": "Reroute Executed", "description": "PI-GNN offline reroute manoeuvre complete \u2014 truck on safe path", "begin_time": "2026-07-15T09:05:00+00:00", "end_time": "2026-07-15T09:07:00+00:00", "hazard_coefficient": 0.0056, "hazard_class": "SAFE", "is_critical": false, "route_type": "PI-GNN_REROUTE"}}, {"type": "Feature", "geometry": {"type": "LineString", "coordinates": [[76.354135, 10.293299], [76.354327, 10.293283]]}, "properties": {"segment_id": "REROUTE-SEG-314", "scenario_stage": 5, "stage_label": "Reroute Executed", "description": "PI-GNN offline reroute manoeuvre complete \u2014 truck on safe path", "begin_time": "2026-07-15T09:05:00+00:00", "end_time": "2026-07-15T09:07:00+00:00", "hazard_coefficient": 0.0056, "hazard_class": "SAFE", "is_critical": false, "route_type": "PI-GNN_REROUTE"}}, {"type": "Feature", "geometry": {"type": "LineString", "coordinates": [[76.354327, 10.293283], [76.354632, 10.293257]]}, "properties": {"segment_id": "REROUTE-SEG-315", "scenario_stage": 5, "stage_label": "Reroute Executed", "description": "PI-GNN offline reroute manoeuvre complete \u2014 truck on safe path", "begin_time": "2026-07-15T09:05:00+00:00", "end_time": "2026-07-15T09:07:00+00:00", "hazard_coefficient": 0.0056, "hazard_class": "SAFE", "is_critical": false, "route_type": "PI-GNN_REROUTE"}}, {"type": "Feature", "geometry": {"type": "LineString", "coordinates": [[76.354632, 10.293257], [76.354785, 10.293235]]}, "properties": {"segment_id": "REROUTE-SEG-316", "scenario_stage": 5, "stage_label": "Reroute Executed", "description": "PI-GNN offline reroute manoeuvre complete \u2014 truck on safe path", "begin_time": "2026-07-15T09:05:00+00:00", "end_time": "2026-07-15T09:07:00+00:00", "hazard_coefficient": 0.0056, "hazard_class": "SAFE", "is_critical": false, "route_type": "PI-GNN_REROUTE"}}, {"type": "Feature", "geometry": {"type": "LineString", "coordinates": [[76.354785, 10.293235], [76.355374, 10.293142]]}, "properties": {"segment_id": "REROUTE-SEG-317", "scenario_stage": 5, "stage_label": "Reroute Executed", "description": "PI-GNN offline reroute manoeuvre complete \u2014 truck on safe path", "begin_time": "2026-07-15T09:05:00+00:00", "end_time": "2026-07-15T09:07:00+00:00", "hazard_coefficient": 0.0056, "hazard_class": "SAFE", "is_critical": false, "route_type": "PI-GNN_REROUTE"}}, {"type": "Feature", "geometry": {"type": "LineString", "coordinates": [[76.355374, 10.293142], [76.35568, 10.293095]]}, "properties": {"segment_id": "REROUTE-SEG-318", "scenario_stage": 5, "stage_label": "Reroute Executed", "description": "PI-GNN offline reroute manoeuvre complete \u2014 truck on safe path", "begin_time": "2026-07-15T09:05:00+00:00", "end_time": "2026-07-15T09:07:00+00:00", "hazard_coefficient": 0.0056, "hazard_class": "SAFE", "is_critical": false, "route_type": "PI-GNN_REROUTE"}}, {"type": "Feature", "geometry": {"type": "LineString", "coordinates": [[76.35568, 10.293095], [76.355731, 10.293103]]}, "properties": {"segment_id": "REROUTE-SEG-319", "scenario_stage": 5, "stage_label": "Reroute Executed", "description": "PI-GNN offline reroute manoeuvre complete \u2014 truck on safe path", "begin_time": "2026-07-15T09:05:00+00:00", "end_time": "2026-07-15T09:07:00+00:00", "hazard_coefficient": 0.0056, "hazard_class": "SAFE", "is_critical": false, "route_type": "PI-GNN_REROUTE"}}, {"type": "Feature", "geometry": {"type": "LineString", "coordinates": [[76.355731, 10.293103], [76.355757, 10.293111]]}, "properties": {"segment_id": "REROUTE-SEG-320", "scenario_stage": 5, "stage_label": "Reroute Executed", "description": "PI-GNN offline reroute manoeuvre complete \u2014 truck on safe path", "begin_time": "2026-07-15T09:05:00+00:00", "end_time": "2026-07-15T09:07:00+00:00", "hazard_coefficient": 0.0056, "hazard_class": "SAFE", "is_critical": false, "route_type": "PI-GNN_REROUTE"}}, {"type": "Feature", "geometry": {"type": "LineString", "coordinates": [[76.355757, 10.293111], [76.355783, 10.293131]]}, "properties": {"segment_id": "REROUTE-SEG-321", "scenario_stage": 5, "stage_label": "Reroute Executed", "description": "PI-GNN offline reroute manoeuvre complete \u2014 truck on safe path", "begin_time": "2026-07-15T09:05:00+00:00", "end_time": "2026-07-15T09:07:00+00:00", "hazard_coefficient": 0.0056, "hazard_class": "SAFE", "is_critical": false, "route_type": "PI-GNN_REROUTE"}}, {"type": "Feature", "geometry": {"type": "LineString", "coordinates": [[76.355783, 10.293131], [76.355809, 10.293158]]}, "properties": {"segment_id": "REROUTE-SEG-322", "scenario_stage": 5, "stage_label": "Reroute Executed", "description": "PI-GNN offline reroute manoeuvre complete \u2014 truck on safe path", "begin_time": "2026-07-15T09:05:00+00:00", "end_time": "2026-07-15T09:07:00+00:00", "hazard_coefficient": 0.0056, "hazard_class": "SAFE", "is_critical": false, "route_type": "PI-GNN_REROUTE"}}, {"type": "Feature", "geometry": {"type": "LineString", "coordinates": [[76.355809, 10.293158], [76.355847, 10.293263]]}, "properties": {"segment_id": "REROUTE-SEG-323", "scenario_stage": 5, "stage_label": "Reroute Executed", "description": "PI-GNN offline reroute manoeuvre complete \u2014 truck on safe path", "begin_time": "2026-07-15T09:05:00+00:00", "end_time": "2026-07-15T09:07:00+00:00", "hazard_coefficient": 0.0056, "hazard_class": "SAFE", "is_critical": false, "route_type": "PI-GNN_REROUTE"}}, {"type": "Feature", "geometry": {"type": "LineString", "coordinates": [[76.355847, 10.293263], [76.355867, 10.293385]]}, "properties": {"segment_id": "REROUTE-SEG-324", "scenario_stage": 5, "stage_label": "Reroute Executed", "description": "PI-GNN offline reroute manoeuvre complete \u2014 truck on safe path", "begin_time": "2026-07-15T09:05:00+00:00", "end_time": "2026-07-15T09:07:00+00:00", "hazard_coefficient": 0.0056, "hazard_class": "SAFE", "is_critical": false, "route_type": "PI-GNN_REROUTE"}}, {"type": "Feature", "geometry": {"type": "LineString", "coordinates": [[76.355867, 10.293385], [76.356034, 10.294399]]}, "properties": {"segment_id": "REROUTE-SEG-325", "scenario_stage": 5, "stage_label": "Reroute Executed", "description": "PI-GNN offline reroute manoeuvre complete \u2014 truck on safe path", "begin_time": "2026-07-15T09:05:00+00:00", "end_time": "2026-07-15T09:07:00+00:00", "hazard_coefficient": 0.0056, "hazard_class": "SAFE", "is_critical": false, "route_type": "PI-GNN_REROUTE"}}, {"type": "Feature", "geometry": {"type": "LineString", "coordinates": [[76.356034, 10.294399], [76.356055, 10.294434]]}, "properties": {"segment_id": "REROUTE-SEG-326", "scenario_stage": 5, "stage_label": "Reroute Executed", "description": "PI-GNN offline reroute manoeuvre complete \u2014 truck on safe path", "begin_time": "2026-07-15T09:05:00+00:00", "end_time": "2026-07-15T09:07:00+00:00", "hazard_coefficient": 0.0056, "hazard_class": "SAFE", "is_critical": false, "route_type": "PI-GNN_REROUTE"}}, {"type": "Feature", "geometry": {"type": "LineString", "coordinates": [[76.356055, 10.294434], [76.356075, 10.294455]]}, "properties": {"segment_id": "REROUTE-SEG-327", "scenario_stage": 5, "stage_label": "Reroute Executed", "description": "PI-GNN offline reroute manoeuvre complete \u2014 truck on safe path", "begin_time": "2026-07-15T09:05:00+00:00", "end_time": "2026-07-15T09:07:00+00:00", "hazard_coefficient": 0.0056, "hazard_class": "SAFE", "is_critical": false, "route_type": "PI-GNN_REROUTE"}}, {"type": "Feature", "geometry": {"type": "LineString", "coordinates": [[76.356075, 10.294455], [76.356101, 10.294481]]}, "properties": {"segment_id": "REROUTE-SEG-328", "scenario_stage": 5, "stage_label": "Reroute Executed", "description": "PI-GNN offline reroute manoeuvre complete \u2014 truck on safe path", "begin_time": "2026-07-15T09:05:00+00:00", "end_time": "2026-07-15T09:07:00+00:00", "hazard_coefficient": 0.0056, "hazard_class": "SAFE", "is_critical": false, "route_type": "PI-GNN_REROUTE"}}, {"type": "Feature", "geometry": {"type": "LineString", "coordinates": [[76.356101, 10.294481], [76.356131, 10.294497]]}, "properties": {"segment_id": "REROUTE-SEG-329", "scenario_stage": 5, "stage_label": "Reroute Executed", "description": "PI-GNN offline reroute manoeuvre complete \u2014 truck on safe path", "begin_time": "2026-07-15T09:05:00+00:00", "end_time": "2026-07-15T09:07:00+00:00", "hazard_coefficient": 0.0056, "hazard_class": "SAFE", "is_critical": false, "route_type": "PI-GNN_REROUTE"}}, {"type": "Feature", "geometry": {"type": "LineString", "coordinates": [[76.356131, 10.294497], [76.356147, 10.294502]]}, "properties": {"segment_id": "REROUTE-SEG-330", "scenario_stage": 5, "stage_label": "Reroute Executed", "description": "PI-GNN offline reroute manoeuvre complete \u2014 truck on safe path", "begin_time": "2026-07-15T09:05:00+00:00", "end_time": "2026-07-15T09:07:00+00:00", "hazard_coefficient": 0.0056, "hazard_class": "SAFE", "is_critical": false, "route_type": "PI-GNN_REROUTE"}}, {"type": "Feature", "geometry": {"type": "LineString", "coordinates": [[76.356147, 10.294502], [76.356268, 10.294491]]}, "properties": {"segment_id": "REROUTE-SEG-331", "scenario_stage": 5, "stage_label": "Reroute Executed", "description": "PI-GNN offline reroute manoeuvre complete \u2014 truck on safe path", "begin_time": "2026-07-15T09:05:00+00:00", "end_time": "2026-07-15T09:07:00+00:00", "hazard_coefficient": 0.0056, "hazard_class": "SAFE", "is_critical": false, "route_type": "PI-GNN_REROUTE"}}, {"type": "Feature", "geometry": {"type": "LineString", "coordinates": [[76.356268, 10.294491], [76.356635, 10.294453]]}, "properties": {"segment_id": "REROUTE-SEG-332", "scenario_stage": 5, "stage_label": "Reroute Executed", "description": "PI-GNN offline reroute manoeuvre complete \u2014 truck on safe path", "begin_time": "2026-07-15T09:05:00+00:00", "end_time": "2026-07-15T09:07:00+00:00", "hazard_coefficient": 0.0056, "hazard_class": "SAFE", "is_critical": false, "route_type": "PI-GNN_REROUTE"}}, {"type": "Feature", "geometry": {"type": "LineString", "coordinates": [[76.356635, 10.294453], [76.357017, 10.294442]]}, "properties": {"segment_id": "REROUTE-SEG-333", "scenario_stage": 5, "stage_label": "Reroute Executed", "description": "PI-GNN offline reroute manoeuvre complete \u2014 truck on safe path", "begin_time": "2026-07-15T09:05:00+00:00", "end_time": "2026-07-15T09:07:00+00:00", "hazard_coefficient": 0.0056, "hazard_class": "SAFE", "is_critical": false, "route_type": "PI-GNN_REROUTE"}}, {"type": "Feature", "geometry": {"type": "LineString", "coordinates": [[76.357017, 10.294442], [76.35724, 10.294453]]}, "properties": {"segment_id": "REROUTE-SEG-334", "scenario_stage": 5, "stage_label": "Reroute Executed", "description": "PI-GNN offline reroute manoeuvre complete \u2014 truck on safe path", "begin_time": "2026-07-15T09:05:00+00:00", "end_time": "2026-07-15T09:07:00+00:00", "hazard_coefficient": 0.0056, "hazard_class": "SAFE", "is_critical": false, "route_type": "PI-GNN_REROUTE"}}, {"type": "Feature", "geometry": {"type": "LineString", "coordinates": [[76.35724, 10.294453], [76.35757, 10.294491]]}, "properties": {"segment_id": "REROUTE-SEG-335", "scenario_stage": 5, "stage_label": "Reroute Executed", "description": "PI-GNN offline reroute manoeuvre complete \u2014 truck on safe path", "begin_time": "2026-07-15T09:05:00+00:00", "end_time": "2026-07-15T09:07:00+00:00", "hazard_coefficient": 0.0056, "hazard_class": "SAFE", "is_critical": false, "route_type": "PI-GNN_REROUTE"}}, {"type": "Feature", "geometry": {"type": "LineString", "coordinates": [[76.35757, 10.294491], [76.35799, 10.294549]]}, "properties": {"segment_id": "REROUTE-SEG-336", "scenario_stage": 5, "stage_label": "Reroute Executed", "description": "PI-GNN offline reroute manoeuvre complete \u2014 truck on safe path", "begin_time": "2026-07-15T09:05:00+00:00", "end_time": "2026-07-15T09:07:00+00:00", "hazard_coefficient": 0.0056, "hazard_class": "SAFE", "is_critical": false, "route_type": "PI-GNN_REROUTE"}}, {"type": "Feature", "geometry": {"type": "LineString", "coordinates": [[76.35799, 10.294549], [76.358187, 10.294569]]}, "properties": {"segment_id": "REROUTE-SEG-337", "scenario_stage": 5, "stage_label": "Reroute Executed", "description": "PI-GNN offline reroute manoeuvre complete \u2014 truck on safe path", "begin_time": "2026-07-15T09:05:00+00:00", "end_time": "2026-07-15T09:07:00+00:00", "hazard_coefficient": 0.0056, "hazard_class": "SAFE", "is_critical": false, "route_type": "PI-GNN_REROUTE"}}, {"type": "Feature", "geometry": {"type": "LineString", "coordinates": [[76.358187, 10.294569], [76.358225, 10.294584]]}, "properties": {"segment_id": "REROUTE-SEG-338", "scenario_stage": 5, "stage_label": "Reroute Executed", "description": "PI-GNN offline reroute manoeuvre complete \u2014 truck on safe path", "begin_time": "2026-07-15T09:05:00+00:00", "end_time": "2026-07-15T09:07:00+00:00", "hazard_coefficient": 0.0056, "hazard_class": "SAFE", "is_critical": false, "route_type": "PI-GNN_REROUTE"}}, {"type": "Feature", "geometry": {"type": "LineString", "coordinates": [[76.358225, 10.294584], [76.35831, 10.294624]]}, "properties": {"segment_id": "REROUTE-SEG-339", "scenario_stage": 5, "stage_label": "Reroute Executed", "description": "PI-GNN offline reroute manoeuvre complete \u2014 truck on safe path", "begin_time": "2026-07-15T09:05:00+00:00", "end_time": "2026-07-15T09:07:00+00:00", "hazard_coefficient": 0.0056, "hazard_class": "SAFE", "is_critical": false, "route_type": "PI-GNN_REROUTE"}}, {"type": "Feature", "geometry": {"type": "LineString", "coordinates": [[76.35831, 10.294624], [76.358394, 10.294656]]}, "properties": {"segment_id": "REROUTE-SEG-340", "scenario_stage": 5, "stage_label": "Reroute Executed", "description": "PI-GNN offline reroute manoeuvre complete \u2014 truck on safe path", "begin_time": "2026-07-15T09:05:00+00:00", "end_time": "2026-07-15T09:07:00+00:00", "hazard_coefficient": 0.0056, "hazard_class": "SAFE", "is_critical": false, "route_type": "PI-GNN_REROUTE"}}, {"type": "Feature", "geometry": {"type": "LineString", "coordinates": [[76.358394, 10.294656], [76.35849, 10.294675]]}, "properties": {"segment_id": "REROUTE-SEG-341", "scenario_stage": 5, "stage_label": "Reroute Executed", "description": "PI-GNN offline reroute manoeuvre complete \u2014 truck on safe path", "begin_time": "2026-07-15T09:05:00+00:00", "end_time": "2026-07-15T09:07:00+00:00", "hazard_coefficient": 0.0056, "hazard_class": "SAFE", "is_critical": false, "route_type": "PI-GNN_REROUTE"}}, {"type": "Feature", "geometry": {"type": "LineString", "coordinates": [[76.35849, 10.294675], [76.358583, 10.294685]]}, "properties": {"segment_id": "REROUTE-SEG-342", "scenario_stage": 5, "stage_label": "Reroute Executed", "description": "PI-GNN offline reroute manoeuvre complete \u2014 truck on safe path", "begin_time": "2026-07-15T09:05:00+00:00", "end_time": "2026-07-15T09:07:00+00:00", "hazard_coefficient": 0.0056, "hazard_class": "SAFE", "is_critical": false, "route_type": "PI-GNN_REROUTE"}}, {"type": "Feature", "geometry": {"type": "LineString", "coordinates": [[76.358583, 10.294685], [76.359037, 10.294721]]}, "properties": {"segment_id": "REROUTE-SEG-343", "scenario_stage": 5, "stage_label": "Reroute Executed", "description": "PI-GNN offline reroute manoeuvre complete \u2014 truck on safe path", "begin_time": "2026-07-15T09:05:00+00:00", "end_time": "2026-07-15T09:07:00+00:00", "hazard_coefficient": 0.0056, "hazard_class": "SAFE", "is_critical": false, "route_type": "PI-GNN_REROUTE"}}, {"type": "Feature", "geometry": {"type": "LineString", "coordinates": [[76.359037, 10.294721], [76.359256, 10.294732]]}, "properties": {"segment_id": "REROUTE-SEG-344", "scenario_stage": 5, "stage_label": "Reroute Executed", "description": "PI-GNN offline reroute manoeuvre complete \u2014 truck on safe path", "begin_time": "2026-07-15T09:05:00+00:00", "end_time": "2026-07-15T09:07:00+00:00", "hazard_coefficient": 0.0056, "hazard_class": "SAFE", "is_critical": false, "route_type": "PI-GNN_REROUTE"}}, {"type": "Feature", "geometry": {"type": "LineString", "coordinates": [[76.359256, 10.294732], [76.359814, 10.294723]]}, "properties": {"segment_id": "REROUTE-SEG-345", "scenario_stage": 5, "stage_label": "Reroute Executed", "description": "PI-GNN offline reroute manoeuvre complete \u2014 truck on safe path", "begin_time": "2026-07-15T09:05:00+00:00", "end_time": "2026-07-15T09:07:00+00:00", "hazard_coefficient": 0.0056, "hazard_class": "SAFE", "is_critical": false, "route_type": "PI-GNN_REROUTE"}}, {"type": "Feature", "geometry": {"type": "LineString", "coordinates": [[76.359814, 10.294723], [76.359974, 10.294722]]}, "properties": {"segment_id": "REROUTE-SEG-346", "scenario_stage": 5, "stage_label": "Reroute Executed", "description": "PI-GNN offline reroute manoeuvre complete \u2014 truck on safe path", "begin_time": "2026-07-15T09:05:00+00:00", "end_time": "2026-07-15T09:07:00+00:00", "hazard_coefficient": 0.0056, "hazard_class": "SAFE", "is_critical": false, "route_type": "PI-GNN_REROUTE"}}, {"type": "Feature", "geometry": {"type": "LineString", "coordinates": [[76.359974, 10.294722], [76.36007, 10.294721]]}, "properties": {"segment_id": "REROUTE-SEG-347", "scenario_stage": 5, "stage_label": "Reroute Executed", "description": "PI-GNN offline reroute manoeuvre complete \u2014 truck on safe path", "begin_time": "2026-07-15T09:05:00+00:00", "end_time": "2026-07-15T09:07:00+00:00", "hazard_coefficient": 0.0056, "hazard_class": "SAFE", "is_critical": false, "route_type": "PI-GNN_REROUTE"}}, {"type": "Feature", "geometry": {"type": "LineString", "coordinates": [[76.36007, 10.294721], [76.360817, 10.294685]]}, "properties": {"segment_id": "REROUTE-SEG-348", "scenario_stage": 5, "stage_label": "Reroute Executed", "description": "PI-GNN offline reroute manoeuvre complete \u2014 truck on safe path", "begin_time": "2026-07-15T09:05:00+00:00", "end_time": "2026-07-15T09:07:00+00:00", "hazard_coefficient": 0.0056, "hazard_class": "SAFE", "is_critical": false, "route_type": "PI-GNN_REROUTE"}}, {"type": "Feature", "geometry": {"type": "LineString", "coordinates": [[76.360817, 10.294685], [76.361064, 10.294692]]}, "properties": {"segment_id": "REROUTE-SEG-349", "scenario_stage": 5, "stage_label": "Reroute Executed", "description": "PI-GNN offline reroute manoeuvre complete \u2014 truck on safe path", "begin_time": "2026-07-15T09:05:00+00:00", "end_time": "2026-07-15T09:07:00+00:00", "hazard_coefficient": 0.0056, "hazard_class": "SAFE", "is_critical": false, "route_type": "PI-GNN_REROUTE"}}, {"type": "Feature", "geometry": {"type": "LineString", "coordinates": [[76.361064, 10.294692], [76.361139, 10.294708]]}, "properties": {"segment_id": "REROUTE-SEG-350", "scenario_stage": 5, "stage_label": "Reroute Executed", "description": "PI-GNN offline reroute manoeuvre complete \u2014 truck on safe path", "begin_time": "2026-07-15T09:05:00+00:00", "end_time": "2026-07-15T09:07:00+00:00", "hazard_coefficient": 0.0056, "hazard_class": "SAFE", "is_critical": false, "route_type": "PI-GNN_REROUTE"}}, {"type": "Feature", "geometry": {"type": "LineString", "coordinates": [[76.361139, 10.294708], [76.361196, 10.294733]]}, "properties": {"segment_id": "REROUTE-SEG-351", "scenario_stage": 5, "stage_label": "Reroute Executed", "description": "PI-GNN offline reroute manoeuvre complete \u2014 truck on safe path", "begin_time": "2026-07-15T09:05:00+00:00", "end_time": "2026-07-15T09:07:00+00:00", "hazard_coefficient": 0.0056, "hazard_class": "SAFE", "is_critical": false, "route_type": "PI-GNN_REROUTE"}}, {"type": "Feature", "geometry": {"type": "LineString", "coordinates": [[76.361196, 10.294733], [76.361231, 10.294774]]}, "properties": {"segment_id": "REROUTE-SEG-352", "scenario_stage": 5, "stage_label": "Reroute Executed", "description": "PI-GNN offline reroute manoeuvre complete \u2014 truck on safe path", "begin_time": "2026-07-15T09:05:00+00:00", "end_time": "2026-07-15T09:07:00+00:00", "hazard_coefficient": 0.0056, "hazard_class": "SAFE", "is_critical": false, "route_type": "PI-GNN_REROUTE"}}, {"type": "Feature", "geometry": {"type": "LineString", "coordinates": [[76.361231, 10.294774], [76.361255, 10.294816]]}, "properties": {"segment_id": "REROUTE-SEG-353", "scenario_stage": 5, "stage_label": "Reroute Executed", "description": "PI-GNN offline reroute manoeuvre complete \u2014 truck on safe path", "begin_time": "2026-07-15T09:05:00+00:00", "end_time": "2026-07-15T09:07:00+00:00", "hazard_coefficient": 0.0056, "hazard_class": "SAFE", "is_critical": false, "route_type": "PI-GNN_REROUTE"}}, {"type": "Feature", "geometry": {"type": "LineString", "coordinates": [[76.361255, 10.294816], [76.362306, 10.294882]]}, "properties": {"segment_id": "REROUTE-SEG-354", "scenario_stage": 5, "stage_label": "Reroute Executed", "description": "PI-GNN offline reroute manoeuvre complete \u2014 truck on safe path", "begin_time": "2026-07-15T09:05:00+00:00", "end_time": "2026-07-15T09:07:00+00:00", "hazard_coefficient": 0.0056, "hazard_class": "SAFE", "is_critical": false, "route_type": "PI-GNN_REROUTE"}}, {"type": "Feature", "geometry": {"type": "LineString", "coordinates": [[76.362306, 10.294882], [76.362354, 10.294886]]}, "properties": {"segment_id": "REROUTE-SEG-355", "scenario_stage": 5, "stage_label": "Reroute Executed", "description": "PI-GNN offline reroute manoeuvre complete \u2014 truck on safe path", "begin_time": "2026-07-15T09:05:00+00:00", "end_time": "2026-07-15T09:07:00+00:00", "hazard_coefficient": 0.0056, "hazard_class": "SAFE", "is_critical": false, "route_type": "PI-GNN_REROUTE"}}, {"type": "Feature", "geometry": {"type": "LineString", "coordinates": [[76.362354, 10.294886], [76.362369, 10.294886]]}, "properties": {"segment_id": "REROUTE-SEG-356", "scenario_stage": 5, "stage_label": "Reroute Executed", "description": "PI-GNN offline reroute manoeuvre complete \u2014 truck on safe path", "begin_time": "2026-07-15T09:05:00+00:00", "end_time": "2026-07-15T09:07:00+00:00", "hazard_coefficient": 0.0056, "hazard_class": "SAFE", "is_critical": false, "route_type": "PI-GNN_REROUTE"}}, {"type": "Feature", "geometry": {"type": "LineString", "coordinates": [[76.362369, 10.294886], [76.362692, 10.294913]]}, "properties": {"segment_id": "REROUTE-SEG-357", "scenario_stage": 5, "stage_label": "Reroute Executed", "description": "PI-GNN offline reroute manoeuvre complete \u2014 truck on safe path", "begin_time": "2026-07-15T09:05:00+00:00", "end_time": "2026-07-15T09:07:00+00:00", "hazard_coefficient": 0.0056, "hazard_class": "SAFE", "is_critical": false, "route_type": "PI-GNN_REROUTE"}}, {"type": "Feature", "geometry": {"type": "LineString", "coordinates": [[76.362692, 10.294913], [76.362817, 10.294931]]}, "properties": {"segment_id": "REROUTE-SEG-358", "scenario_stage": 5, "stage_label": "Reroute Executed", "description": "PI-GNN offline reroute manoeuvre complete \u2014 truck on safe path", "begin_time": "2026-07-15T09:05:00+00:00", "end_time": "2026-07-15T09:07:00+00:00", "hazard_coefficient": 0.0056, "hazard_class": "SAFE", "is_critical": false, "route_type": "PI-GNN_REROUTE"}}, {"type": "Feature", "geometry": {"type": "LineString", "coordinates": [[76.362817, 10.294931], [76.363346, 10.294948]]}, "properties": {"segment_id": "REROUTE-SEG-359", "scenario_stage": 5, "stage_label": "Reroute Executed", "description": "PI-GNN offline reroute manoeuvre complete \u2014 truck on safe path", "begin_time": "2026-07-15T09:05:00+00:00", "end_time": "2026-07-15T09:07:00+00:00", "hazard_coefficient": 0.0056, "hazard_class": "SAFE", "is_critical": false, "route_type": "PI-GNN_REROUTE"}}, {"type": "Feature", "geometry": {"type": "LineString", "coordinates": [[76.363346, 10.294948], [76.363955, 10.294945]]}, "properties": {"segment_id": "REROUTE-SEG-360", "scenario_stage": 5, "stage_label": "Reroute Executed", "description": "PI-GNN offline reroute manoeuvre complete \u2014 truck on safe path", "begin_time": "2026-07-15T09:05:00+00:00", "end_time": "2026-07-15T09:07:00+00:00", "hazard_coefficient": 0.0056, "hazard_class": "SAFE", "is_critical": false, "route_type": "PI-GNN_REROUTE"}}, {"type": "Feature", "geometry": {"type": "LineString", "coordinates": [[76.363955, 10.294945], [76.364505, 10.294906]]}, "properties": {"segment_id": "REROUTE-SEG-361", "scenario_stage": 5, "stage_label": "Reroute Executed", "description": "PI-GNN offline reroute manoeuvre complete \u2014 truck on safe path", "begin_time": "2026-07-15T09:05:00+00:00", "end_time": "2026-07-15T09:07:00+00:00", "hazard_coefficient": 0.0056, "hazard_class": "SAFE", "is_critical": false, "route_type": "PI-GNN_REROUTE"}}, {"type": "Feature", "geometry": {"type": "LineString", "coordinates": [[76.364505, 10.294906], [76.36462, 10.294702]]}, "properties": {"segment_id": "REROUTE-SEG-362", "scenario_stage": 5, "stage_label": "Reroute Executed", "description": "PI-GNN offline reroute manoeuvre complete \u2014 truck on safe path", "begin_time": "2026-07-15T09:05:00+00:00", "end_time": "2026-07-15T09:07:00+00:00", "hazard_coefficient": 0.0056, "hazard_class": "SAFE", "is_critical": false, "route_type": "PI-GNN_REROUTE"}}, {"type": "Feature", "geometry": {"type": "LineString", "coordinates": [[76.36462, 10.294702], [76.364714, 10.294306]]}, "properties": {"segment_id": "REROUTE-SEG-363", "scenario_stage": 5, "stage_label": "Reroute Executed", "description": "PI-GNN offline reroute manoeuvre complete \u2014 truck on safe path", "begin_time": "2026-07-15T09:05:00+00:00", "end_time": "2026-07-15T09:07:00+00:00", "hazard_coefficient": 0.0056, "hazard_class": "SAFE", "is_critical": false, "route_type": "PI-GNN_REROUTE"}}, {"type": "Feature", "geometry": {"type": "LineString", "coordinates": [[76.364714, 10.294306], [76.364838, 10.294172]]}, "properties": {"segment_id": "REROUTE-SEG-364", "scenario_stage": 5, "stage_label": "Reroute Executed", "description": "PI-GNN offline reroute manoeuvre complete \u2014 truck on safe path", "begin_time": "2026-07-15T09:05:00+00:00", "end_time": "2026-07-15T09:07:00+00:00", "hazard_coefficient": 0.0056, "hazard_class": "SAFE", "is_critical": false, "route_type": "PI-GNN_REROUTE"}}, {"type": "Feature", "geometry": {"type": "LineString", "coordinates": [[76.364838, 10.294172], [76.365103, 10.294093]]}, "properties": {"segment_id": "REROUTE-SEG-365", "scenario_stage": 5, "stage_label": "Reroute Executed", "description": "PI-GNN offline reroute manoeuvre complete \u2014 truck on safe path", "begin_time": "2026-07-15T09:05:00+00:00", "end_time": "2026-07-15T09:07:00+00:00", "hazard_coefficient": 0.0056, "hazard_class": "SAFE", "is_critical": false, "route_type": "PI-GNN_REROUTE"}}, {"type": "Feature", "geometry": {"type": "LineString", "coordinates": [[76.365103, 10.294093], [76.365471, 10.294111]]}, "properties": {"segment_id": "REROUTE-SEG-366", "scenario_stage": 5, "stage_label": "Reroute Executed", "description": "PI-GNN offline reroute manoeuvre complete \u2014 truck on safe path", "begin_time": "2026-07-15T09:05:00+00:00", "end_time": "2026-07-15T09:07:00+00:00", "hazard_coefficient": 0.0056, "hazard_class": "SAFE", "is_critical": false, "route_type": "PI-GNN_REROUTE"}}, {"type": "Feature", "geometry": {"type": "LineString", "coordinates": [[76.365471, 10.294111], [76.366061, 10.294087]]}, "properties": {"segment_id": "REROUTE-SEG-367", "scenario_stage": 5, "stage_label": "Reroute Executed", "description": "PI-GNN offline reroute manoeuvre complete \u2014 truck on safe path", "begin_time": "2026-07-15T09:05:00+00:00", "end_time": "2026-07-15T09:07:00+00:00", "hazard_coefficient": 0.0056, "hazard_class": "SAFE", "is_critical": false, "route_type": "PI-GNN_REROUTE"}}, {"type": "Feature", "geometry": {"type": "LineString", "coordinates": [[76.366061, 10.294087], [76.366211, 10.294077]]}, "properties": {"segment_id": "REROUTE-SEG-368", "scenario_stage": 5, "stage_label": "Reroute Executed", "description": "PI-GNN offline reroute manoeuvre complete \u2014 truck on safe path", "begin_time": "2026-07-15T09:05:00+00:00", "end_time": "2026-07-15T09:07:00+00:00", "hazard_coefficient": 0.0056, "hazard_class": "SAFE", "is_critical": false, "route_type": "PI-GNN_REROUTE"}}, {"type": "Feature", "geometry": {"type": "LineString", "coordinates": [[76.366211, 10.294077], [76.366852, 10.29403]]}, "properties": {"segment_id": "REROUTE-SEG-369", "scenario_stage": 5, "stage_label": "Reroute Executed", "description": "PI-GNN offline reroute manoeuvre complete \u2014 truck on safe path", "begin_time": "2026-07-15T09:05:00+00:00", "end_time": "2026-07-15T09:07:00+00:00", "hazard_coefficient": 0.0056, "hazard_class": "SAFE", "is_critical": false, "route_type": "PI-GNN_REROUTE"}}, {"type": "Feature", "geometry": {"type": "LineString", "coordinates": [[76.366852, 10.29403], [76.367386, 10.293959]]}, "properties": {"segment_id": "REROUTE-SEG-370", "scenario_stage": 5, "stage_label": "Reroute Executed", "description": "PI-GNN offline reroute manoeuvre complete \u2014 truck on safe path", "begin_time": "2026-07-15T09:05:00+00:00", "end_time": "2026-07-15T09:07:00+00:00", "hazard_coefficient": 0.0056, "hazard_class": "SAFE", "is_critical": false, "route_type": "PI-GNN_REROUTE"}}, {"type": "Feature", "geometry": {"type": "LineString", "coordinates": [[76.367386, 10.293959], [76.367573, 10.293869]]}, "properties": {"segment_id": "REROUTE-SEG-371", "scenario_stage": 5, "stage_label": "Reroute Executed", "description": "PI-GNN offline reroute manoeuvre complete \u2014 truck on safe path", "begin_time": "2026-07-15T09:05:00+00:00", "end_time": "2026-07-15T09:07:00+00:00", "hazard_coefficient": 0.0056, "hazard_class": "SAFE", "is_critical": false, "route_type": "PI-GNN_REROUTE"}}, {"type": "Feature", "geometry": {"type": "LineString", "coordinates": [[76.367573, 10.293869], [76.367622, 10.293766]]}, "properties": {"segment_id": "REROUTE-SEG-372", "scenario_stage": 5, "stage_label": "Reroute Executed", "description": "PI-GNN offline reroute manoeuvre complete \u2014 truck on safe path", "begin_time": "2026-07-15T09:05:00+00:00", "end_time": "2026-07-15T09:07:00+00:00", "hazard_coefficient": 0.0056, "hazard_class": "SAFE", "is_critical": false, "route_type": "PI-GNN_REROUTE"}}, {"type": "Feature", "geometry": {"type": "LineString", "coordinates": [[76.367622, 10.293766], [76.367691, 10.293618]]}, "properties": {"segment_id": "REROUTE-SEG-373", "scenario_stage": 5, "stage_label": "Reroute Executed", "description": "PI-GNN offline reroute manoeuvre complete \u2014 truck on safe path", "begin_time": "2026-07-15T09:05:00+00:00", "end_time": "2026-07-15T09:07:00+00:00", "hazard_coefficient": 0.0056, "hazard_class": "SAFE", "is_critical": false, "route_type": "PI-GNN_REROUTE"}}, {"type": "Feature", "geometry": {"type": "LineString", "coordinates": [[76.367691, 10.293618], [76.367761, 10.293497]]}, "properties": {"segment_id": "REROUTE-SEG-374", "scenario_stage": 5, "stage_label": "Reroute Executed", "description": "PI-GNN offline reroute manoeuvre complete \u2014 truck on safe path", "begin_time": "2026-07-15T09:05:00+00:00", "end_time": "2026-07-15T09:07:00+00:00", "hazard_coefficient": 0.0056, "hazard_class": "SAFE", "is_critical": false, "route_type": "PI-GNN_REROUTE"}}, {"type": "Feature", "geometry": {"type": "LineString", "coordinates": [[76.367761, 10.293497], [76.368343, 10.293388]]}, "properties": {"segment_id": "REROUTE-SEG-375", "scenario_stage": 5, "stage_label": "Reroute Executed", "description": "PI-GNN offline reroute manoeuvre complete \u2014 truck on safe path", "begin_time": "2026-07-15T09:05:00+00:00", "end_time": "2026-07-15T09:07:00+00:00", "hazard_coefficient": 0.0056, "hazard_class": "SAFE", "is_critical": false, "route_type": "PI-GNN_REROUTE"}}, {"type": "Feature", "geometry": {"type": "LineString", "coordinates": [[76.368343, 10.293388], [76.368565, 10.293325]]}, "properties": {"segment_id": "REROUTE-SEG-376", "scenario_stage": 5, "stage_label": "Reroute Executed", "description": "PI-GNN offline reroute manoeuvre complete \u2014 truck on safe path", "begin_time": "2026-07-15T09:05:00+00:00", "end_time": "2026-07-15T09:07:00+00:00", "hazard_coefficient": 0.0056, "hazard_class": "SAFE", "is_critical": false, "route_type": "PI-GNN_REROUTE"}}, {"type": "Feature", "geometry": {"type": "LineString", "coordinates": [[76.368565, 10.293325], [76.368917, 10.293224]]}, "properties": {"segment_id": "REROUTE-SEG-377", "scenario_stage": 5, "stage_label": "Reroute Executed", "description": "PI-GNN offline reroute manoeuvre complete \u2014 truck on safe path", "begin_time": "2026-07-15T09:05:00+00:00", "end_time": "2026-07-15T09:07:00+00:00", "hazard_coefficient": 0.0056, "hazard_class": "SAFE", "is_critical": false, "route_type": "PI-GNN_REROUTE"}}, {"type": "Feature", "geometry": {"type": "LineString", "coordinates": [[76.368917, 10.293224], [76.369314, 10.293093]]}, "properties": {"segment_id": "REROUTE-SEG-378", "scenario_stage": 5, "stage_label": "Reroute Executed", "description": "PI-GNN offline reroute manoeuvre complete \u2014 truck on safe path", "begin_time": "2026-07-15T09:05:00+00:00", "end_time": "2026-07-15T09:07:00+00:00", "hazard_coefficient": 0.0056, "hazard_class": "SAFE", "is_critical": false, "route_type": "PI-GNN_REROUTE"}}, {"type": "Feature", "geometry": {"type": "LineString", "coordinates": [[76.369314, 10.293093], [76.369371, 10.292976]]}, "properties": {"segment_id": "REROUTE-SEG-379", "scenario_stage": 5, "stage_label": "Reroute Executed", "description": "PI-GNN offline reroute manoeuvre complete \u2014 truck on safe path", "begin_time": "2026-07-15T09:05:00+00:00", "end_time": "2026-07-15T09:07:00+00:00", "hazard_coefficient": 0.0056, "hazard_class": "SAFE", "is_critical": false, "route_type": "PI-GNN_REROUTE"}}, {"type": "Feature", "geometry": {"type": "LineString", "coordinates": [[76.369371, 10.292976], [76.369352, 10.292712]]}, "properties": {"segment_id": "REROUTE-SEG-380", "scenario_stage": 5, "stage_label": "Reroute Executed", "description": "PI-GNN offline reroute manoeuvre complete \u2014 truck on safe path", "begin_time": "2026-07-15T09:05:00+00:00", "end_time": "2026-07-15T09:07:00+00:00", "hazard_coefficient": 0.0056, "hazard_class": "SAFE", "is_critical": false, "route_type": "PI-GNN_REROUTE"}}, {"type": "Feature", "geometry": {"type": "LineString", "coordinates": [[76.369352, 10.292712], [76.369352, 10.292507]]}, "properties": {"segment_id": "REROUTE-SEG-381", "scenario_stage": 5, "stage_label": "Reroute Executed", "description": "PI-GNN offline reroute manoeuvre complete \u2014 truck on safe path", "begin_time": "2026-07-15T09:05:00+00:00", "end_time": "2026-07-15T09:07:00+00:00", "hazard_coefficient": 0.0056, "hazard_class": "SAFE", "is_critical": false, "route_type": "PI-GNN_REROUTE"}}, {"type": "Feature", "geometry": {"type": "LineString", "coordinates": [[76.369352, 10.292507], [76.36948, 10.292383]]}, "properties": {"segment_id": "REROUTE-SEG-382", "scenario_stage": 5, "stage_label": "Reroute Executed", "description": "PI-GNN offline reroute manoeuvre complete \u2014 truck on safe path", "begin_time": "2026-07-15T09:05:00+00:00", "end_time": "2026-07-15T09:07:00+00:00", "hazard_coefficient": 0.0056, "hazard_class": "SAFE", "is_critical": false, "route_type": "PI-GNN_REROUTE"}}, {"type": "Feature", "geometry": {"type": "LineString", "coordinates": [[76.36948, 10.292383], [76.370017, 10.29215]]}, "properties": {"segment_id": "REROUTE-SEG-383", "scenario_stage": 5, "stage_label": "Reroute Executed", "description": "PI-GNN offline reroute manoeuvre complete \u2014 truck on safe path", "begin_time": "2026-07-15T09:05:00+00:00", "end_time": "2026-07-15T09:07:00+00:00", "hazard_coefficient": 0.0056, "hazard_class": "SAFE", "is_critical": false, "route_type": "PI-GNN_REROUTE"}}, {"type": "Feature", "geometry": {"type": "LineString", "coordinates": [[76.370017, 10.29215], [76.370242, 10.292185]]}, "properties": {"segment_id": "REROUTE-SEG-384", "scenario_stage": 5, "stage_label": "Reroute Executed", "description": "PI-GNN offline reroute manoeuvre complete \u2014 truck on safe path", "begin_time": "2026-07-15T09:05:00+00:00", "end_time": "2026-07-15T09:07:00+00:00", "hazard_coefficient": 0.0056, "hazard_class": "SAFE", "is_critical": false, "route_type": "PI-GNN_REROUTE"}}, {"type": "Feature", "geometry": {"type": "LineString", "coordinates": [[76.370242, 10.292185], [76.37072, 10.29205]]}, "properties": {"segment_id": "REROUTE-SEG-385", "scenario_stage": 5, "stage_label": "Reroute Executed", "description": "PI-GNN offline reroute manoeuvre complete \u2014 truck on safe path", "begin_time": "2026-07-15T09:05:00+00:00", "end_time": "2026-07-15T09:07:00+00:00", "hazard_coefficient": 0.0056, "hazard_class": "SAFE", "is_critical": false, "route_type": "PI-GNN_REROUTE"}}, {"type": "Feature", "geometry": {"type": "LineString", "coordinates": [[76.37072, 10.29205], [76.37081, 10.292004]]}, "properties": {"segment_id": "REROUTE-SEG-386", "scenario_stage": 5, "stage_label": "Reroute Executed", "description": "PI-GNN offline reroute manoeuvre complete \u2014 truck on safe path", "begin_time": "2026-07-15T09:05:00+00:00", "end_time": "2026-07-15T09:07:00+00:00", "hazard_coefficient": 0.0056, "hazard_class": "SAFE", "is_critical": false, "route_type": "PI-GNN_REROUTE"}}, {"type": "Feature", "geometry": {"type": "LineString", "coordinates": [[76.37081, 10.292004], [76.37109, 10.29186]]}, "properties": {"segment_id": "REROUTE-SEG-387", "scenario_stage": 5, "stage_label": "Reroute Executed", "description": "PI-GNN offline reroute manoeuvre complete \u2014 truck on safe path", "begin_time": "2026-07-15T09:05:00+00:00", "end_time": "2026-07-15T09:07:00+00:00", "hazard_coefficient": 0.0056, "hazard_class": "SAFE", "is_critical": false, "route_type": "PI-GNN_REROUTE"}}, {"type": "Feature", "geometry": {"type": "LineString", "coordinates": [[76.37109, 10.29186], [76.371534, 10.291853]]}, "properties": {"segment_id": "REROUTE-SEG-388", "scenario_stage": 5, "stage_label": "Reroute Executed", "description": "PI-GNN offline reroute manoeuvre complete \u2014 truck on safe path", "begin_time": "2026-07-15T09:05:00+00:00", "end_time": "2026-07-15T09:07:00+00:00", "hazard_coefficient": 0.0056, "hazard_class": "SAFE", "is_critical": false, "route_type": "PI-GNN_REROUTE"}}, {"type": "Feature", "geometry": {"type": "LineString", "coordinates": [[76.371534, 10.291853], [76.37176, 10.291849]]}, "properties": {"segment_id": "REROUTE-SEG-389", "scenario_stage": 5, "stage_label": "Reroute Executed", "description": "PI-GNN offline reroute manoeuvre complete \u2014 truck on safe path", "begin_time": "2026-07-15T09:05:00+00:00", "end_time": "2026-07-15T09:07:00+00:00", "hazard_coefficient": 0.0056, "hazard_class": "SAFE", "is_critical": false, "route_type": "PI-GNN_REROUTE"}}, {"type": "Feature", "geometry": {"type": "LineString", "coordinates": [[76.37176, 10.291849], [76.372069, 10.291828]]}, "properties": {"segment_id": "REROUTE-SEG-390", "scenario_stage": 5, "stage_label": "Reroute Executed", "description": "PI-GNN offline reroute manoeuvre complete \u2014 truck on safe path", "begin_time": "2026-07-15T09:05:00+00:00", "end_time": "2026-07-15T09:07:00+00:00", "hazard_coefficient": 0.0056, "hazard_class": "SAFE", "is_critical": false, "route_type": "PI-GNN_REROUTE"}}, {"type": "Feature", "geometry": {"type": "LineString", "coordinates": [[76.372069, 10.291828], [76.372433, 10.291655]]}, "properties": {"segment_id": "REROUTE-SEG-391", "scenario_stage": 5, "stage_label": "Reroute Executed", "description": "PI-GNN offline reroute manoeuvre complete \u2014 truck on safe path", "begin_time": "2026-07-15T09:05:00+00:00", "end_time": "2026-07-15T09:07:00+00:00", "hazard_coefficient": 0.0056, "hazard_class": "SAFE", "is_critical": false, "route_type": "PI-GNN_REROUTE"}}, {"type": "Feature", "geometry": {"type": "LineString", "coordinates": [[76.372433, 10.291655], [76.373077, 10.291439]]}, "properties": {"segment_id": "REROUTE-SEG-392", "scenario_stage": 5, "stage_label": "Reroute Executed", "description": "PI-GNN offline reroute manoeuvre complete \u2014 truck on safe path", "begin_time": "2026-07-15T09:05:00+00:00", "end_time": "2026-07-15T09:07:00+00:00", "hazard_coefficient": 0.0056, "hazard_class": "SAFE", "is_critical": false, "route_type": "PI-GNN_REROUTE"}}, {"type": "Feature", "geometry": {"type": "LineString", "coordinates": [[76.373077, 10.291439], [76.373164, 10.291414]]}, "properties": {"segment_id": "REROUTE-SEG-393", "scenario_stage": 5, "stage_label": "Reroute Executed", "description": "PI-GNN offline reroute manoeuvre complete \u2014 truck on safe path", "begin_time": "2026-07-15T09:05:00+00:00", "end_time": "2026-07-15T09:07:00+00:00", "hazard_coefficient": 0.0056, "hazard_class": "SAFE", "is_critical": false, "route_type": "PI-GNN_REROUTE"}}, {"type": "Feature", "geometry": {"type": "LineString", "coordinates": [[76.373164, 10.291414], [76.37341, 10.291345]]}, "properties": {"segment_id": "REROUTE-SEG-394", "scenario_stage": 5, "stage_label": "Reroute Executed", "description": "PI-GNN offline reroute manoeuvre complete \u2014 truck on safe path", "begin_time": "2026-07-15T09:05:00+00:00", "end_time": "2026-07-15T09:07:00+00:00", "hazard_coefficient": 0.0056, "hazard_class": "SAFE", "is_critical": false, "route_type": "PI-GNN_REROUTE"}}, {"type": "Feature", "geometry": {"type": "LineString", "coordinates": [[76.37341, 10.291345], [76.373499, 10.291348]]}, "properties": {"segment_id": "REROUTE-SEG-395", "scenario_stage": 5, "stage_label": "Reroute Executed", "description": "PI-GNN offline reroute manoeuvre complete \u2014 truck on safe path", "begin_time": "2026-07-15T09:05:00+00:00", "end_time": "2026-07-15T09:07:00+00:00", "hazard_coefficient": 0.0056, "hazard_class": "SAFE", "is_critical": false, "route_type": "PI-GNN_REROUTE"}}, {"type": "Feature", "geometry": {"type": "LineString", "coordinates": [[76.373499, 10.291348], [76.373761, 10.291356]]}, "properties": {"segment_id": "REROUTE-SEG-396", "scenario_stage": 5, "stage_label": "Reroute Executed", "description": "PI-GNN offline reroute manoeuvre complete \u2014 truck on safe path", "begin_time": "2026-07-15T09:05:00+00:00", "end_time": "2026-07-15T09:07:00+00:00", "hazard_coefficient": 0.0056, "hazard_class": "SAFE", "is_critical": false, "route_type": "PI-GNN_REROUTE"}}, {"type": "Feature", "geometry": {"type": "LineString", "coordinates": [[76.373761, 10.291356], [76.374233, 10.291451]]}, "properties": {"segment_id": "REROUTE-SEG-397", "scenario_stage": 5, "stage_label": "Reroute Executed", "description": "PI-GNN offline reroute manoeuvre complete \u2014 truck on safe path", "begin_time": "2026-07-15T09:05:00+00:00", "end_time": "2026-07-15T09:07:00+00:00", "hazard_coefficient": 0.0056, "hazard_class": "SAFE", "is_critical": false, "route_type": "PI-GNN_REROUTE"}}, {"type": "Feature", "geometry": {"type": "LineString", "coordinates": [[76.374233, 10.291451], [76.37484, 10.291467]]}, "properties": {"segment_id": "REROUTE-SEG-398", "scenario_stage": 5, "stage_label": "Reroute Executed", "description": "PI-GNN offline reroute manoeuvre complete \u2014 truck on safe path", "begin_time": "2026-07-15T09:05:00+00:00", "end_time": "2026-07-15T09:07:00+00:00", "hazard_coefficient": 0.0056, "hazard_class": "SAFE", "is_critical": false, "route_type": "PI-GNN_REROUTE"}}, {"type": "Feature", "geometry": {"type": "LineString", "coordinates": [[76.37484, 10.291467], [76.375124, 10.291543]]}, "properties": {"segment_id": "REROUTE-SEG-399", "scenario_stage": 5, "stage_label": "Reroute Executed", "description": "PI-GNN offline reroute manoeuvre complete \u2014 truck on safe path", "begin_time": "2026-07-15T09:05:00+00:00", "end_time": "2026-07-15T09:07:00+00:00", "hazard_coefficient": 0.0056, "hazard_class": "SAFE", "is_critical": false, "route_type": "PI-GNN_REROUTE"}}, {"type": "Feature", "geometry": {"type": "LineString", "coordinates": [[76.375124, 10.291543], [76.37551, 10.291673]]}, "properties": {"segment_id": "REROUTE-SEG-400", "scenario_stage": 5, "stage_label": "Reroute Executed", "description": "PI-GNN offline reroute manoeuvre complete \u2014 truck on safe path", "begin_time": "2026-07-15T09:05:00+00:00", "end_time": "2026-07-15T09:07:00+00:00", "hazard_coefficient": 0.0056, "hazard_class": "SAFE", "is_critical": false, "route_type": "PI-GNN_REROUTE"}}, {"type": "Feature", "geometry": {"type": "LineString", "coordinates": [[76.37551, 10.291673], [76.375695, 10.291686]]}, "properties": {"segment_id": "REROUTE-SEG-401", "scenario_stage": 5, "stage_label": "Reroute Executed", "description": "PI-GNN offline reroute manoeuvre complete \u2014 truck on safe path", "begin_time": "2026-07-15T09:05:00+00:00", "end_time": "2026-07-15T09:07:00+00:00", "hazard_coefficient": 0.0056, "hazard_class": "SAFE", "is_critical": false, "route_type": "PI-GNN_REROUTE"}}, {"type": "Feature", "geometry": {"type": "LineString", "coordinates": [[76.375695, 10.291686], [76.37577, 10.291676]]}, "properties": {"segment_id": "REROUTE-SEG-402", "scenario_stage": 5, "stage_label": "Reroute Executed", "description": "PI-GNN offline reroute manoeuvre complete \u2014 truck on safe path", "begin_time": "2026-07-15T09:05:00+00:00", "end_time": "2026-07-15T09:07:00+00:00", "hazard_coefficient": 0.0056, "hazard_class": "SAFE", "is_critical": false, "route_type": "PI-GNN_REROUTE"}}, {"type": "Feature", "geometry": {"type": "LineString", "coordinates": [[76.37577, 10.291676], [76.377125, 10.291718]]}, "properties": {"segment_id": "REROUTE-SEG-403", "scenario_stage": 5, "stage_label": "Reroute Executed", "description": "PI-GNN offline reroute manoeuvre complete \u2014 truck on safe path", "begin_time": "2026-07-15T09:05:00+00:00", "end_time": "2026-07-15T09:07:00+00:00", "hazard_coefficient": 0.0056, "hazard_class": "SAFE", "is_critical": false, "route_type": "PI-GNN_REROUTE"}}, {"type": "Feature", "geometry": {"type": "LineString", "coordinates": [[76.377125, 10.291718], [76.378147, 10.291689]]}, "properties": {"segment_id": "REROUTE-SEG-404", "scenario_stage": 5, "stage_label": "Reroute Executed", "description": "PI-GNN offline reroute manoeuvre complete \u2014 truck on safe path", "begin_time": "2026-07-15T09:05:00+00:00", "end_time": "2026-07-15T09:07:00+00:00", "hazard_coefficient": 0.0056, "hazard_class": "SAFE", "is_critical": false, "route_type": "PI-GNN_REROUTE"}}, {"type": "Feature", "geometry": {"type": "LineString", "coordinates": [[76.378147, 10.291689], [76.378541, 10.291649]]}, "properties": {"segment_id": "REROUTE-SEG-405", "scenario_stage": 5, "stage_label": "Reroute Executed", "description": "PI-GNN offline reroute manoeuvre complete \u2014 truck on safe path", "begin_time": "2026-07-15T09:05:00+00:00", "end_time": "2026-07-15T09:07:00+00:00", "hazard_coefficient": 0.0056, "hazard_class": "SAFE", "is_critical": false, "route_type": "PI-GNN_REROUTE"}}, {"type": "Feature", "geometry": {"type": "LineString", "coordinates": [[76.378541, 10.291649], [76.379221, 10.291761]]}, "properties": {"segment_id": "REROUTE-SEG-406", "scenario_stage": 5, "stage_label": "Reroute Executed", "description": "PI-GNN offline reroute manoeuvre complete \u2014 truck on safe path", "begin_time": "2026-07-15T09:05:00+00:00", "end_time": "2026-07-15T09:07:00+00:00", "hazard_coefficient": 0.0056, "hazard_class": "SAFE", "is_critical": false, "route_type": "PI-GNN_REROUTE"}}, {"type": "Feature", "geometry": {"type": "LineString", "coordinates": [[76.379221, 10.291761], [76.379252, 10.291766]]}, "properties": {"segment_id": "REROUTE-SEG-407", "scenario_stage": 5, "stage_label": "Reroute Executed", "description": "PI-GNN offline reroute manoeuvre complete \u2014 truck on safe path", "begin_time": "2026-07-15T09:05:00+00:00", "end_time": "2026-07-15T09:07:00+00:00", "hazard_coefficient": 0.0056, "hazard_class": "SAFE", "is_critical": false, "route_type": "PI-GNN_REROUTE"}}, {"type": "Feature", "geometry": {"type": "LineString", "coordinates": [[76.379252, 10.291766], [76.379598, 10.292218]]}, "properties": {"segment_id": "REROUTE-SEG-408", "scenario_stage": 5, "stage_label": "Reroute Executed", "description": "PI-GNN offline reroute manoeuvre complete \u2014 truck on safe path", "begin_time": "2026-07-15T09:05:00+00:00", "end_time": "2026-07-15T09:07:00+00:00", "hazard_coefficient": 0.0056, "hazard_class": "SAFE", "is_critical": false, "route_type": "PI-GNN_REROUTE"}}, {"type": "Feature", "geometry": {"type": "LineString", "coordinates": [[76.379598, 10.292218], [76.379677, 10.292332]]}, "properties": {"segment_id": "REROUTE-SEG-409", "scenario_stage": 5, "stage_label": "Reroute Executed", "description": "PI-GNN offline reroute manoeuvre complete \u2014 truck on safe path", "begin_time": "2026-07-15T09:05:00+00:00", "end_time": "2026-07-15T09:07:00+00:00", "hazard_coefficient": 0.0056, "hazard_class": "SAFE", "is_critical": false, "route_type": "PI-GNN_REROUTE"}}, {"type": "Feature", "geometry": {"type": "LineString", "coordinates": [[76.379677, 10.292332], [76.37987, 10.292509]]}, "properties": {"segment_id": "REROUTE-SEG-410", "scenario_stage": 5, "stage_label": "Reroute Executed", "description": "PI-GNN offline reroute manoeuvre complete \u2014 truck on safe path", "begin_time": "2026-07-15T09:05:00+00:00", "end_time": "2026-07-15T09:07:00+00:00", "hazard_coefficient": 0.0056, "hazard_class": "SAFE", "is_critical": false, "route_type": "PI-GNN_REROUTE"}}, {"type": "Feature", "geometry": {"type": "LineString", "coordinates": [[76.37987, 10.292509], [76.380097, 10.292565]]}, "properties": {"segment_id": "REROUTE-SEG-411", "scenario_stage": 5, "stage_label": "Reroute Executed", "description": "PI-GNN offline reroute manoeuvre complete \u2014 truck on safe path", "begin_time": "2026-07-15T09:05:00+00:00", "end_time": "2026-07-15T09:07:00+00:00", "hazard_coefficient": 0.0056, "hazard_class": "SAFE", "is_critical": false, "route_type": "PI-GNN_REROUTE"}}, {"type": "Feature", "geometry": {"type": "LineString", "coordinates": [[76.380097, 10.292565], [76.380569, 10.292464]]}, "properties": {"segment_id": "REROUTE-SEG-412", "scenario_stage": 5, "stage_label": "Reroute Executed", "description": "PI-GNN offline reroute manoeuvre complete \u2014 truck on safe path", "begin_time": "2026-07-15T09:05:00+00:00", "end_time": "2026-07-15T09:07:00+00:00", "hazard_coefficient": 0.0056, "hazard_class": "SAFE", "is_critical": false, "route_type": "PI-GNN_REROUTE"}}, {"type": "Feature", "geometry": {"type": "LineString", "coordinates": [[76.380569, 10.292464], [76.380912, 10.292436]]}, "properties": {"segment_id": "REROUTE-SEG-413", "scenario_stage": 5, "stage_label": "Reroute Executed", "description": "PI-GNN offline reroute manoeuvre complete \u2014 truck on safe path", "begin_time": "2026-07-15T09:05:00+00:00", "end_time": "2026-07-15T09:07:00+00:00", "hazard_coefficient": 0.0056, "hazard_class": "SAFE", "is_critical": false, "route_type": "PI-GNN_REROUTE"}}, {"type": "Feature", "geometry": {"type": "LineString", "coordinates": [[76.380912, 10.292436], [76.38147, 10.292399]]}, "properties": {"segment_id": "REROUTE-SEG-414", "scenario_stage": 5, "stage_label": "Reroute Executed", "description": "PI-GNN offline reroute manoeuvre complete \u2014 truck on safe path", "begin_time": "2026-07-15T09:05:00+00:00", "end_time": "2026-07-15T09:07:00+00:00", "hazard_coefficient": 0.0056, "hazard_class": "SAFE", "is_critical": false, "route_type": "PI-GNN_REROUTE"}}, {"type": "Feature", "geometry": {"type": "LineString", "coordinates": [[76.38147, 10.292399], [76.381601, 10.292467]]}, "properties": {"segment_id": "REROUTE-SEG-415", "scenario_stage": 5, "stage_label": "Reroute Executed", "description": "PI-GNN offline reroute manoeuvre complete \u2014 truck on safe path", "begin_time": "2026-07-15T09:05:00+00:00", "end_time": "2026-07-15T09:07:00+00:00", "hazard_coefficient": 0.0056, "hazard_class": "SAFE", "is_critical": false, "route_type": "PI-GNN_REROUTE"}}, {"type": "Feature", "geometry": {"type": "LineString", "coordinates": [[76.381601, 10.292467], [76.381786, 10.292702]]}, "properties": {"segment_id": "REROUTE-SEG-416", "scenario_stage": 5, "stage_label": "Reroute Executed", "description": "PI-GNN offline reroute manoeuvre complete \u2014 truck on safe path", "begin_time": "2026-07-15T09:05:00+00:00", "end_time": "2026-07-15T09:07:00+00:00", "hazard_coefficient": 0.0056, "hazard_class": "SAFE", "is_critical": false, "route_type": "PI-GNN_REROUTE"}}, {"type": "Feature", "geometry": {"type": "LineString", "coordinates": [[76.381786, 10.292702], [76.381907, 10.292734]]}, "properties": {"segment_id": "REROUTE-SEG-417", "scenario_stage": 5, "stage_label": "Reroute Executed", "description": "PI-GNN offline reroute manoeuvre complete \u2014 truck on safe path", "begin_time": "2026-07-15T09:05:00+00:00", "end_time": "2026-07-15T09:07:00+00:00", "hazard_coefficient": 0.0056, "hazard_class": "SAFE", "is_critical": false, "route_type": "PI-GNN_REROUTE"}}, {"type": "Feature", "geometry": {"type": "LineString", "coordinates": [[76.381907, 10.292734], [76.382213, 10.292702]]}, "properties": {"segment_id": "REROUTE-SEG-418", "scenario_stage": 5, "stage_label": "Reroute Executed", "description": "PI-GNN offline reroute manoeuvre complete \u2014 truck on safe path", "begin_time": "2026-07-15T09:05:00+00:00", "end_time": "2026-07-15T09:07:00+00:00", "hazard_coefficient": 0.0056, "hazard_class": "SAFE", "is_critical": false, "route_type": "PI-GNN_REROUTE"}}, {"type": "Feature", "geometry": {"type": "LineString", "coordinates": [[76.382213, 10.292702], [76.382602, 10.292742]]}, "properties": {"segment_id": "REROUTE-SEG-419", "scenario_stage": 5, "stage_label": "Reroute Executed", "description": "PI-GNN offline reroute manoeuvre complete \u2014 truck on safe path", "begin_time": "2026-07-15T09:05:00+00:00", "end_time": "2026-07-15T09:07:00+00:00", "hazard_coefficient": 0.0056, "hazard_class": "SAFE", "is_critical": false, "route_type": "PI-GNN_REROUTE"}}, {"type": "Feature", "geometry": {"type": "LineString", "coordinates": [[76.382602, 10.292742], [76.383064, 10.292986]]}, "properties": {"segment_id": "REROUTE-SEG-420", "scenario_stage": 5, "stage_label": "Reroute Executed", "description": "PI-GNN offline reroute manoeuvre complete \u2014 truck on safe path", "begin_time": "2026-07-15T09:05:00+00:00", "end_time": "2026-07-15T09:07:00+00:00", "hazard_coefficient": 0.0056, "hazard_class": "SAFE", "is_critical": false, "route_type": "PI-GNN_REROUTE"}}, {"type": "Feature", "geometry": {"type": "LineString", "coordinates": [[76.383064, 10.292986], [76.383205, 10.293061]]}, "properties": {"segment_id": "REROUTE-SEG-421", "scenario_stage": 5, "stage_label": "Reroute Executed", "description": "PI-GNN offline reroute manoeuvre complete \u2014 truck on safe path", "begin_time": "2026-07-15T09:05:00+00:00", "end_time": "2026-07-15T09:07:00+00:00", "hazard_coefficient": 0.0056, "hazard_class": "SAFE", "is_critical": false, "route_type": "PI-GNN_REROUTE"}}, {"type": "Feature", "geometry": {"type": "LineString", "coordinates": [[76.383205, 10.293061], [76.383439, 10.293114]]}, "properties": {"segment_id": "REROUTE-SEG-422", "scenario_stage": 5, "stage_label": "Reroute Executed", "description": "PI-GNN offline reroute manoeuvre complete \u2014 truck on safe path", "begin_time": "2026-07-15T09:05:00+00:00", "end_time": "2026-07-15T09:07:00+00:00", "hazard_coefficient": 0.0056, "hazard_class": "SAFE", "is_critical": false, "route_type": "PI-GNN_REROUTE"}}, {"type": "Feature", "geometry": {"type": "LineString", "coordinates": [[76.383439, 10.293114], [76.383903, 10.293157]]}, "properties": {"segment_id": "REROUTE-SEG-423", "scenario_stage": 5, "stage_label": "Reroute Executed", "description": "PI-GNN offline reroute manoeuvre complete \u2014 truck on safe path", "begin_time": "2026-07-15T09:05:00+00:00", "end_time": "2026-07-15T09:07:00+00:00", "hazard_coefficient": 0.0056, "hazard_class": "SAFE", "is_critical": false, "route_type": "PI-GNN_REROUTE"}}, {"type": "Feature", "geometry": {"type": "LineString", "coordinates": [[76.383903, 10.293157], [76.38493, 10.293513]]}, "properties": {"segment_id": "REROUTE-SEG-424", "scenario_stage": 5, "stage_label": "Reroute Executed", "description": "PI-GNN offline reroute manoeuvre complete \u2014 truck on safe path", "begin_time": "2026-07-15T09:05:00+00:00", "end_time": "2026-07-15T09:07:00+00:00", "hazard_coefficient": 0.0056, "hazard_class": "SAFE", "is_critical": false, "route_type": "PI-GNN_REROUTE"}}, {"type": "Feature", "geometry": {"type": "LineString", "coordinates": [[76.38493, 10.293513], [76.385319, 10.29362]]}, "properties": {"segment_id": "REROUTE-SEG-425", "scenario_stage": 5, "stage_label": "Reroute Executed", "description": "PI-GNN offline reroute manoeuvre complete \u2014 truck on safe path", "begin_time": "2026-07-15T09:05:00+00:00", "end_time": "2026-07-15T09:07:00+00:00", "hazard_coefficient": 0.0056, "hazard_class": "SAFE", "is_critical": false, "route_type": "PI-GNN_REROUTE"}}, {"type": "Feature", "geometry": {"type": "LineString", "coordinates": [[76.385319, 10.29362], [76.385614, 10.293608]]}, "properties": {"segment_id": "REROUTE-SEG-426", "scenario_stage": 5, "stage_label": "Reroute Executed", "description": "PI-GNN offline reroute manoeuvre complete \u2014 truck on safe path", "begin_time": "2026-07-15T09:05:00+00:00", "end_time": "2026-07-15T09:07:00+00:00", "hazard_coefficient": 0.0056, "hazard_class": "SAFE", "is_critical": false, "route_type": "PI-GNN_REROUTE"}}, {"type": "Feature", "geometry": {"type": "LineString", "coordinates": [[76.385614, 10.293608], [76.385807, 10.293496]]}, "properties": {"segment_id": "REROUTE-SEG-427", "scenario_stage": 5, "stage_label": "Reroute Executed", "description": "PI-GNN offline reroute manoeuvre complete \u2014 truck on safe path", "begin_time": "2026-07-15T09:05:00+00:00", "end_time": "2026-07-15T09:07:00+00:00", "hazard_coefficient": 0.0056, "hazard_class": "SAFE", "is_critical": false, "route_type": "PI-GNN_REROUTE"}}, {"type": "Feature", "geometry": {"type": "LineString", "coordinates": [[76.385807, 10.293496], [76.386145, 10.293409]]}, "properties": {"segment_id": "REROUTE-SEG-428", "scenario_stage": 5, "stage_label": "Reroute Executed", "description": "PI-GNN offline reroute manoeuvre complete \u2014 truck on safe path", "begin_time": "2026-07-15T09:05:00+00:00", "end_time": "2026-07-15T09:07:00+00:00", "hazard_coefficient": 0.0056, "hazard_class": "SAFE", "is_critical": false, "route_type": "PI-GNN_REROUTE"}}, {"type": "Feature", "geometry": {"type": "LineString", "coordinates": [[76.386145, 10.293409], [76.386246, 10.293406]]}, "properties": {"segment_id": "REROUTE-SEG-429", "scenario_stage": 5, "stage_label": "Reroute Executed", "description": "PI-GNN offline reroute manoeuvre complete \u2014 truck on safe path", "begin_time": "2026-07-15T09:05:00+00:00", "end_time": "2026-07-15T09:07:00+00:00", "hazard_coefficient": 0.0056, "hazard_class": "SAFE", "is_critical": false, "route_type": "PI-GNN_REROUTE"}}, {"type": "Feature", "geometry": {"type": "LineString", "coordinates": [[76.386246, 10.293406], [76.38662, 10.293394]]}, "properties": {"segment_id": "REROUTE-SEG-430", "scenario_stage": 5, "stage_label": "Reroute Executed", "description": "PI-GNN offline reroute manoeuvre complete \u2014 truck on safe path", "begin_time": "2026-07-15T09:05:00+00:00", "end_time": "2026-07-15T09:07:00+00:00", "hazard_coefficient": 0.0056, "hazard_class": "SAFE", "is_critical": false, "route_type": "PI-GNN_REROUTE"}}, {"type": "Feature", "geometry": {"type": "LineString", "coordinates": [[76.38662, 10.293394], [76.387014, 10.293275]]}, "properties": {"segment_id": "REROUTE-SEG-431", "scenario_stage": 5, "stage_label": "Reroute Executed", "description": "PI-GNN offline reroute manoeuvre complete \u2014 truck on safe path", "begin_time": "2026-07-15T09:05:00+00:00", "end_time": "2026-07-15T09:07:00+00:00", "hazard_coefficient": 0.0056, "hazard_class": "SAFE", "is_critical": false, "route_type": "PI-GNN_REROUTE"}}, {"type": "Feature", "geometry": {"type": "LineString", "coordinates": [[76.387014, 10.293275], [76.387331, 10.293098]]}, "properties": {"segment_id": "REROUTE-SEG-432", "scenario_stage": 5, "stage_label": "Reroute Executed", "description": "PI-GNN offline reroute manoeuvre complete \u2014 truck on safe path", "begin_time": "2026-07-15T09:05:00+00:00", "end_time": "2026-07-15T09:07:00+00:00", "hazard_coefficient": 0.0056, "hazard_class": "SAFE", "is_critical": false, "route_type": "PI-GNN_REROUTE"}}, {"type": "Feature", "geometry": {"type": "LineString", "coordinates": [[76.387331, 10.293098], [76.387746, 10.292779]]}, "properties": {"segment_id": "REROUTE-SEG-433", "scenario_stage": 5, "stage_label": "Reroute Executed", "description": "PI-GNN offline reroute manoeuvre complete \u2014 truck on safe path", "begin_time": "2026-07-15T09:05:00+00:00", "end_time": "2026-07-15T09:07:00+00:00", "hazard_coefficient": 0.0056, "hazard_class": "SAFE", "is_critical": false, "route_type": "PI-GNN_REROUTE"}}, {"type": "Feature", "geometry": {"type": "LineString", "coordinates": [[76.387746, 10.292779], [76.38798, 10.292621]]}, "properties": {"segment_id": "REROUTE-SEG-434", "scenario_stage": 5, "stage_label": "Reroute Executed", "description": "PI-GNN offline reroute manoeuvre complete \u2014 truck on safe path", "begin_time": "2026-07-15T09:05:00+00:00", "end_time": "2026-07-15T09:07:00+00:00", "hazard_coefficient": 0.0056, "hazard_class": "SAFE", "is_critical": false, "route_type": "PI-GNN_REROUTE"}}, {"type": "Feature", "geometry": {"type": "LineString", "coordinates": [[76.38798, 10.292621], [76.3885, 10.292386]]}, "properties": {"segment_id": "REROUTE-SEG-435", "scenario_stage": 5, "stage_label": "Reroute Executed", "description": "PI-GNN offline reroute manoeuvre complete \u2014 truck on safe path", "begin_time": "2026-07-15T09:05:00+00:00", "end_time": "2026-07-15T09:07:00+00:00", "hazard_coefficient": 0.0056, "hazard_class": "SAFE", "is_critical": false, "route_type": "PI-GNN_REROUTE"}}, {"type": "Feature", "geometry": {"type": "LineString", "coordinates": [[76.3885, 10.292386], [76.388956, 10.292021]]}, "properties": {"segment_id": "REROUTE-SEG-436", "scenario_stage": 5, "stage_label": "Reroute Executed", "description": "PI-GNN offline reroute manoeuvre complete \u2014 truck on safe path", "begin_time": "2026-07-15T09:05:00+00:00", "end_time": "2026-07-15T09:07:00+00:00", "hazard_coefficient": 0.0056, "hazard_class": "SAFE", "is_critical": false, "route_type": "PI-GNN_REROUTE"}}, {"type": "Feature", "geometry": {"type": "LineString", "coordinates": [[76.388956, 10.292021], [76.389197, 10.291705]]}, "properties": {"segment_id": "REROUTE-SEG-437", "scenario_stage": 5, "stage_label": "Reroute Executed", "description": "PI-GNN offline reroute manoeuvre complete \u2014 truck on safe path", "begin_time": "2026-07-15T09:05:00+00:00", "end_time": "2026-07-15T09:07:00+00:00", "hazard_coefficient": 0.0056, "hazard_class": "SAFE", "is_critical": false, "route_type": "PI-GNN_REROUTE"}}, {"type": "Feature", "geometry": {"type": "LineString", "coordinates": [[76.389197, 10.291705], [76.389431, 10.291122]]}, "properties": {"segment_id": "REROUTE-SEG-438", "scenario_stage": 5, "stage_label": "Reroute Executed", "description": "PI-GNN offline reroute manoeuvre complete \u2014 truck on safe path", "begin_time": "2026-07-15T09:05:00+00:00", "end_time": "2026-07-15T09:07:00+00:00", "hazard_coefficient": 0.0056, "hazard_class": "SAFE", "is_critical": false, "route_type": "PI-GNN_REROUTE"}}, {"type": "Feature", "geometry": {"type": "LineString", "coordinates": [[76.389431, 10.291122], [76.389498, 10.290979]]}, "properties": {"segment_id": "REROUTE-SEG-439", "scenario_stage": 5, "stage_label": "Reroute Executed", "description": "PI-GNN offline reroute manoeuvre complete \u2014 truck on safe path", "begin_time": "2026-07-15T09:05:00+00:00", "end_time": "2026-07-15T09:07:00+00:00", "hazard_coefficient": 0.0056, "hazard_class": "SAFE", "is_critical": false, "route_type": "PI-GNN_REROUTE"}}, {"type": "Feature", "geometry": {"type": "LineString", "coordinates": [[76.389498, 10.290979], [76.389569, 10.290942]]}, "properties": {"segment_id": "REROUTE-SEG-440", "scenario_stage": 5, "stage_label": "Reroute Executed", "description": "PI-GNN offline reroute manoeuvre complete \u2014 truck on safe path", "begin_time": "2026-07-15T09:05:00+00:00", "end_time": "2026-07-15T09:07:00+00:00", "hazard_coefficient": 0.0056, "hazard_class": "SAFE", "is_critical": false, "route_type": "PI-GNN_REROUTE"}}, {"type": "Feature", "geometry": {"type": "LineString", "coordinates": [[76.389569, 10.290942], [76.389662, 10.290908]]}, "properties": {"segment_id": "REROUTE-SEG-441", "scenario_stage": 5, "stage_label": "Reroute Executed", "description": "PI-GNN offline reroute manoeuvre complete \u2014 truck on safe path", "begin_time": "2026-07-15T09:05:00+00:00", "end_time": "2026-07-15T09:07:00+00:00", "hazard_coefficient": 0.0056, "hazard_class": "SAFE", "is_critical": false, "route_type": "PI-GNN_REROUTE"}}, {"type": "Feature", "geometry": {"type": "LineString", "coordinates": [[76.389662, 10.290908], [76.390139, 10.290795]]}, "properties": {"segment_id": "REROUTE-SEG-442", "scenario_stage": 5, "stage_label": "Reroute Executed", "description": "PI-GNN offline reroute manoeuvre complete \u2014 truck on safe path", "begin_time": "2026-07-15T09:05:00+00:00", "end_time": "2026-07-15T09:07:00+00:00", "hazard_coefficient": 0.0056, "hazard_class": "SAFE", "is_critical": false, "route_type": "PI-GNN_REROUTE"}}, {"type": "Feature", "geometry": {"type": "LineString", "coordinates": [[76.390139, 10.290795], [76.390329, 10.290671]]}, "properties": {"segment_id": "REROUTE-SEG-443", "scenario_stage": 5, "stage_label": "Reroute Executed", "description": "PI-GNN offline reroute manoeuvre complete \u2014 truck on safe path", "begin_time": "2026-07-15T09:05:00+00:00", "end_time": "2026-07-15T09:07:00+00:00", "hazard_coefficient": 0.0056, "hazard_class": "SAFE", "is_critical": false, "route_type": "PI-GNN_REROUTE"}}, {"type": "Feature", "geometry": {"type": "LineString", "coordinates": [[76.390329, 10.290671], [76.39042, 10.290536]]}, "properties": {"segment_id": "REROUTE-SEG-444", "scenario_stage": 5, "stage_label": "Reroute Executed", "description": "PI-GNN offline reroute manoeuvre complete \u2014 truck on safe path", "begin_time": "2026-07-15T09:05:00+00:00", "end_time": "2026-07-15T09:07:00+00:00", "hazard_coefficient": 0.0056, "hazard_class": "SAFE", "is_critical": false, "route_type": "PI-GNN_REROUTE"}}, {"type": "Feature", "geometry": {"type": "LineString", "coordinates": [[76.39042, 10.290536], [76.390493, 10.290512]]}, "properties": {"segment_id": "REROUTE-SEG-445", "scenario_stage": 5, "stage_label": "Reroute Executed", "description": "PI-GNN offline reroute manoeuvre complete \u2014 truck on safe path", "begin_time": "2026-07-15T09:05:00+00:00", "end_time": "2026-07-15T09:07:00+00:00", "hazard_coefficient": 0.0056, "hazard_class": "SAFE", "is_critical": false, "route_type": "PI-GNN_REROUTE"}}, {"type": "Feature", "geometry": {"type": "LineString", "coordinates": [[76.390493, 10.290512], [76.390654, 10.290459]]}, "properties": {"segment_id": "REROUTE-SEG-446", "scenario_stage": 5, "stage_label": "Reroute Executed", "description": "PI-GNN offline reroute manoeuvre complete \u2014 truck on safe path", "begin_time": "2026-07-15T09:05:00+00:00", "end_time": "2026-07-15T09:07:00+00:00", "hazard_coefficient": 0.0056, "hazard_class": "SAFE", "is_critical": false, "route_type": "PI-GNN_REROUTE"}}, {"type": "Feature", "geometry": {"type": "LineString", "coordinates": [[76.390654, 10.290459], [76.390984, 10.29032]]}, "properties": {"segment_id": "REROUTE-SEG-447", "scenario_stage": 5, "stage_label": "Reroute Executed", "description": "PI-GNN offline reroute manoeuvre complete \u2014 truck on safe path", "begin_time": "2026-07-15T09:05:00+00:00", "end_time": "2026-07-15T09:07:00+00:00", "hazard_coefficient": 0.0056, "hazard_class": "SAFE", "is_critical": false, "route_type": "PI-GNN_REROUTE"}}, {"type": "Feature", "geometry": {"type": "LineString", "coordinates": [[76.390984, 10.29032], [76.392003, 10.289641]]}, "properties": {"segment_id": "REROUTE-SEG-448", "scenario_stage": 5, "stage_label": "Reroute Executed", "description": "PI-GNN offline reroute manoeuvre complete \u2014 truck on safe path", "begin_time": "2026-07-15T09:05:00+00:00", "end_time": "2026-07-15T09:07:00+00:00", "hazard_coefficient": 0.0056, "hazard_class": "SAFE", "is_critical": false, "route_type": "PI-GNN_REROUTE"}}, {"type": "Feature", "geometry": {"type": "LineString", "coordinates": [[76.392003, 10.289641], [76.392899, 10.289097]]}, "properties": {"segment_id": "REROUTE-SEG-449", "scenario_stage": 5, "stage_label": "Reroute Executed", "description": "PI-GNN offline reroute manoeuvre complete \u2014 truck on safe path", "begin_time": "2026-07-15T09:05:00+00:00", "end_time": "2026-07-15T09:07:00+00:00", "hazard_coefficient": 0.0056, "hazard_class": "SAFE", "is_critical": false, "route_type": "PI-GNN_REROUTE"}}, {"type": "Feature", "geometry": {"type": "LineString", "coordinates": [[76.392899, 10.289097], [76.393508, 10.28876]]}, "properties": {"segment_id": "REROUTE-SEG-450", "scenario_stage": 5, "stage_label": "Reroute Executed", "description": "PI-GNN offline reroute manoeuvre complete \u2014 truck on safe path", "begin_time": "2026-07-15T09:05:00+00:00", "end_time": "2026-07-15T09:07:00+00:00", "hazard_coefficient": 0.0056, "hazard_class": "SAFE", "is_critical": false, "route_type": "PI-GNN_REROUTE"}}, {"type": "Feature", "geometry": {"type": "LineString", "coordinates": [[76.393508, 10.28876], [76.393679, 10.28859]]}, "properties": {"segment_id": "REROUTE-SEG-451", "scenario_stage": 5, "stage_label": "Reroute Executed", "description": "PI-GNN offline reroute manoeuvre complete \u2014 truck on safe path", "begin_time": "2026-07-15T09:05:00+00:00", "end_time": "2026-07-15T09:07:00+00:00", "hazard_coefficient": 0.0056, "hazard_class": "SAFE", "is_critical": false, "route_type": "PI-GNN_REROUTE"}}, {"type": "Feature", "geometry": {"type": "LineString", "coordinates": [[76.393679, 10.28859], [76.393956, 10.288408]]}, "properties": {"segment_id": "REROUTE-SEG-452", "scenario_stage": 5, "stage_label": "Reroute Executed", "description": "PI-GNN offline reroute manoeuvre complete \u2014 truck on safe path", "begin_time": "2026-07-15T09:05:00+00:00", "end_time": "2026-07-15T09:07:00+00:00", "hazard_coefficient": 0.0056, "hazard_class": "SAFE", "is_critical": false, "route_type": "PI-GNN_REROUTE"}}, {"type": "Feature", "geometry": {"type": "LineString", "coordinates": [[76.393956, 10.288408], [76.39472, 10.287973]]}, "properties": {"segment_id": "REROUTE-SEG-453", "scenario_stage": 5, "stage_label": "Reroute Executed", "description": "PI-GNN offline reroute manoeuvre complete \u2014 truck on safe path", "begin_time": "2026-07-15T09:05:00+00:00", "end_time": "2026-07-15T09:07:00+00:00", "hazard_coefficient": 0.0056, "hazard_class": "SAFE", "is_critical": false, "route_type": "PI-GNN_REROUTE"}}, {"type": "Feature", "geometry": {"type": "LineString", "coordinates": [[76.39472, 10.287973], [76.394761, 10.288001]]}, "properties": {"segment_id": "REROUTE-SEG-454", "scenario_stage": 5, "stage_label": "Reroute Executed", "description": "PI-GNN offline reroute manoeuvre complete \u2014 truck on safe path", "begin_time": "2026-07-15T09:05:00+00:00", "end_time": "2026-07-15T09:07:00+00:00", "hazard_coefficient": 0.0056, "hazard_class": "SAFE", "is_critical": false, "route_type": "PI-GNN_REROUTE"}}, {"type": "Feature", "geometry": {"type": "LineString", "coordinates": [[76.394761, 10.288001], [76.395088, 10.28815]]}, "properties": {"segment_id": "REROUTE-SEG-455", "scenario_stage": 5, "stage_label": "Reroute Executed", "description": "PI-GNN offline reroute manoeuvre complete \u2014 truck on safe path", "begin_time": "2026-07-15T09:05:00+00:00", "end_time": "2026-07-15T09:07:00+00:00", "hazard_coefficient": 0.0056, "hazard_class": "SAFE", "is_critical": false, "route_type": "PI-GNN_REROUTE"}}, {"type": "Feature", "geometry": {"type": "LineString", "coordinates": [[76.395088, 10.28815], [76.395248, 10.288332]]}, "properties": {"segment_id": "REROUTE-SEG-456", "scenario_stage": 5, "stage_label": "Reroute Executed", "description": "PI-GNN offline reroute manoeuvre complete \u2014 truck on safe path", "begin_time": "2026-07-15T09:05:00+00:00", "end_time": "2026-07-15T09:07:00+00:00", "hazard_coefficient": 0.0056, "hazard_class": "SAFE", "is_critical": false, "route_type": "PI-GNN_REROUTE"}}, {"type": "Feature", "geometry": {"type": "LineString", "coordinates": [[76.395248, 10.288332], [76.395297, 10.288387]]}, "properties": {"segment_id": "REROUTE-SEG-457", "scenario_stage": 5, "stage_label": "Reroute Executed", "description": "PI-GNN offline reroute manoeuvre complete \u2014 truck on safe path", "begin_time": "2026-07-15T09:05:00+00:00", "end_time": "2026-07-15T09:07:00+00:00", "hazard_coefficient": 0.0056, "hazard_class": "SAFE", "is_critical": false, "route_type": "PI-GNN_REROUTE"}}, {"type": "Feature", "geometry": {"type": "LineString", "coordinates": [[76.395297, 10.288387], [76.395396, 10.288783]]}, "properties": {"segment_id": "REROUTE-SEG-458", "scenario_stage": 5, "stage_label": "Reroute Executed", "description": "PI-GNN offline reroute manoeuvre complete \u2014 truck on safe path", "begin_time": "2026-07-15T09:05:00+00:00", "end_time": "2026-07-15T09:07:00+00:00", "hazard_coefficient": 0.0056, "hazard_class": "SAFE", "is_critical": false, "route_type": "PI-GNN_REROUTE"}}, {"type": "Feature", "geometry": {"type": "LineString", "coordinates": [[76.395396, 10.288783], [76.395359, 10.28904]]}, "properties": {"segment_id": "REROUTE-SEG-459", "scenario_stage": 5, "stage_label": "Reroute Executed", "description": "PI-GNN offline reroute manoeuvre complete \u2014 truck on safe path", "begin_time": "2026-07-15T09:05:00+00:00", "end_time": "2026-07-15T09:07:00+00:00", "hazard_coefficient": 0.0056, "hazard_class": "SAFE", "is_critical": false, "route_type": "PI-GNN_REROUTE"}}, {"type": "Feature", "geometry": {"type": "LineString", "coordinates": [[76.395359, 10.28904], [76.395325, 10.289204]]}, "properties": {"segment_id": "REROUTE-SEG-460", "scenario_stage": 5, "stage_label": "Reroute Executed", "description": "PI-GNN offline reroute manoeuvre complete \u2014 truck on safe path", "begin_time": "2026-07-15T09:05:00+00:00", "end_time": "2026-07-15T09:07:00+00:00", "hazard_coefficient": 0.0056, "hazard_class": "SAFE", "is_critical": false, "route_type": "PI-GNN_REROUTE"}}, {"type": "Feature", "geometry": {"type": "LineString", "coordinates": [[76.395325, 10.289204], [76.395393, 10.289347]]}, "properties": {"segment_id": "REROUTE-SEG-461", "scenario_stage": 5, "stage_label": "Reroute Executed", "description": "PI-GNN offline reroute manoeuvre complete \u2014 truck on safe path", "begin_time": "2026-07-15T09:05:00+00:00", "end_time": "2026-07-15T09:07:00+00:00", "hazard_coefficient": 0.0056, "hazard_class": "SAFE", "is_critical": false, "route_type": "PI-GNN_REROUTE"}}, {"type": "Feature", "geometry": {"type": "LineString", "coordinates": [[76.395393, 10.289347], [76.395579, 10.289431]]}, "properties": {"segment_id": "REROUTE-SEG-462", "scenario_stage": 5, "stage_label": "Reroute Executed", "description": "PI-GNN offline reroute manoeuvre complete \u2014 truck on safe path", "begin_time": "2026-07-15T09:05:00+00:00", "end_time": "2026-07-15T09:07:00+00:00", "hazard_coefficient": 0.0056, "hazard_class": "SAFE", "is_critical": false, "route_type": "PI-GNN_REROUTE"}}, {"type": "Feature", "geometry": {"type": "LineString", "coordinates": [[76.395579, 10.289431], [76.396032, 10.289547]]}, "properties": {"segment_id": "REROUTE-SEG-463", "scenario_stage": 5, "stage_label": "Reroute Executed", "description": "PI-GNN offline reroute manoeuvre complete \u2014 truck on safe path", "begin_time": "2026-07-15T09:05:00+00:00", "end_time": "2026-07-15T09:07:00+00:00", "hazard_coefficient": 0.0056, "hazard_class": "SAFE", "is_critical": false, "route_type": "PI-GNN_REROUTE"}}, {"type": "Feature", "geometry": {"type": "LineString", "coordinates": [[76.396032, 10.289547], [76.396141, 10.289631]]}, "properties": {"segment_id": "REROUTE-SEG-464", "scenario_stage": 5, "stage_label": "Reroute Executed", "description": "PI-GNN offline reroute manoeuvre complete \u2014 truck on safe path", "begin_time": "2026-07-15T09:05:00+00:00", "end_time": "2026-07-15T09:07:00+00:00", "hazard_coefficient": 0.0056, "hazard_class": "SAFE", "is_critical": false, "route_type": "PI-GNN_REROUTE"}}, {"type": "Feature", "geometry": {"type": "LineString", "coordinates": [[76.396141, 10.289631], [76.396195, 10.289928]]}, "properties": {"segment_id": "REROUTE-SEG-465", "scenario_stage": 5, "stage_label": "Reroute Executed", "description": "PI-GNN offline reroute manoeuvre complete \u2014 truck on safe path", "begin_time": "2026-07-15T09:05:00+00:00", "end_time": "2026-07-15T09:07:00+00:00", "hazard_coefficient": 0.0056, "hazard_class": "SAFE", "is_critical": false, "route_type": "PI-GNN_REROUTE"}}, {"type": "Feature", "geometry": {"type": "LineString", "coordinates": [[76.396195, 10.289928], [76.396351, 10.290018]]}, "properties": {"segment_id": "REROUTE-SEG-466", "scenario_stage": 5, "stage_label": "Reroute Executed", "description": "PI-GNN offline reroute manoeuvre complete \u2014 truck on safe path", "begin_time": "2026-07-15T09:05:00+00:00", "end_time": "2026-07-15T09:07:00+00:00", "hazard_coefficient": 0.0056, "hazard_class": "SAFE", "is_critical": false, "route_type": "PI-GNN_REROUTE"}}, {"type": "Feature", "geometry": {"type": "LineString", "coordinates": [[76.396351, 10.290018], [76.397059, 10.289992]]}, "properties": {"segment_id": "REROUTE-SEG-467", "scenario_stage": 5, "stage_label": "Reroute Executed", "description": "PI-GNN offline reroute manoeuvre complete \u2014 truck on safe path", "begin_time": "2026-07-15T09:05:00+00:00", "end_time": "2026-07-15T09:07:00+00:00", "hazard_coefficient": 0.0056, "hazard_class": "SAFE", "is_critical": false, "route_type": "PI-GNN_REROUTE"}}, {"type": "Feature", "geometry": {"type": "LineString", "coordinates": [[76.397059, 10.289992], [76.39781, 10.289978]]}, "properties": {"segment_id": "REROUTE-SEG-468", "scenario_stage": 5, "stage_label": "Reroute Executed", "description": "PI-GNN offline reroute manoeuvre complete \u2014 truck on safe path", "begin_time": "2026-07-15T09:05:00+00:00", "end_time": "2026-07-15T09:07:00+00:00", "hazard_coefficient": 0.0056, "hazard_class": "SAFE", "is_critical": false, "route_type": "PI-GNN_REROUTE"}}, {"type": "Feature", "geometry": {"type": "LineString", "coordinates": [[76.39781, 10.289978], [76.398282, 10.290047]]}, "properties": {"segment_id": "REROUTE-SEG-469", "scenario_stage": 5, "stage_label": "Reroute Executed", "description": "PI-GNN offline reroute manoeuvre complete \u2014 truck on safe path", "begin_time": "2026-07-15T09:05:00+00:00", "end_time": "2026-07-15T09:07:00+00:00", "hazard_coefficient": 0.0056, "hazard_class": "SAFE", "is_critical": false, "route_type": "PI-GNN_REROUTE"}}, {"type": "Feature", "geometry": {"type": "LineString", "coordinates": [[76.398282, 10.290047], [76.398803, 10.290214]]}, "properties": {"segment_id": "REROUTE-SEG-470", "scenario_stage": 5, "stage_label": "Reroute Executed", "description": "PI-GNN offline reroute manoeuvre complete \u2014 truck on safe path", "begin_time": "2026-07-15T09:05:00+00:00", "end_time": "2026-07-15T09:07:00+00:00", "hazard_coefficient": 0.0056, "hazard_class": "SAFE", "is_critical": false, "route_type": "PI-GNN_REROUTE"}}, {"type": "Feature", "geometry": {"type": "LineString", "coordinates": [[76.398803, 10.290214], [76.399146, 10.290189]]}, "properties": {"segment_id": "REROUTE-SEG-471", "scenario_stage": 5, "stage_label": "Reroute Executed", "description": "PI-GNN offline reroute manoeuvre complete \u2014 truck on safe path", "begin_time": "2026-07-15T09:05:00+00:00", "end_time": "2026-07-15T09:07:00+00:00", "hazard_coefficient": 0.0056, "hazard_class": "SAFE", "is_critical": false, "route_type": "PI-GNN_REROUTE"}}, {"type": "Feature", "geometry": {"type": "LineString", "coordinates": [[76.399146, 10.290189], [76.399323, 10.290132]]}, "properties": {"segment_id": "REROUTE-SEG-472", "scenario_stage": 5, "stage_label": "Reroute Executed", "description": "PI-GNN offline reroute manoeuvre complete \u2014 truck on safe path", "begin_time": "2026-07-15T09:05:00+00:00", "end_time": "2026-07-15T09:07:00+00:00", "hazard_coefficient": 0.0056, "hazard_class": "SAFE", "is_critical": false, "route_type": "PI-GNN_REROUTE"}}, {"type": "Feature", "geometry": {"type": "LineString", "coordinates": [[76.399323, 10.290132], [76.39943, 10.290103]]}, "properties": {"segment_id": "REROUTE-SEG-473", "scenario_stage": 5, "stage_label": "Reroute Executed", "description": "PI-GNN offline reroute manoeuvre complete \u2014 truck on safe path", "begin_time": "2026-07-15T09:05:00+00:00", "end_time": "2026-07-15T09:07:00+00:00", "hazard_coefficient": 0.0056, "hazard_class": "SAFE", "is_critical": false, "route_type": "PI-GNN_REROUTE"}}, {"type": "Feature", "geometry": {"type": "LineString", "coordinates": [[76.39943, 10.290103], [76.400146, 10.289965]]}, "properties": {"segment_id": "REROUTE-SEG-474", "scenario_stage": 5, "stage_label": "Reroute Executed", "description": "PI-GNN offline reroute manoeuvre complete \u2014 truck on safe path", "begin_time": "2026-07-15T09:05:00+00:00", "end_time": "2026-07-15T09:07:00+00:00", "hazard_coefficient": 0.0056, "hazard_class": "SAFE", "is_critical": false, "route_type": "PI-GNN_REROUTE"}}, {"type": "Feature", "geometry": {"type": "LineString", "coordinates": [[76.400146, 10.289965], [76.40086, 10.28983]]}, "properties": {"segment_id": "REROUTE-SEG-475", "scenario_stage": 5, "stage_label": "Reroute Executed", "description": "PI-GNN offline reroute manoeuvre complete \u2014 truck on safe path", "begin_time": "2026-07-15T09:05:00+00:00", "end_time": "2026-07-15T09:07:00+00:00", "hazard_coefficient": 0.0056, "hazard_class": "SAFE", "is_critical": false, "route_type": "PI-GNN_REROUTE"}}, {"type": "Feature", "geometry": {"type": "LineString", "coordinates": [[76.40086, 10.28983], [76.400956, 10.289822]]}, "properties": {"segment_id": "REROUTE-SEG-476", "scenario_stage": 5, "stage_label": "Reroute Executed", "description": "PI-GNN offline reroute manoeuvre complete \u2014 truck on safe path", "begin_time": "2026-07-15T09:05:00+00:00", "end_time": "2026-07-15T09:07:00+00:00", "hazard_coefficient": 0.0056, "hazard_class": "SAFE", "is_critical": false, "route_type": "PI-GNN_REROUTE"}}, {"type": "Feature", "geometry": {"type": "LineString", "coordinates": [[76.400956, 10.289822], [76.401005, 10.289818]]}, "properties": {"segment_id": "REROUTE-SEG-477", "scenario_stage": 5, "stage_label": "Reroute Executed", "description": "PI-GNN offline reroute manoeuvre complete \u2014 truck on safe path", "begin_time": "2026-07-15T09:05:00+00:00", "end_time": "2026-07-15T09:07:00+00:00", "hazard_coefficient": 0.0056, "hazard_class": "SAFE", "is_critical": false, "route_type": "PI-GNN_REROUTE"}}, {"type": "Feature", "geometry": {"type": "LineString", "coordinates": [[76.401005, 10.289818], [76.401466, 10.289643]]}, "properties": {"segment_id": "REROUTE-SEG-478", "scenario_stage": 5, "stage_label": "Reroute Executed", "description": "PI-GNN offline reroute manoeuvre complete \u2014 truck on safe path", "begin_time": "2026-07-15T09:05:00+00:00", "end_time": "2026-07-15T09:07:00+00:00", "hazard_coefficient": 0.0056, "hazard_class": "SAFE", "is_critical": false, "route_type": "PI-GNN_REROUTE"}}, {"type": "Feature", "geometry": {"type": "LineString", "coordinates": [[76.401466, 10.289643], [76.401734, 10.289237]]}, "properties": {"segment_id": "REROUTE-SEG-479", "scenario_stage": 5, "stage_label": "Reroute Executed", "description": "PI-GNN offline reroute manoeuvre complete \u2014 truck on safe path", "begin_time": "2026-07-15T09:05:00+00:00", "end_time": "2026-07-15T09:07:00+00:00", "hazard_coefficient": 0.0056, "hazard_class": "SAFE", "is_critical": false, "route_type": "PI-GNN_REROUTE"}}, {"type": "Feature", "geometry": {"type": "LineString", "coordinates": [[76.401734, 10.289237], [76.40212, 10.288767]]}, "properties": {"segment_id": "REROUTE-SEG-480", "scenario_stage": 5, "stage_label": "Reroute Executed", "description": "PI-GNN offline reroute manoeuvre complete \u2014 truck on safe path", "begin_time": "2026-07-15T09:05:00+00:00", "end_time": "2026-07-15T09:07:00+00:00", "hazard_coefficient": 0.0056, "hazard_class": "SAFE", "is_critical": false, "route_type": "PI-GNN_REROUTE"}}, {"type": "Feature", "geometry": {"type": "LineString", "coordinates": [[76.40212, 10.288767], [76.402377, 10.288734]]}, "properties": {"segment_id": "REROUTE-SEG-481", "scenario_stage": 5, "stage_label": "Reroute Executed", "description": "PI-GNN offline reroute manoeuvre complete \u2014 truck on safe path", "begin_time": "2026-07-15T09:05:00+00:00", "end_time": "2026-07-15T09:07:00+00:00", "hazard_coefficient": 0.0056, "hazard_class": "SAFE", "is_critical": false, "route_type": "PI-GNN_REROUTE"}}, {"type": "Feature", "geometry": {"type": "LineString", "coordinates": [[76.402377, 10.288734], [76.402874, 10.28867]]}, "properties": {"segment_id": "REROUTE-SEG-482", "scenario_stage": 5, "stage_label": "Reroute Executed", "description": "PI-GNN offline reroute manoeuvre complete \u2014 truck on safe path", "begin_time": "2026-07-15T09:05:00+00:00", "end_time": "2026-07-15T09:07:00+00:00", "hazard_coefficient": 0.0056, "hazard_class": "SAFE", "is_critical": false, "route_type": "PI-GNN_REROUTE"}}, {"type": "Feature", "geometry": {"type": "LineString", "coordinates": [[76.402874, 10.28867], [76.403271, 10.288648]]}, "properties": {"segment_id": "REROUTE-SEG-483", "scenario_stage": 5, "stage_label": "Reroute Executed", "description": "PI-GNN offline reroute manoeuvre complete \u2014 truck on safe path", "begin_time": "2026-07-15T09:05:00+00:00", "end_time": "2026-07-15T09:07:00+00:00", "hazard_coefficient": 0.0056, "hazard_class": "SAFE", "is_critical": false, "route_type": "PI-GNN_REROUTE"}}, {"type": "Feature", "geometry": {"type": "LineString", "coordinates": [[76.403271, 10.288648], [76.403301, 10.288647]]}, "properties": {"segment_id": "REROUTE-SEG-484", "scenario_stage": 5, "stage_label": "Reroute Executed", "description": "PI-GNN offline reroute manoeuvre complete \u2014 truck on safe path", "begin_time": "2026-07-15T09:05:00+00:00", "end_time": "2026-07-15T09:07:00+00:00", "hazard_coefficient": 0.0056, "hazard_class": "SAFE", "is_critical": false, "route_type": "PI-GNN_REROUTE"}}, {"type": "Feature", "geometry": {"type": "LineString", "coordinates": [[76.403301, 10.288647], [76.403467, 10.288638]]}, "properties": {"segment_id": "REROUTE-SEG-485", "scenario_stage": 5, "stage_label": "Reroute Executed", "description": "PI-GNN offline reroute manoeuvre complete \u2014 truck on safe path", "begin_time": "2026-07-15T09:05:00+00:00", "end_time": "2026-07-15T09:07:00+00:00", "hazard_coefficient": 0.0056, "hazard_class": "SAFE", "is_critical": false, "route_type": "PI-GNN_REROUTE"}}, {"type": "Feature", "geometry": {"type": "LineString", "coordinates": [[76.403467, 10.288638], [76.40386, 10.28877]]}, "properties": {"segment_id": "REROUTE-SEG-486", "scenario_stage": 5, "stage_label": "Reroute Executed", "description": "PI-GNN offline reroute manoeuvre complete \u2014 truck on safe path", "begin_time": "2026-07-15T09:05:00+00:00", "end_time": "2026-07-15T09:07:00+00:00", "hazard_coefficient": 0.0056, "hazard_class": "SAFE", "is_critical": false, "route_type": "PI-GNN_REROUTE"}}, {"type": "Feature", "geometry": {"type": "LineString", "coordinates": [[76.40386, 10.28877], [76.404137, 10.288846]]}, "properties": {"segment_id": "REROUTE-SEG-487", "scenario_stage": 5, "stage_label": "Reroute Executed", "description": "PI-GNN offline reroute manoeuvre complete \u2014 truck on safe path", "begin_time": "2026-07-15T09:05:00+00:00", "end_time": "2026-07-15T09:07:00+00:00", "hazard_coefficient": 0.0056, "hazard_class": "SAFE", "is_critical": false, "route_type": "PI-GNN_REROUTE"}}, {"type": "Feature", "geometry": {"type": "LineString", "coordinates": [[76.404137, 10.288846], [76.404188, 10.288891]]}, "properties": {"segment_id": "REROUTE-SEG-488", "scenario_stage": 5, "stage_label": "Reroute Executed", "description": "PI-GNN offline reroute manoeuvre complete \u2014 truck on safe path", "begin_time": "2026-07-15T09:05:00+00:00", "end_time": "2026-07-15T09:07:00+00:00", "hazard_coefficient": 0.0056, "hazard_class": "SAFE", "is_critical": false, "route_type": "PI-GNN_REROUTE"}}, {"type": "Feature", "geometry": {"type": "LineString", "coordinates": [[76.404188, 10.288891], [76.404403, 10.289079]]}, "properties": {"segment_id": "REROUTE-SEG-489", "scenario_stage": 5, "stage_label": "Reroute Executed", "description": "PI-GNN offline reroute manoeuvre complete \u2014 truck on safe path", "begin_time": "2026-07-15T09:05:00+00:00", "end_time": "2026-07-15T09:07:00+00:00", "hazard_coefficient": 0.0056, "hazard_class": "SAFE", "is_critical": false, "route_type": "PI-GNN_REROUTE"}}, {"type": "Feature", "geometry": {"type": "LineString", "coordinates": [[76.404403, 10.289079], [76.404493, 10.289256]]}, "properties": {"segment_id": "REROUTE-SEG-490", "scenario_stage": 5, "stage_label": "Reroute Executed", "description": "PI-GNN offline reroute manoeuvre complete \u2014 truck on safe path", "begin_time": "2026-07-15T09:05:00+00:00", "end_time": "2026-07-15T09:07:00+00:00", "hazard_coefficient": 0.0056, "hazard_class": "SAFE", "is_critical": false, "route_type": "PI-GNN_REROUTE"}}, {"type": "Feature", "geometry": {"type": "LineString", "coordinates": [[76.404493, 10.289256], [76.404529, 10.289327]]}, "properties": {"segment_id": "REROUTE-SEG-491", "scenario_stage": 5, "stage_label": "Reroute Executed", "description": "PI-GNN offline reroute manoeuvre complete \u2014 truck on safe path", "begin_time": "2026-07-15T09:05:00+00:00", "end_time": "2026-07-15T09:07:00+00:00", "hazard_coefficient": 0.0056, "hazard_class": "SAFE", "is_critical": false, "route_type": "PI-GNN_REROUTE"}}, {"type": "Feature", "geometry": {"type": "LineString", "coordinates": [[76.404529, 10.289327], [76.40465, 10.289609]]}, "properties": {"segment_id": "REROUTE-SEG-492", "scenario_stage": 5, "stage_label": "Reroute Executed", "description": "PI-GNN offline reroute manoeuvre complete \u2014 truck on safe path", "begin_time": "2026-07-15T09:05:00+00:00", "end_time": "2026-07-15T09:07:00+00:00", "hazard_coefficient": 0.0056, "hazard_class": "SAFE", "is_critical": false, "route_type": "PI-GNN_REROUTE"}}, {"type": "Feature", "geometry": {"type": "LineString", "coordinates": [[76.40465, 10.289609], [76.404773, 10.289876]]}, "properties": {"segment_id": "REROUTE-SEG-493", "scenario_stage": 5, "stage_label": "Reroute Executed", "description": "PI-GNN offline reroute manoeuvre complete \u2014 truck on safe path", "begin_time": "2026-07-15T09:05:00+00:00", "end_time": "2026-07-15T09:07:00+00:00", "hazard_coefficient": 0.0056, "hazard_class": "SAFE", "is_critical": false, "route_type": "PI-GNN_REROUTE"}}, {"type": "Feature", "geometry": {"type": "LineString", "coordinates": [[76.404773, 10.289876], [76.404985, 10.290323]]}, "properties": {"segment_id": "REROUTE-SEG-494", "scenario_stage": 5, "stage_label": "Reroute Executed", "description": "PI-GNN offline reroute manoeuvre complete \u2014 truck on safe path", "begin_time": "2026-07-15T09:05:00+00:00", "end_time": "2026-07-15T09:07:00+00:00", "hazard_coefficient": 0.0056, "hazard_class": "SAFE", "is_critical": false, "route_type": "PI-GNN_REROUTE"}}, {"type": "Feature", "geometry": {"type": "LineString", "coordinates": [[76.404985, 10.290323], [76.405705, 10.289842]]}, "properties": {"segment_id": "REROUTE-SEG-495", "scenario_stage": 5, "stage_label": "Reroute Executed", "description": "PI-GNN offline reroute manoeuvre complete \u2014 truck on safe path", "begin_time": "2026-07-15T09:05:00+00:00", "end_time": "2026-07-15T09:07:00+00:00", "hazard_coefficient": 0.0056, "hazard_class": "SAFE", "is_critical": false, "route_type": "PI-GNN_REROUTE"}}, {"type": "Feature", "geometry": {"type": "LineString", "coordinates": [[76.405705, 10.289842], [76.406656, 10.288977]]}, "properties": {"segment_id": "REROUTE-SEG-496", "scenario_stage": 5, "stage_label": "Reroute Executed", "description": "PI-GNN offline reroute manoeuvre complete \u2014 truck on safe path", "begin_time": "2026-07-15T09:05:00+00:00", "end_time": "2026-07-15T09:07:00+00:00", "hazard_coefficient": 0.0056, "hazard_class": "SAFE", "is_critical": false, "route_type": "PI-GNN_REROUTE"}}, {"type": "Feature", "geometry": {"type": "LineString", "coordinates": [[76.406656, 10.288977], [76.407217, 10.28877]]}, "properties": {"segment_id": "REROUTE-SEG-497", "scenario_stage": 5, "stage_label": "Reroute Executed", "description": "PI-GNN offline reroute manoeuvre complete \u2014 truck on safe path", "begin_time": "2026-07-15T09:05:00+00:00", "end_time": "2026-07-15T09:07:00+00:00", "hazard_coefficient": 0.0056, "hazard_class": "SAFE", "is_critical": false, "route_type": "PI-GNN_REROUTE"}}, {"type": "Feature", "geometry": {"type": "LineString", "coordinates": [[76.407217, 10.28877], [76.407422, 10.288725]]}, "properties": {"segment_id": "REROUTE-SEG-498", "scenario_stage": 5, "stage_label": "Reroute Executed", "description": "PI-GNN offline reroute manoeuvre complete \u2014 truck on safe path", "begin_time": "2026-07-15T09:05:00+00:00", "end_time": "2026-07-15T09:07:00+00:00", "hazard_coefficient": 0.0056, "hazard_class": "SAFE", "is_critical": false, "route_type": "PI-GNN_REROUTE"}}, {"type": "Feature", "geometry": {"type": "LineString", "coordinates": [[76.407422, 10.288725], [76.407858, 10.288629]]}, "properties": {"segment_id": "REROUTE-SEG-499", "scenario_stage": 5, "stage_label": "Reroute Executed", "description": "PI-GNN offline reroute manoeuvre complete \u2014 truck on safe path", "begin_time": "2026-07-15T09:05:00+00:00", "end_time": "2026-07-15T09:07:00+00:00", "hazard_coefficient": 0.0056, "hazard_class": "SAFE", "is_critical": false, "route_type": "PI-GNN_REROUTE"}}, {"type": "Feature", "geometry": {"type": "LineString", "coordinates": [[76.407858, 10.288629], [76.408359, 10.288541]]}, "properties": {"segment_id": "REROUTE-SEG-500", "scenario_stage": 5, "stage_label": "Reroute Executed", "description": "PI-GNN offline reroute manoeuvre complete \u2014 truck on safe path", "begin_time": "2026-07-15T09:05:00+00:00", "end_time": "2026-07-15T09:07:00+00:00", "hazard_coefficient": 0.0056, "hazard_class": "SAFE", "is_critical": false, "route_type": "PI-GNN_REROUTE"}}, {"type": "Feature", "geometry": {"type": "LineString", "coordinates": [[76.408359, 10.288541], [76.408646, 10.2885]]}, "properties": {"segment_id": "REROUTE-SEG-501", "scenario_stage": 5, "stage_label": "Reroute Executed", "description": "PI-GNN offline reroute manoeuvre complete \u2014 truck on safe path", "begin_time": "2026-07-15T09:05:00+00:00", "end_time": "2026-07-15T09:07:00+00:00", "hazard_coefficient": 0.0056, "hazard_class": "SAFE", "is_critical": false, "route_type": "PI-GNN_REROUTE"}}, {"type": "Feature", "geometry": {"type": "LineString", "coordinates": [[76.408646, 10.2885], [76.409942, 10.28822]]}, "properties": {"segment_id": "REROUTE-SEG-502", "scenario_stage": 5, "stage_label": "Reroute Executed", "description": "PI-GNN offline reroute manoeuvre complete \u2014 truck on safe path", "begin_time": "2026-07-15T09:05:00+00:00", "end_time": "2026-07-15T09:07:00+00:00", "hazard_coefficient": 0.0056, "hazard_class": "SAFE", "is_critical": false, "route_type": "PI-GNN_REROUTE"}}, {"type": "Feature", "geometry": {"type": "LineString", "coordinates": [[76.409942, 10.28822], [76.410763, 10.288236]]}, "properties": {"segment_id": "REROUTE-SEG-503", "scenario_stage": 5, "stage_label": "Reroute Executed", "description": "PI-GNN offline reroute manoeuvre complete \u2014 truck on safe path", "begin_time": "2026-07-15T09:05:00+00:00", "end_time": "2026-07-15T09:07:00+00:00", "hazard_coefficient": 0.0056, "hazard_class": "SAFE", "is_critical": false, "route_type": "PI-GNN_REROUTE"}}, {"type": "Feature", "geometry": {"type": "LineString", "coordinates": [[76.410763, 10.288236], [76.411529, 10.288054]]}, "properties": {"segment_id": "REROUTE-SEG-504", "scenario_stage": 5, "stage_label": "Reroute Executed", "description": "PI-GNN offline reroute manoeuvre complete \u2014 truck on safe path", "begin_time": "2026-07-15T09:05:00+00:00", "end_time": "2026-07-15T09:07:00+00:00", "hazard_coefficient": 0.0056, "hazard_class": "SAFE", "is_critical": false, "route_type": "PI-GNN_REROUTE"}}, {"type": "Feature", "geometry": {"type": "LineString", "coordinates": [[76.411529, 10.288054], [76.411663, 10.288032]]}, "properties": {"segment_id": "REROUTE-SEG-505", "scenario_stage": 5, "stage_label": "Reroute Executed", "description": "PI-GNN offline reroute manoeuvre complete \u2014 truck on safe path", "begin_time": "2026-07-15T09:05:00+00:00", "end_time": "2026-07-15T09:07:00+00:00", "hazard_coefficient": 0.0056, "hazard_class": "SAFE", "is_critical": false, "route_type": "PI-GNN_REROUTE"}}, {"type": "Feature", "geometry": {"type": "LineString", "coordinates": [[76.411663, 10.288032], [76.412097, 10.287959]]}, "properties": {"segment_id": "REROUTE-SEG-506", "scenario_stage": 5, "stage_label": "Reroute Executed", "description": "PI-GNN offline reroute manoeuvre complete \u2014 truck on safe path", "begin_time": "2026-07-15T09:05:00+00:00", "end_time": "2026-07-15T09:07:00+00:00", "hazard_coefficient": 0.0056, "hazard_class": "SAFE", "is_critical": false, "route_type": "PI-GNN_REROUTE"}}, {"type": "Feature", "geometry": {"type": "LineString", "coordinates": [[76.412097, 10.287959], [76.412139, 10.28794]]}, "properties": {"segment_id": "REROUTE-SEG-507", "scenario_stage": 5, "stage_label": "Reroute Executed", "description": "PI-GNN offline reroute manoeuvre complete \u2014 truck on safe path", "begin_time": "2026-07-15T09:05:00+00:00", "end_time": "2026-07-15T09:07:00+00:00", "hazard_coefficient": 0.0056, "hazard_class": "SAFE", "is_critical": false, "route_type": "PI-GNN_REROUTE"}}, {"type": "Feature", "geometry": {"type": "LineString", "coordinates": [[76.412139, 10.28794], [76.413977, 10.287108]]}, "properties": {"segment_id": "REROUTE-SEG-508", "scenario_stage": 5, "stage_label": "Reroute Executed", "description": "PI-GNN offline reroute manoeuvre complete \u2014 truck on safe path", "begin_time": "2026-07-15T09:05:00+00:00", "end_time": "2026-07-15T09:07:00+00:00", "hazard_coefficient": 0.0056, "hazard_class": "SAFE", "is_critical": false, "route_type": "PI-GNN_REROUTE"}}, {"type": "Feature", "geometry": {"type": "LineString", "coordinates": [[76.413977, 10.287108], [76.414608, 10.286889]]}, "properties": {"segment_id": "REROUTE-SEG-509", "scenario_stage": 5, "stage_label": "Reroute Executed", "description": "PI-GNN offline reroute manoeuvre complete \u2014 truck on safe path", "begin_time": "2026-07-15T09:05:00+00:00", "end_time": "2026-07-15T09:07:00+00:00", "hazard_coefficient": 0.0056, "hazard_class": "SAFE", "is_critical": false, "route_type": "PI-GNN_REROUTE"}}, {"type": "Feature", "geometry": {"type": "LineString", "coordinates": [[76.414608, 10.286889], [76.415847, 10.286173]]}, "properties": {"segment_id": "REROUTE-SEG-510", "scenario_stage": 5, "stage_label": "Reroute Executed", "description": "PI-GNN offline reroute manoeuvre complete \u2014 truck on safe path", "begin_time": "2026-07-15T09:05:00+00:00", "end_time": "2026-07-15T09:07:00+00:00", "hazard_coefficient": 0.0056, "hazard_class": "SAFE", "is_critical": false, "route_type": "PI-GNN_REROUTE"}}, {"type": "Feature", "geometry": {"type": "LineString", "coordinates": [[76.415847, 10.286173], [76.419012, 10.285042]]}, "properties": {"segment_id": "REROUTE-SEG-511", "scenario_stage": 5, "stage_label": "Reroute Executed", "description": "PI-GNN offline reroute manoeuvre complete \u2014 truck on safe path", "begin_time": "2026-07-15T09:05:00+00:00", "end_time": "2026-07-15T09:07:00+00:00", "hazard_coefficient": 0.0056, "hazard_class": "SAFE", "is_critical": false, "route_type": "PI-GNN_REROUTE"}}, {"type": "Feature", "geometry": {"type": "LineString", "coordinates": [[76.419012, 10.285042], [76.419719, 10.284738]]}, "properties": {"segment_id": "REROUTE-SEG-512", "scenario_stage": 5, "stage_label": "Reroute Executed", "description": "PI-GNN offline reroute manoeuvre complete \u2014 truck on safe path", "begin_time": "2026-07-15T09:05:00+00:00", "end_time": "2026-07-15T09:07:00+00:00", "hazard_coefficient": 0.0056, "hazard_class": "SAFE", "is_critical": false, "route_type": "PI-GNN_REROUTE"}}, {"type": "Feature", "geometry": {"type": "LineString", "coordinates": [[76.419719, 10.284738], [76.420108, 10.284633]]}, "properties": {"segment_id": "REROUTE-SEG-513", "scenario_stage": 5, "stage_label": "Reroute Executed", "description": "PI-GNN offline reroute manoeuvre complete \u2014 truck on safe path", "begin_time": "2026-07-15T09:05:00+00:00", "end_time": "2026-07-15T09:07:00+00:00", "hazard_coefficient": 0.0056, "hazard_class": "SAFE", "is_critical": false, "route_type": "PI-GNN_REROUTE"}}, {"type": "Feature", "geometry": {"type": "LineString", "coordinates": [[76.420108, 10.284633], [76.420381, 10.284671]]}, "properties": {"segment_id": "REROUTE-SEG-514", "scenario_stage": 5, "stage_label": "Reroute Executed", "description": "PI-GNN offline reroute manoeuvre complete \u2014 truck on safe path", "begin_time": "2026-07-15T09:05:00+00:00", "end_time": "2026-07-15T09:07:00+00:00", "hazard_coefficient": 0.0056, "hazard_class": "SAFE", "is_critical": false, "route_type": "PI-GNN_REROUTE"}}, {"type": "Feature", "geometry": {"type": "LineString", "coordinates": [[76.420381, 10.284671], [76.420156, 10.284516]]}, "properties": {"segment_id": "REROUTE-SEG-515", "scenario_stage": 5, "stage_label": "Reroute Executed", "description": "PI-GNN offline reroute manoeuvre complete \u2014 truck on safe path", "begin_time": "2026-07-15T09:05:00+00:00", "end_time": "2026-07-15T09:07:00+00:00", "hazard_coefficient": 0.0056, "hazard_class": "SAFE", "is_critical": false, "route_type": "PI-GNN_REROUTE"}}, {"type": "Feature", "geometry": {"type": "LineString", "coordinates": [[76.420156, 10.284516], [76.419985, 10.284126]]}, "properties": {"segment_id": "REROUTE-SEG-516", "scenario_stage": 5, "stage_label": "Reroute Executed", "description": "PI-GNN offline reroute manoeuvre complete \u2014 truck on safe path", "begin_time": "2026-07-15T09:05:00+00:00", "end_time": "2026-07-15T09:07:00+00:00", "hazard_coefficient": 0.0056, "hazard_class": "SAFE", "is_critical": false, "route_type": "PI-GNN_REROUTE"}}, {"type": "Feature", "geometry": {"type": "LineString", "coordinates": [[76.419985, 10.284126], [76.41994, 10.283716]]}, "properties": {"segment_id": "REROUTE-SEG-517", "scenario_stage": 5, "stage_label": "Reroute Executed", "description": "PI-GNN offline reroute manoeuvre complete \u2014 truck on safe path", "begin_time": "2026-07-15T09:05:00+00:00", "end_time": "2026-07-15T09:07:00+00:00", "hazard_coefficient": 0.0056, "hazard_class": "SAFE", "is_critical": false, "route_type": "PI-GNN_REROUTE"}}, {"type": "Feature", "geometry": {"type": "LineString", "coordinates": [[76.41994, 10.283716], [76.419931, 10.28363]]}, "properties": {"segment_id": "REROUTE-SEG-518", "scenario_stage": 5, "stage_label": "Reroute Executed", "description": "PI-GNN offline reroute manoeuvre complete \u2014 truck on safe path", "begin_time": "2026-07-15T09:05:00+00:00", "end_time": "2026-07-15T09:07:00+00:00", "hazard_coefficient": 0.0056, "hazard_class": "SAFE", "is_critical": false, "route_type": "PI-GNN_REROUTE"}}, {"type": "Feature", "geometry": {"type": "LineString", "coordinates": [[76.419931, 10.28363], [76.419984, 10.283341]]}, "properties": {"segment_id": "REROUTE-SEG-519", "scenario_stage": 5, "stage_label": "Reroute Executed", "description": "PI-GNN offline reroute manoeuvre complete \u2014 truck on safe path", "begin_time": "2026-07-15T09:05:00+00:00", "end_time": "2026-07-15T09:07:00+00:00", "hazard_coefficient": 0.0056, "hazard_class": "SAFE", "is_critical": false, "route_type": "PI-GNN_REROUTE"}}, {"type": "Feature", "geometry": {"type": "LineString", "coordinates": [[76.419984, 10.283341], [76.420012, 10.283187]]}, "properties": {"segment_id": "REROUTE-SEG-520", "scenario_stage": 5, "stage_label": "Reroute Executed", "description": "PI-GNN offline reroute manoeuvre complete \u2014 truck on safe path", "begin_time": "2026-07-15T09:05:00+00:00", "end_time": "2026-07-15T09:07:00+00:00", "hazard_coefficient": 0.0056, "hazard_class": "SAFE", "is_critical": false, "route_type": "PI-GNN_REROUTE"}}, {"type": "Feature", "geometry": {"type": "LineString", "coordinates": [[76.420012, 10.283187], [76.420082, 10.283013]]}, "properties": {"segment_id": "REROUTE-SEG-521", "scenario_stage": 5, "stage_label": "Reroute Executed", "description": "PI-GNN offline reroute manoeuvre complete \u2014 truck on safe path", "begin_time": "2026-07-15T09:05:00+00:00", "end_time": "2026-07-15T09:07:00+00:00", "hazard_coefficient": 0.0056, "hazard_class": "SAFE", "is_critical": false, "route_type": "PI-GNN_REROUTE"}}, {"type": "Feature", "geometry": {"type": "LineString", "coordinates": [[76.420082, 10.283013], [76.420105, 10.282886]]}, "properties": {"segment_id": "REROUTE-SEG-522", "scenario_stage": 5, "stage_label": "Reroute Executed", "description": "PI-GNN offline reroute manoeuvre complete \u2014 truck on safe path", "begin_time": "2026-07-15T09:05:00+00:00", "end_time": "2026-07-15T09:07:00+00:00", "hazard_coefficient": 0.0056, "hazard_class": "SAFE", "is_critical": false, "route_type": "PI-GNN_REROUTE"}}, {"type": "Feature", "geometry": {"type": "LineString", "coordinates": [[76.420105, 10.282886], [76.420087, 10.282762]]}, "properties": {"segment_id": "REROUTE-SEG-523", "scenario_stage": 5, "stage_label": "Reroute Executed", "description": "PI-GNN offline reroute manoeuvre complete \u2014 truck on safe path", "begin_time": "2026-07-15T09:05:00+00:00", "end_time": "2026-07-15T09:07:00+00:00", "hazard_coefficient": 0.0056, "hazard_class": "SAFE", "is_critical": false, "route_type": "PI-GNN_REROUTE"}}, {"type": "Feature", "geometry": {"type": "LineString", "coordinates": [[76.420087, 10.282762], [76.420068, 10.282637]]}, "properties": {"segment_id": "REROUTE-SEG-524", "scenario_stage": 5, "stage_label": "Reroute Executed", "description": "PI-GNN offline reroute manoeuvre complete \u2014 truck on safe path", "begin_time": "2026-07-15T09:05:00+00:00", "end_time": "2026-07-15T09:07:00+00:00", "hazard_coefficient": 0.0056, "hazard_class": "SAFE", "is_critical": false, "route_type": "PI-GNN_REROUTE"}}, {"type": "Feature", "geometry": {"type": "LineString", "coordinates": [[76.420068, 10.282637], [76.420036, 10.282518]]}, "properties": {"segment_id": "REROUTE-SEG-525", "scenario_stage": 5, "stage_label": "Reroute Executed", "description": "PI-GNN offline reroute manoeuvre complete \u2014 truck on safe path", "begin_time": "2026-07-15T09:05:00+00:00", "end_time": "2026-07-15T09:07:00+00:00", "hazard_coefficient": 0.0056, "hazard_class": "SAFE", "is_critical": false, "route_type": "PI-GNN_REROUTE"}}, {"type": "Feature", "geometry": {"type": "LineString", "coordinates": [[76.420036, 10.282518], [76.41998, 10.282392]]}, "properties": {"segment_id": "REROUTE-SEG-526", "scenario_stage": 5, "stage_label": "Reroute Executed", "description": "PI-GNN offline reroute manoeuvre complete \u2014 truck on safe path", "begin_time": "2026-07-15T09:05:00+00:00", "end_time": "2026-07-15T09:07:00+00:00", "hazard_coefficient": 0.0056, "hazard_class": "SAFE", "is_critical": false, "route_type": "PI-GNN_REROUTE"}}, {"type": "Feature", "geometry": {"type": "LineString", "coordinates": [[76.41998, 10.282392], [76.419914, 10.282258]]}, "properties": {"segment_id": "REROUTE-SEG-527", "scenario_stage": 5, "stage_label": "Reroute Executed", "description": "PI-GNN offline reroute manoeuvre complete \u2014 truck on safe path", "begin_time": "2026-07-15T09:05:00+00:00", "end_time": "2026-07-15T09:07:00+00:00", "hazard_coefficient": 0.0056, "hazard_class": "SAFE", "is_critical": false, "route_type": "PI-GNN_REROUTE"}}, {"type": "Feature", "geometry": {"type": "LineString", "coordinates": [[76.419914, 10.282258], [76.419796, 10.281989]]}, "properties": {"segment_id": "REROUTE-SEG-528", "scenario_stage": 5, "stage_label": "Reroute Executed", "description": "PI-GNN offline reroute manoeuvre complete \u2014 truck on safe path", "begin_time": "2026-07-15T09:05:00+00:00", "end_time": "2026-07-15T09:07:00+00:00", "hazard_coefficient": 0.0056, "hazard_class": "SAFE", "is_critical": false, "route_type": "PI-GNN_REROUTE"}}, {"type": "Feature", "geometry": {"type": "LineString", "coordinates": [[76.419796, 10.281989], [76.419667, 10.28172]]}, "properties": {"segment_id": "REROUTE-SEG-529", "scenario_stage": 5, "stage_label": "Reroute Executed", "description": "PI-GNN offline reroute manoeuvre complete \u2014 truck on safe path", "begin_time": "2026-07-15T09:05:00+00:00", "end_time": "2026-07-15T09:07:00+00:00", "hazard_coefficient": 0.0056, "hazard_class": "SAFE", "is_critical": false, "route_type": "PI-GNN_REROUTE"}}, {"type": "Feature", "geometry": {"type": "LineString", "coordinates": [[76.419667, 10.28172], [76.419643, 10.281642]]}, "properties": {"segment_id": "REROUTE-SEG-530", "scenario_stage": 5, "stage_label": "Reroute Executed", "description": "PI-GNN offline reroute manoeuvre complete \u2014 truck on safe path", "begin_time": "2026-07-15T09:05:00+00:00", "end_time": "2026-07-15T09:07:00+00:00", "hazard_coefficient": 0.0056, "hazard_class": "SAFE", "is_critical": false, "route_type": "PI-GNN_REROUTE"}}, {"type": "Feature", "geometry": {"type": "LineString", "coordinates": [[76.419643, 10.281642], [76.419641, 10.281561]]}, "properties": {"segment_id": "REROUTE-SEG-531", "scenario_stage": 5, "stage_label": "Reroute Executed", "description": "PI-GNN offline reroute manoeuvre complete \u2014 truck on safe path", "begin_time": "2026-07-15T09:05:00+00:00", "end_time": "2026-07-15T09:07:00+00:00", "hazard_coefficient": 0.0056, "hazard_class": "SAFE", "is_critical": false, "route_type": "PI-GNN_REROUTE"}}, {"type": "Feature", "geometry": {"type": "LineString", "coordinates": [[76.419641, 10.281561], [76.419651, 10.281455]]}, "properties": {"segment_id": "REROUTE-SEG-532", "scenario_stage": 5, "stage_label": "Reroute Executed", "description": "PI-GNN offline reroute manoeuvre complete \u2014 truck on safe path", "begin_time": "2026-07-15T09:05:00+00:00", "end_time": "2026-07-15T09:07:00+00:00", "hazard_coefficient": 0.0056, "hazard_class": "SAFE", "is_critical": false, "route_type": "PI-GNN_REROUTE"}}, {"type": "Feature", "geometry": {"type": "LineString", "coordinates": [[76.419651, 10.281455], [76.419696, 10.281357]]}, "properties": {"segment_id": "REROUTE-SEG-533", "scenario_stage": 5, "stage_label": "Reroute Executed", "description": "PI-GNN offline reroute manoeuvre complete \u2014 truck on safe path", "begin_time": "2026-07-15T09:05:00+00:00", "end_time": "2026-07-15T09:07:00+00:00", "hazard_coefficient": 0.0056, "hazard_class": "SAFE", "is_critical": false, "route_type": "PI-GNN_REROUTE"}}, {"type": "Feature", "geometry": {"type": "LineString", "coordinates": [[76.419696, 10.281357], [76.419726, 10.281288]]}, "properties": {"segment_id": "REROUTE-SEG-534", "scenario_stage": 5, "stage_label": "Reroute Executed", "description": "PI-GNN offline reroute manoeuvre complete \u2014 truck on safe path", "begin_time": "2026-07-15T09:05:00+00:00", "end_time": "2026-07-15T09:07:00+00:00", "hazard_coefficient": 0.0056, "hazard_class": "SAFE", "is_critical": false, "route_type": "PI-GNN_REROUTE"}}, {"type": "Feature", "geometry": {"type": "LineString", "coordinates": [[76.419726, 10.281288], [76.419751, 10.28121]]}, "properties": {"segment_id": "REROUTE-SEG-535", "scenario_stage": 5, "stage_label": "Reroute Executed", "description": "PI-GNN offline reroute manoeuvre complete \u2014 truck on safe path", "begin_time": "2026-07-15T09:05:00+00:00", "end_time": "2026-07-15T09:07:00+00:00", "hazard_coefficient": 0.0056, "hazard_class": "SAFE", "is_critical": false, "route_type": "PI-GNN_REROUTE"}}, {"type": "Feature", "geometry": {"type": "LineString", "coordinates": [[76.419751, 10.28121], [76.419772, 10.281063]]}, "properties": {"segment_id": "REROUTE-SEG-536", "scenario_stage": 5, "stage_label": "Reroute Executed", "description": "PI-GNN offline reroute manoeuvre complete \u2014 truck on safe path", "begin_time": "2026-07-15T09:05:00+00:00", "end_time": "2026-07-15T09:07:00+00:00", "hazard_coefficient": 0.0056, "hazard_class": "SAFE", "is_critical": false, "route_type": "PI-GNN_REROUTE"}}, {"type": "Feature", "geometry": {"type": "LineString", "coordinates": [[76.419772, 10.281063], [76.419844, 10.280896]]}, "properties": {"segment_id": "REROUTE-SEG-537", "scenario_stage": 5, "stage_label": "Reroute Executed", "description": "PI-GNN offline reroute manoeuvre complete \u2014 truck on safe path", "begin_time": "2026-07-15T09:05:00+00:00", "end_time": "2026-07-15T09:07:00+00:00", "hazard_coefficient": 0.0056, "hazard_class": "SAFE", "is_critical": false, "route_type": "PI-GNN_REROUTE"}}, {"type": "Feature", "geometry": {"type": "LineString", "coordinates": [[76.419844, 10.280896], [76.419767, 10.280245]]}, "properties": {"segment_id": "REROUTE-SEG-538", "scenario_stage": 5, "stage_label": "Reroute Executed", "description": "PI-GNN offline reroute manoeuvre complete \u2014 truck on safe path", "begin_time": "2026-07-15T09:05:00+00:00", "end_time": "2026-07-15T09:07:00+00:00", "hazard_coefficient": 0.0056, "hazard_class": "SAFE", "is_critical": false, "route_type": "PI-GNN_REROUTE"}}, {"type": "Feature", "geometry": {"type": "LineString", "coordinates": [[76.419767, 10.280245], [76.419842, 10.280108]]}, "properties": {"segment_id": "REROUTE-SEG-539", "scenario_stage": 5, "stage_label": "Reroute Executed", "description": "PI-GNN offline reroute manoeuvre complete \u2014 truck on safe path", "begin_time": "2026-07-15T09:05:00+00:00", "end_time": "2026-07-15T09:07:00+00:00", "hazard_coefficient": 0.0056, "hazard_class": "SAFE", "is_critical": false, "route_type": "PI-GNN_REROUTE"}}, {"type": "Feature", "geometry": {"type": "LineString", "coordinates": [[76.419842, 10.280108], [76.419937, 10.280078]]}, "properties": {"segment_id": "REROUTE-SEG-540", "scenario_stage": 5, "stage_label": "Reroute Executed", "description": "PI-GNN offline reroute manoeuvre complete \u2014 truck on safe path", "begin_time": "2026-07-15T09:05:00+00:00", "end_time": "2026-07-15T09:07:00+00:00", "hazard_coefficient": 0.0056, "hazard_class": "SAFE", "is_critical": false, "route_type": "PI-GNN_REROUTE"}}, {"type": "Feature", "geometry": {"type": "LineString", "coordinates": [[76.419937, 10.280078], [76.41996, 10.279999]]}, "properties": {"segment_id": "REROUTE-SEG-541", "scenario_stage": 5, "stage_label": "Reroute Executed", "description": "PI-GNN offline reroute manoeuvre complete \u2014 truck on safe path", "begin_time": "2026-07-15T09:05:00+00:00", "end_time": "2026-07-15T09:07:00+00:00", "hazard_coefficient": 0.0056, "hazard_class": "SAFE", "is_critical": false, "route_type": "PI-GNN_REROUTE"}}, {"type": "Feature", "geometry": {"type": "LineString", "coordinates": [[76.41996, 10.279999], [76.420027, 10.279884]]}, "properties": {"segment_id": "REROUTE-SEG-542", "scenario_stage": 5, "stage_label": "Reroute Executed", "description": "PI-GNN offline reroute manoeuvre complete \u2014 truck on safe path", "begin_time": "2026-07-15T09:05:00+00:00", "end_time": "2026-07-15T09:07:00+00:00", "hazard_coefficient": 0.0056, "hazard_class": "SAFE", "is_critical": false, "route_type": "PI-GNN_REROUTE"}}, {"type": "Feature", "geometry": {"type": "LineString", "coordinates": [[76.420027, 10.279884], [76.420161, 10.279801]]}, "properties": {"segment_id": "REROUTE-SEG-543", "scenario_stage": 5, "stage_label": "Reroute Executed", "description": "PI-GNN offline reroute manoeuvre complete \u2014 truck on safe path", "begin_time": "2026-07-15T09:05:00+00:00", "end_time": "2026-07-15T09:07:00+00:00", "hazard_coefficient": 0.0056, "hazard_class": "SAFE", "is_critical": false, "route_type": "PI-GNN_REROUTE"}}, {"type": "Feature", "geometry": {"type": "LineString", "coordinates": [[76.420161, 10.279801], [76.420244, 10.279776]]}, "properties": {"segment_id": "REROUTE-SEG-544", "scenario_stage": 5, "stage_label": "Reroute Executed", "description": "PI-GNN offline reroute manoeuvre complete \u2014 truck on safe path", "begin_time": "2026-07-15T09:05:00+00:00", "end_time": "2026-07-15T09:07:00+00:00", "hazard_coefficient": 0.0056, "hazard_class": "SAFE", "is_critical": false, "route_type": "PI-GNN_REROUTE"}}, {"type": "Feature", "geometry": {"type": "LineString", "coordinates": [[76.420244, 10.279776], [76.420295, 10.279703]]}, "properties": {"segment_id": "REROUTE-SEG-545", "scenario_stage": 5, "stage_label": "Reroute Executed", "description": "PI-GNN offline reroute manoeuvre complete \u2014 truck on safe path", "begin_time": "2026-07-15T09:05:00+00:00", "end_time": "2026-07-15T09:07:00+00:00", "hazard_coefficient": 0.0056, "hazard_class": "SAFE", "is_critical": false, "route_type": "PI-GNN_REROUTE"}}, {"type": "Feature", "geometry": {"type": "LineString", "coordinates": [[76.420295, 10.279703], [76.420288, 10.279649]]}, "properties": {"segment_id": "REROUTE-SEG-546", "scenario_stage": 5, "stage_label": "Reroute Executed", "description": "PI-GNN offline reroute manoeuvre complete \u2014 truck on safe path", "begin_time": "2026-07-15T09:05:00+00:00", "end_time": "2026-07-15T09:07:00+00:00", "hazard_coefficient": 0.0056, "hazard_class": "SAFE", "is_critical": false, "route_type": "PI-GNN_REROUTE"}}, {"type": "Feature", "geometry": {"type": "LineString", "coordinates": [[76.420288, 10.279649], [76.420292, 10.279471]]}, "properties": {"segment_id": "REROUTE-SEG-547", "scenario_stage": 5, "stage_label": "Reroute Executed", "description": "PI-GNN offline reroute manoeuvre complete \u2014 truck on safe path", "begin_time": "2026-07-15T09:05:00+00:00", "end_time": "2026-07-15T09:07:00+00:00", "hazard_coefficient": 0.0056, "hazard_class": "SAFE", "is_critical": false, "route_type": "PI-GNN_REROUTE"}}, {"type": "Feature", "geometry": {"type": "LineString", "coordinates": [[76.420292, 10.279471], [76.42039, 10.279426]]}, "properties": {"segment_id": "REROUTE-SEG-548", "scenario_stage": 5, "stage_label": "Reroute Executed", "description": "PI-GNN offline reroute manoeuvre complete \u2014 truck on safe path", "begin_time": "2026-07-15T09:05:00+00:00", "end_time": "2026-07-15T09:07:00+00:00", "hazard_coefficient": 0.0056, "hazard_class": "SAFE", "is_critical": false, "route_type": "PI-GNN_REROUTE"}}, {"type": "Feature", "geometry": {"type": "LineString", "coordinates": [[76.42039, 10.279426], [76.420459, 10.279366]]}, "properties": {"segment_id": "REROUTE-SEG-549", "scenario_stage": 5, "stage_label": "Reroute Executed", "description": "PI-GNN offline reroute manoeuvre complete \u2014 truck on safe path", "begin_time": "2026-07-15T09:05:00+00:00", "end_time": "2026-07-15T09:07:00+00:00", "hazard_coefficient": 0.0056, "hazard_class": "SAFE", "is_critical": false, "route_type": "PI-GNN_REROUTE"}}, {"type": "Feature", "geometry": {"type": "LineString", "coordinates": [[76.420459, 10.279366], [76.420472, 10.27931]]}, "properties": {"segment_id": "REROUTE-SEG-550", "scenario_stage": 5, "stage_label": "Reroute Executed", "description": "PI-GNN offline reroute manoeuvre complete \u2014 truck on safe path", "begin_time": "2026-07-15T09:05:00+00:00", "end_time": "2026-07-15T09:07:00+00:00", "hazard_coefficient": 0.0056, "hazard_class": "SAFE", "is_critical": false, "route_type": "PI-GNN_REROUTE"}}, {"type": "Feature", "geometry": {"type": "LineString", "coordinates": [[76.420472, 10.27931], [76.420461, 10.279252]]}, "properties": {"segment_id": "REROUTE-SEG-551", "scenario_stage": 5, "stage_label": "Reroute Executed", "description": "PI-GNN offline reroute manoeuvre complete \u2014 truck on safe path", "begin_time": "2026-07-15T09:05:00+00:00", "end_time": "2026-07-15T09:07:00+00:00", "hazard_coefficient": 0.0056, "hazard_class": "SAFE", "is_critical": false, "route_type": "PI-GNN_REROUTE"}}, {"type": "Feature", "geometry": {"type": "LineString", "coordinates": [[76.420461, 10.279252], [76.420405, 10.279107]]}, "properties": {"segment_id": "REROUTE-SEG-552", "scenario_stage": 5, "stage_label": "Reroute Executed", "description": "PI-GNN offline reroute manoeuvre complete \u2014 truck on safe path", "begin_time": "2026-07-15T09:05:00+00:00", "end_time": "2026-07-15T09:07:00+00:00", "hazard_coefficient": 0.0056, "hazard_class": "SAFE", "is_critical": false, "route_type": "PI-GNN_REROUTE"}}, {"type": "Feature", "geometry": {"type": "LineString", "coordinates": [[76.420405, 10.279107], [76.419848, 10.277956]]}, "properties": {"segment_id": "REROUTE-SEG-553", "scenario_stage": 5, "stage_label": "Reroute Executed", "description": "PI-GNN offline reroute manoeuvre complete \u2014 truck on safe path", "begin_time": "2026-07-15T09:05:00+00:00", "end_time": "2026-07-15T09:07:00+00:00", "hazard_coefficient": 0.0056, "hazard_class": "SAFE", "is_critical": false, "route_type": "PI-GNN_REROUTE"}}, {"type": "Feature", "geometry": {"type": "LineString", "coordinates": [[76.419848, 10.277956], [76.418674, 10.278372]]}, "properties": {"segment_id": "REROUTE-SEG-554", "scenario_stage": 5, "stage_label": "Reroute Executed", "description": "PI-GNN offline reroute manoeuvre complete \u2014 truck on safe path", "begin_time": "2026-07-15T09:05:00+00:00", "end_time": "2026-07-15T09:07:00+00:00", "hazard_coefficient": 0.0056, "hazard_class": "SAFE", "is_critical": false, "route_type": "PI-GNN_REROUTE"}}, {"type": "Feature", "geometry": {"type": "LineString", "coordinates": [[76.418674, 10.278372], [76.418903, 10.278451]]}, "properties": {"segment_id": "REROUTE-SEG-555", "scenario_stage": 5, "stage_label": "Reroute Executed", "description": "PI-GNN offline reroute manoeuvre complete \u2014 truck on safe path", "begin_time": "2026-07-15T09:05:00+00:00", "end_time": "2026-07-15T09:07:00+00:00", "hazard_coefficient": 0.0056, "hazard_class": "SAFE", "is_critical": false, "route_type": "PI-GNN_REROUTE"}}, {"type": "Feature", "geometry": {"type": "LineString", "coordinates": [[76.418903, 10.278451], [76.419673, 10.278718]]}, "properties": {"segment_id": "REROUTE-SEG-556", "scenario_stage": 5, "stage_label": "Reroute Executed", "description": "PI-GNN offline reroute manoeuvre complete \u2014 truck on safe path", "begin_time": "2026-07-15T09:05:00+00:00", "end_time": "2026-07-15T09:07:00+00:00", "hazard_coefficient": 0.0056, "hazard_class": "SAFE", "is_critical": false, "route_type": "PI-GNN_REROUTE"}}, {"type": "Feature", "geometry": {"type": "LineString", "coordinates": [[76.419673, 10.278718], [76.420229, 10.279015]]}, "properties": {"segment_id": "REROUTE-SEG-557", "scenario_stage": 5, "stage_label": "Reroute Executed", "description": "PI-GNN offline reroute manoeuvre complete \u2014 truck on safe path", "begin_time": "2026-07-15T09:05:00+00:00", "end_time": "2026-07-15T09:07:00+00:00", "hazard_coefficient": 0.0056, "hazard_class": "SAFE", "is_critical": false, "route_type": "PI-GNN_REROUTE"}}, {"type": "Feature", "geometry": {"type": "LineString", "coordinates": [[76.420229, 10.279015], [76.420405, 10.279107]]}, "properties": {"segment_id": "REROUTE-SEG-558", "scenario_stage": 5, "stage_label": "Reroute Executed", "description": "PI-GNN offline reroute manoeuvre complete \u2014 truck on safe path", "begin_time": "2026-07-15T09:05:00+00:00", "end_time": "2026-07-15T09:07:00+00:00", "hazard_coefficient": 0.0056, "hazard_class": "SAFE", "is_critical": false, "route_type": "PI-GNN_REROUTE"}}, {"type": "Feature", "geometry": {"type": "LineString", "coordinates": [[76.420405, 10.279107], [76.420461, 10.279252]]}, "properties": {"segment_id": "REROUTE-SEG-559", "scenario_stage": 5, "stage_label": "Reroute Executed", "description": "PI-GNN offline reroute manoeuvre complete \u2014 truck on safe path", "begin_time": "2026-07-15T09:05:00+00:00", "end_time": "2026-07-15T09:07:00+00:00", "hazard_coefficient": 0.0056, "hazard_class": "SAFE", "is_critical": false, "route_type": "PI-GNN_REROUTE"}}, {"type": "Feature", "geometry": {"type": "LineString", "coordinates": [[76.420461, 10.279252], [76.420472, 10.27931]]}, "properties": {"segment_id": "REROUTE-SEG-560", "scenario_stage": 5, "stage_label": "Reroute Executed", "description": "PI-GNN offline reroute manoeuvre complete \u2014 truck on safe path", "begin_time": "2026-07-15T09:05:00+00:00", "end_time": "2026-07-15T09:07:00+00:00", "hazard_coefficient": 0.0056, "hazard_class": "SAFE", "is_critical": false, "route_type": "PI-GNN_REROUTE"}}, {"type": "Feature", "geometry": {"type": "LineString", "coordinates": [[76.420472, 10.27931], [76.420459, 10.279366]]}, "properties": {"segment_id": "REROUTE-SEG-561", "scenario_stage": 5, "stage_label": "Reroute Executed", "description": "PI-GNN offline reroute manoeuvre complete \u2014 truck on safe path", "begin_time": "2026-07-15T09:05:00+00:00", "end_time": "2026-07-15T09:07:00+00:00", "hazard_coefficient": 0.0056, "hazard_class": "SAFE", "is_critical": false, "route_type": "PI-GNN_REROUTE"}}, {"type": "Feature", "geometry": {"type": "LineString", "coordinates": [[76.420459, 10.279366], [76.42039, 10.279426]]}, "properties": {"segment_id": "REROUTE-SEG-562", "scenario_stage": 5, "stage_label": "Reroute Executed", "description": "PI-GNN offline reroute manoeuvre complete \u2014 truck on safe path", "begin_time": "2026-07-15T09:05:00+00:00", "end_time": "2026-07-15T09:07:00+00:00", "hazard_coefficient": 0.0056, "hazard_class": "SAFE", "is_critical": false, "route_type": "PI-GNN_REROUTE"}}, {"type": "Feature", "geometry": {"type": "LineString", "coordinates": [[76.42039, 10.279426], [76.420292, 10.279471]]}, "properties": {"segment_id": "REROUTE-SEG-563", "scenario_stage": 5, "stage_label": "Reroute Executed", "description": "PI-GNN offline reroute manoeuvre complete \u2014 truck on safe path", "begin_time": "2026-07-15T09:05:00+00:00", "end_time": "2026-07-15T09:07:00+00:00", "hazard_coefficient": 0.0056, "hazard_class": "SAFE", "is_critical": false, "route_type": "PI-GNN_REROUTE"}}, {"type": "Feature", "geometry": {"type": "LineString", "coordinates": [[76.420292, 10.279471], [76.420288, 10.279649]]}, "properties": {"segment_id": "REROUTE-SEG-564", "scenario_stage": 5, "stage_label": "Reroute Executed", "description": "PI-GNN offline reroute manoeuvre complete \u2014 truck on safe path", "begin_time": "2026-07-15T09:05:00+00:00", "end_time": "2026-07-15T09:07:00+00:00", "hazard_coefficient": 0.0056, "hazard_class": "SAFE", "is_critical": false, "route_type": "PI-GNN_REROUTE"}}, {"type": "Feature", "geometry": {"type": "LineString", "coordinates": [[76.420288, 10.279649], [76.420295, 10.279703]]}, "properties": {"segment_id": "REROUTE-SEG-565", "scenario_stage": 5, "stage_label": "Reroute Executed", "description": "PI-GNN offline reroute manoeuvre complete \u2014 truck on safe path", "begin_time": "2026-07-15T09:05:00+00:00", "end_time": "2026-07-15T09:07:00+00:00", "hazard_coefficient": 0.0056, "hazard_class": "SAFE", "is_critical": false, "route_type": "PI-GNN_REROUTE"}}, {"type": "Feature", "geometry": {"type": "LineString", "coordinates": [[76.420295, 10.279703], [76.420244, 10.279776]]}, "properties": {"segment_id": "REROUTE-SEG-566", "scenario_stage": 5, "stage_label": "Reroute Executed", "description": "PI-GNN offline reroute manoeuvre complete \u2014 truck on safe path", "begin_time": "2026-07-15T09:05:00+00:00", "end_time": "2026-07-15T09:07:00+00:00", "hazard_coefficient": 0.0056, "hazard_class": "SAFE", "is_critical": false, "route_type": "PI-GNN_REROUTE"}}, {"type": "Feature", "geometry": {"type": "LineString", "coordinates": [[76.420244, 10.279776], [76.420161, 10.279801]]}, "properties": {"segment_id": "REROUTE-SEG-567", "scenario_stage": 5, "stage_label": "Reroute Executed", "description": "PI-GNN offline reroute manoeuvre complete \u2014 truck on safe path", "begin_time": "2026-07-15T09:05:00+00:00", "end_time": "2026-07-15T09:07:00+00:00", "hazard_coefficient": 0.0056, "hazard_class": "SAFE", "is_critical": false, "route_type": "PI-GNN_REROUTE"}}, {"type": "Feature", "geometry": {"type": "LineString", "coordinates": [[76.420161, 10.279801], [76.420027, 10.279884]]}, "properties": {"segment_id": "REROUTE-SEG-568", "scenario_stage": 5, "stage_label": "Reroute Executed", "description": "PI-GNN offline reroute manoeuvre complete \u2014 truck on safe path", "begin_time": "2026-07-15T09:05:00+00:00", "end_time": "2026-07-15T09:07:00+00:00", "hazard_coefficient": 0.0056, "hazard_class": "SAFE", "is_critical": false, "route_type": "PI-GNN_REROUTE"}}, {"type": "Feature", "geometry": {"type": "LineString", "coordinates": [[76.420027, 10.279884], [76.419969, 10.279983]]}, "properties": {"segment_id": "REROUTE-SEG-569", "scenario_stage": 5, "stage_label": "Reroute Executed", "description": "PI-GNN offline reroute manoeuvre complete \u2014 truck on safe path", "begin_time": "2026-07-15T09:05:00+00:00", "end_time": "2026-07-15T09:07:00+00:00", "hazard_coefficient": 0.0056, "hazard_class": "SAFE", "is_critical": false, "route_type": "PI-GNN_REROUTE"}}, {"type": "Feature", "geometry": {"type": "LineString", "coordinates": [[76.419969, 10.279983], [76.41996, 10.279999]]}, "properties": {"segment_id": "REROUTE-SEG-570", "scenario_stage": 5, "stage_label": "Reroute Executed", "description": "PI-GNN offline reroute manoeuvre complete \u2014 truck on safe path", "begin_time": "2026-07-15T09:05:00+00:00", "end_time": "2026-07-15T09:07:00+00:00", "hazard_coefficient": 0.0056, "hazard_class": "SAFE", "is_critical": false, "route_type": "PI-GNN_REROUTE"}}, {"type": "Feature", "geometry": {"type": "LineString", "coordinates": [[76.41996, 10.279999], [76.419937, 10.280078]]}, "properties": {"segment_id": "REROUTE-SEG-571", "scenario_stage": 5, "stage_label": "Reroute Executed", "description": "PI-GNN offline reroute manoeuvre complete \u2014 truck on safe path", "begin_time": "2026-07-15T09:05:00+00:00", "end_time": "2026-07-15T09:07:00+00:00", "hazard_coefficient": 0.0056, "hazard_class": "SAFE", "is_critical": false, "route_type": "PI-GNN_REROUTE"}}, {"type": "Feature", "geometry": {"type": "LineString", "coordinates": [[76.419937, 10.280078], [76.419842, 10.280108]]}, "properties": {"segment_id": "REROUTE-SEG-572", "scenario_stage": 5, "stage_label": "Reroute Executed", "description": "PI-GNN offline reroute manoeuvre complete \u2014 truck on safe path", "begin_time": "2026-07-15T09:05:00+00:00", "end_time": "2026-07-15T09:07:00+00:00", "hazard_coefficient": 0.0056, "hazard_class": "SAFE", "is_critical": false, "route_type": "PI-GNN_REROUTE"}}, {"type": "Feature", "geometry": {"type": "LineString", "coordinates": [[76.419842, 10.280108], [76.419767, 10.280245]]}, "properties": {"segment_id": "REROUTE-SEG-573", "scenario_stage": 5, "stage_label": "Reroute Executed", "description": "PI-GNN offline reroute manoeuvre complete \u2014 truck on safe path", "begin_time": "2026-07-15T09:05:00+00:00", "end_time": "2026-07-15T09:07:00+00:00", "hazard_coefficient": 0.0056, "hazard_class": "SAFE", "is_critical": false, "route_type": "PI-GNN_REROUTE"}}, {"type": "Feature", "geometry": {"type": "LineString", "coordinates": [[76.419767, 10.280245], [76.419844, 10.280896]]}, "properties": {"segment_id": "REROUTE-SEG-574", "scenario_stage": 5, "stage_label": "Reroute Executed", "description": "PI-GNN offline reroute manoeuvre complete \u2014 truck on safe path", "begin_time": "2026-07-15T09:05:00+00:00", "end_time": "2026-07-15T09:07:00+00:00", "hazard_coefficient": 0.0056, "hazard_class": "SAFE", "is_critical": false, "route_type": "PI-GNN_REROUTE"}}, {"type": "Feature", "geometry": {"type": "LineString", "coordinates": [[76.419844, 10.280896], [76.419772, 10.281063]]}, "properties": {"segment_id": "REROUTE-SEG-575", "scenario_stage": 5, "stage_label": "Reroute Executed", "description": "PI-GNN offline reroute manoeuvre complete \u2014 truck on safe path", "begin_time": "2026-07-15T09:05:00+00:00", "end_time": "2026-07-15T09:07:00+00:00", "hazard_coefficient": 0.0056, "hazard_class": "SAFE", "is_critical": false, "route_type": "PI-GNN_REROUTE"}}, {"type": "Feature", "geometry": {"type": "LineString", "coordinates": [[76.419772, 10.281063], [76.419751, 10.28121]]}, "properties": {"segment_id": "REROUTE-SEG-576", "scenario_stage": 5, "stage_label": "Reroute Executed", "description": "PI-GNN offline reroute manoeuvre complete \u2014 truck on safe path", "begin_time": "2026-07-15T09:05:00+00:00", "end_time": "2026-07-15T09:07:00+00:00", "hazard_coefficient": 0.0056, "hazard_class": "SAFE", "is_critical": false, "route_type": "PI-GNN_REROUTE"}}, {"type": "Feature", "geometry": {"type": "LineString", "coordinates": [[76.419751, 10.28121], [76.419726, 10.281288]]}, "properties": {"segment_id": "REROUTE-SEG-577", "scenario_stage": 5, "stage_label": "Reroute Executed", "description": "PI-GNN offline reroute manoeuvre complete \u2014 truck on safe path", "begin_time": "2026-07-15T09:05:00+00:00", "end_time": "2026-07-15T09:07:00+00:00", "hazard_coefficient": 0.0056, "hazard_class": "SAFE", "is_critical": false, "route_type": "PI-GNN_REROUTE"}}, {"type": "Feature", "geometry": {"type": "LineString", "coordinates": [[76.419726, 10.281288], [76.419696, 10.281357]]}, "properties": {"segment_id": "REROUTE-SEG-578", "scenario_stage": 5, "stage_label": "Reroute Executed", "description": "PI-GNN offline reroute manoeuvre complete \u2014 truck on safe path", "begin_time": "2026-07-15T09:05:00+00:00", "end_time": "2026-07-15T09:07:00+00:00", "hazard_coefficient": 0.0056, "hazard_class": "SAFE", "is_critical": false, "route_type": "PI-GNN_REROUTE"}}, {"type": "Feature", "geometry": {"type": "LineString", "coordinates": [[76.419696, 10.281357], [76.419651, 10.281455]]}, "properties": {"segment_id": "REROUTE-SEG-579", "scenario_stage": 5, "stage_label": "Reroute Executed", "description": "PI-GNN offline reroute manoeuvre complete \u2014 truck on safe path", "begin_time": "2026-07-15T09:05:00+00:00", "end_time": "2026-07-15T09:07:00+00:00", "hazard_coefficient": 0.0056, "hazard_class": "SAFE", "is_critical": false, "route_type": "PI-GNN_REROUTE"}}, {"type": "Feature", "geometry": {"type": "LineString", "coordinates": [[76.419651, 10.281455], [76.419641, 10.281561]]}, "properties": {"segment_id": "REROUTE-SEG-580", "scenario_stage": 5, "stage_label": "Reroute Executed", "description": "PI-GNN offline reroute manoeuvre complete \u2014 truck on safe path", "begin_time": "2026-07-15T09:05:00+00:00", "end_time": "2026-07-15T09:07:00+00:00", "hazard_coefficient": 0.0056, "hazard_class": "SAFE", "is_critical": false, "route_type": "PI-GNN_REROUTE"}}, {"type": "Feature", "geometry": {"type": "LineString", "coordinates": [[76.419641, 10.281561], [76.419643, 10.281642]]}, "properties": {"segment_id": "REROUTE-SEG-581", "scenario_stage": 5, "stage_label": "Reroute Executed", "description": "PI-GNN offline reroute manoeuvre complete \u2014 truck on safe path", "begin_time": "2026-07-15T09:05:00+00:00", "end_time": "2026-07-15T09:07:00+00:00", "hazard_coefficient": 0.0056, "hazard_class": "SAFE", "is_critical": false, "route_type": "PI-GNN_REROUTE"}}, {"type": "Feature", "geometry": {"type": "LineString", "coordinates": [[76.419643, 10.281642], [76.419667, 10.28172]]}, "properties": {"segment_id": "REROUTE-SEG-582", "scenario_stage": 5, "stage_label": "Reroute Executed", "description": "PI-GNN offline reroute manoeuvre complete \u2014 truck on safe path", "begin_time": "2026-07-15T09:05:00+00:00", "end_time": "2026-07-15T09:07:00+00:00", "hazard_coefficient": 0.0056, "hazard_class": "SAFE", "is_critical": false, "route_type": "PI-GNN_REROUTE"}}, {"type": "Feature", "geometry": {"type": "LineString", "coordinates": [[76.419667, 10.28172], [76.419796, 10.281989]]}, "properties": {"segment_id": "REROUTE-SEG-583", "scenario_stage": 5, "stage_label": "Reroute Executed", "description": "PI-GNN offline reroute manoeuvre complete \u2014 truck on safe path", "begin_time": "2026-07-15T09:05:00+00:00", "end_time": "2026-07-15T09:07:00+00:00", "hazard_coefficient": 0.0056, "hazard_class": "SAFE", "is_critical": false, "route_type": "PI-GNN_REROUTE"}}, {"type": "Feature", "geometry": {"type": "LineString", "coordinates": [[76.419796, 10.281989], [76.419914, 10.282258]]}, "properties": {"segment_id": "REROUTE-SEG-584", "scenario_stage": 5, "stage_label": "Reroute Executed", "description": "PI-GNN offline reroute manoeuvre complete \u2014 truck on safe path", "begin_time": "2026-07-15T09:05:00+00:00", "end_time": "2026-07-15T09:07:00+00:00", "hazard_coefficient": 0.0056, "hazard_class": "SAFE", "is_critical": false, "route_type": "PI-GNN_REROUTE"}}, {"type": "Feature", "geometry": {"type": "LineString", "coordinates": [[76.419914, 10.282258], [76.41998, 10.282392]]}, "properties": {"segment_id": "REROUTE-SEG-585", "scenario_stage": 5, "stage_label": "Reroute Executed", "description": "PI-GNN offline reroute manoeuvre complete \u2014 truck on safe path", "begin_time": "2026-07-15T09:05:00+00:00", "end_time": "2026-07-15T09:07:00+00:00", "hazard_coefficient": 0.0056, "hazard_class": "SAFE", "is_critical": false, "route_type": "PI-GNN_REROUTE"}}, {"type": "Feature", "geometry": {"type": "LineString", "coordinates": [[76.41998, 10.282392], [76.420036, 10.282518]]}, "properties": {"segment_id": "REROUTE-SEG-586", "scenario_stage": 5, "stage_label": "Reroute Executed", "description": "PI-GNN offline reroute manoeuvre complete \u2014 truck on safe path", "begin_time": "2026-07-15T09:05:00+00:00", "end_time": "2026-07-15T09:07:00+00:00", "hazard_coefficient": 0.0056, "hazard_class": "SAFE", "is_critical": false, "route_type": "PI-GNN_REROUTE"}}, {"type": "Feature", "geometry": {"type": "LineString", "coordinates": [[76.420036, 10.282518], [76.420068, 10.282637]]}, "properties": {"segment_id": "REROUTE-SEG-587", "scenario_stage": 5, "stage_label": "Reroute Executed", "description": "PI-GNN offline reroute manoeuvre complete \u2014 truck on safe path", "begin_time": "2026-07-15T09:05:00+00:00", "end_time": "2026-07-15T09:07:00+00:00", "hazard_coefficient": 0.0056, "hazard_class": "SAFE", "is_critical": false, "route_type": "PI-GNN_REROUTE"}}, {"type": "Feature", "geometry": {"type": "LineString", "coordinates": [[76.420068, 10.282637], [76.420087, 10.282762]]}, "properties": {"segment_id": "REROUTE-SEG-588", "scenario_stage": 5, "stage_label": "Reroute Executed", "description": "PI-GNN offline reroute manoeuvre complete \u2014 truck on safe path", "begin_time": "2026-07-15T09:05:00+00:00", "end_time": "2026-07-15T09:07:00+00:00", "hazard_coefficient": 0.0056, "hazard_class": "SAFE", "is_critical": false, "route_type": "PI-GNN_REROUTE"}}, {"type": "Feature", "geometry": {"type": "LineString", "coordinates": [[76.420087, 10.282762], [76.420105, 10.282886]]}, "properties": {"segment_id": "REROUTE-SEG-589", "scenario_stage": 5, "stage_label": "Reroute Executed", "description": "PI-GNN offline reroute manoeuvre complete \u2014 truck on safe path", "begin_time": "2026-07-15T09:05:00+00:00", "end_time": "2026-07-15T09:07:00+00:00", "hazard_coefficient": 0.0056, "hazard_class": "SAFE", "is_critical": false, "route_type": "PI-GNN_REROUTE"}}, {"type": "Feature", "geometry": {"type": "LineString", "coordinates": [[76.420105, 10.282886], [76.420082, 10.283013]]}, "properties": {"segment_id": "REROUTE-SEG-590", "scenario_stage": 5, "stage_label": "Reroute Executed", "description": "PI-GNN offline reroute manoeuvre complete \u2014 truck on safe path", "begin_time": "2026-07-15T09:05:00+00:00", "end_time": "2026-07-15T09:07:00+00:00", "hazard_coefficient": 0.0056, "hazard_class": "SAFE", "is_critical": false, "route_type": "PI-GNN_REROUTE"}}, {"type": "Feature", "geometry": {"type": "LineString", "coordinates": [[76.420082, 10.283013], [76.420012, 10.283187]]}, "properties": {"segment_id": "REROUTE-SEG-591", "scenario_stage": 5, "stage_label": "Reroute Executed", "description": "PI-GNN offline reroute manoeuvre complete \u2014 truck on safe path", "begin_time": "2026-07-15T09:05:00+00:00", "end_time": "2026-07-15T09:07:00+00:00", "hazard_coefficient": 0.0056, "hazard_class": "SAFE", "is_critical": false, "route_type": "PI-GNN_REROUTE"}}, {"type": "Feature", "geometry": {"type": "LineString", "coordinates": [[76.420012, 10.283187], [76.419984, 10.283341]]}, "properties": {"segment_id": "REROUTE-SEG-592", "scenario_stage": 5, "stage_label": "Reroute Executed", "description": "PI-GNN offline reroute manoeuvre complete \u2014 truck on safe path", "begin_time": "2026-07-15T09:05:00+00:00", "end_time": "2026-07-15T09:07:00+00:00", "hazard_coefficient": 0.0056, "hazard_class": "SAFE", "is_critical": false, "route_type": "PI-GNN_REROUTE"}}, {"type": "Feature", "geometry": {"type": "LineString", "coordinates": [[76.419984, 10.283341], [76.419931, 10.28363]]}, "properties": {"segment_id": "REROUTE-SEG-593", "scenario_stage": 5, "stage_label": "Reroute Executed", "description": "PI-GNN offline reroute manoeuvre complete \u2014 truck on safe path", "begin_time": "2026-07-15T09:05:00+00:00", "end_time": "2026-07-15T09:07:00+00:00", "hazard_coefficient": 0.0056, "hazard_class": "SAFE", "is_critical": false, "route_type": "PI-GNN_REROUTE"}}, {"type": "Feature", "geometry": {"type": "LineString", "coordinates": [[76.419931, 10.28363], [76.41994, 10.283716]]}, "properties": {"segment_id": "REROUTE-SEG-594", "scenario_stage": 5, "stage_label": "Reroute Executed", "description": "PI-GNN offline reroute manoeuvre complete \u2014 truck on safe path", "begin_time": "2026-07-15T09:05:00+00:00", "end_time": "2026-07-15T09:07:00+00:00", "hazard_coefficient": 0.0056, "hazard_class": "SAFE", "is_critical": false, "route_type": "PI-GNN_REROUTE"}}, {"type": "Feature", "geometry": {"type": "LineString", "coordinates": [[76.41994, 10.283716], [76.419985, 10.284126]]}, "properties": {"segment_id": "REROUTE-SEG-595", "scenario_stage": 5, "stage_label": "Reroute Executed", "description": "PI-GNN offline reroute manoeuvre complete \u2014 truck on safe path", "begin_time": "2026-07-15T09:05:00+00:00", "end_time": "2026-07-15T09:07:00+00:00", "hazard_coefficient": 0.0056, "hazard_class": "SAFE", "is_critical": false, "route_type": "PI-GNN_REROUTE"}}, {"type": "Feature", "geometry": {"type": "LineString", "coordinates": [[76.419985, 10.284126], [76.420156, 10.284516]]}, "properties": {"segment_id": "REROUTE-SEG-596", "scenario_stage": 5, "stage_label": "Reroute Executed", "description": "PI-GNN offline reroute manoeuvre complete \u2014 truck on safe path", "begin_time": "2026-07-15T09:05:00+00:00", "end_time": "2026-07-15T09:07:00+00:00", "hazard_coefficient": 0.0056, "hazard_class": "SAFE", "is_critical": false, "route_type": "PI-GNN_REROUTE"}}, {"type": "Feature", "geometry": {"type": "LineString", "coordinates": [[76.420156, 10.284516], [76.420381, 10.284671]]}, "properties": {"segment_id": "REROUTE-SEG-597", "scenario_stage": 5, "stage_label": "Reroute Executed", "description": "PI-GNN offline reroute manoeuvre complete \u2014 truck on safe path", "begin_time": "2026-07-15T09:05:00+00:00", "end_time": "2026-07-15T09:07:00+00:00", "hazard_coefficient": 0.0056, "hazard_class": "SAFE", "is_critical": false, "route_type": "PI-GNN_REROUTE"}}, {"type": "Feature", "geometry": {"type": "LineString", "coordinates": [[76.420381, 10.284671], [76.42074, 10.285141]]}, "properties": {"segment_id": "REROUTE-SEG-598", "scenario_stage": 5, "stage_label": "Reroute Executed", "description": "PI-GNN offline reroute manoeuvre complete \u2014 truck on safe path", "begin_time": "2026-07-15T09:05:00+00:00", "end_time": "2026-07-15T09:07:00+00:00", "hazard_coefficient": 0.0056, "hazard_class": "SAFE", "is_critical": false, "route_type": "PI-GNN_REROUTE"}}, {"type": "Feature", "geometry": {"type": "LineString", "coordinates": [[76.42074, 10.285141], [76.42098, 10.285199]]}, "properties": {"segment_id": "REROUTE-SEG-599", "scenario_stage": 5, "stage_label": "Reroute Executed", "description": "PI-GNN offline reroute manoeuvre complete \u2014 truck on safe path", "begin_time": "2026-07-15T09:05:00+00:00", "end_time": "2026-07-15T09:07:00+00:00", "hazard_coefficient": 0.0056, "hazard_class": "SAFE", "is_critical": false, "route_type": "PI-GNN_REROUTE"}}, {"type": "Feature", "geometry": {"type": "LineString", "coordinates": [[76.42098, 10.285199], [76.421102, 10.285229]]}, "properties": {"segment_id": "REROUTE-SEG-600", "scenario_stage": 5, "stage_label": "Reroute Executed", "description": "PI-GNN offline reroute manoeuvre complete \u2014 truck on safe path", "begin_time": "2026-07-15T09:05:00+00:00", "end_time": "2026-07-15T09:07:00+00:00", "hazard_coefficient": 0.0056, "hazard_class": "SAFE", "is_critical": false, "route_type": "PI-GNN_REROUTE"}}, {"type": "Feature", "geometry": {"type": "LineString", "coordinates": [[76.421102, 10.285229], [76.422092, 10.285144]]}, "properties": {"segment_id": "REROUTE-SEG-601", "scenario_stage": 5, "stage_label": "Reroute Executed", "description": "PI-GNN offline reroute manoeuvre complete \u2014 truck on safe path", "begin_time": "2026-07-15T09:05:00+00:00", "end_time": "2026-07-15T09:07:00+00:00", "hazard_coefficient": 0.0056, "hazard_class": "SAFE", "is_critical": false, "route_type": "PI-GNN_REROUTE"}}, {"type": "Feature", "geometry": {"type": "LineString", "coordinates": [[76.422092, 10.285144], [76.42282, 10.285053]]}, "properties": {"segment_id": "REROUTE-SEG-602", "scenario_stage": 5, "stage_label": "Reroute Executed", "description": "PI-GNN offline reroute manoeuvre complete \u2014 truck on safe path", "begin_time": "2026-07-15T09:05:00+00:00", "end_time": "2026-07-15T09:07:00+00:00", "hazard_coefficient": 0.0056, "hazard_class": "SAFE", "is_critical": false, "route_type": "PI-GNN_REROUTE"}}, {"type": "Feature", "geometry": {"type": "LineString", "coordinates": [[76.42282, 10.285053], [76.423349, 10.2849]]}, "properties": {"segment_id": "REROUTE-SEG-603", "scenario_stage": 5, "stage_label": "Reroute Executed", "description": "PI-GNN offline reroute manoeuvre complete \u2014 truck on safe path", "begin_time": "2026-07-15T09:05:00+00:00", "end_time": "2026-07-15T09:07:00+00:00", "hazard_coefficient": 0.0056, "hazard_class": "SAFE", "is_critical": false, "route_type": "PI-GNN_REROUTE"}}, {"type": "Feature", "geometry": {"type": "LineString", "coordinates": [[76.423349, 10.2849], [76.423974, 10.284784]]}, "properties": {"segment_id": "REROUTE-SEG-604", "scenario_stage": 5, "stage_label": "Reroute Executed", "description": "PI-GNN offline reroute manoeuvre complete \u2014 truck on safe path", "begin_time": "2026-07-15T09:05:00+00:00", "end_time": "2026-07-15T09:07:00+00:00", "hazard_coefficient": 0.0056, "hazard_class": "SAFE", "is_critical": false, "route_type": "PI-GNN_REROUTE"}}, {"type": "Feature", "geometry": {"type": "LineString", "coordinates": [[76.423974, 10.284784], [76.424645, 10.284689]]}, "properties": {"segment_id": "REROUTE-SEG-605", "scenario_stage": 5, "stage_label": "Reroute Executed", "description": "PI-GNN offline reroute manoeuvre complete \u2014 truck on safe path", "begin_time": "2026-07-15T09:05:00+00:00", "end_time": "2026-07-15T09:07:00+00:00", "hazard_coefficient": 0.0056, "hazard_class": "SAFE", "is_critical": false, "route_type": "PI-GNN_REROUTE"}}, {"type": "Feature", "geometry": {"type": "LineString", "coordinates": [[76.424645, 10.284689], [76.425413, 10.284524]]}, "properties": {"segment_id": "REROUTE-SEG-606", "scenario_stage": 5, "stage_label": "Reroute Executed", "description": "PI-GNN offline reroute manoeuvre complete \u2014 truck on safe path", "begin_time": "2026-07-15T09:05:00+00:00", "end_time": "2026-07-15T09:07:00+00:00", "hazard_coefficient": 0.0056, "hazard_class": "SAFE", "is_critical": false, "route_type": "PI-GNN_REROUTE"}}, {"type": "Feature", "geometry": {"type": "LineString", "coordinates": [[76.425413, 10.284524], [76.426681, 10.283914]]}, "properties": {"segment_id": "REROUTE-SEG-607", "scenario_stage": 5, "stage_label": "Reroute Executed", "description": "PI-GNN offline reroute manoeuvre complete \u2014 truck on safe path", "begin_time": "2026-07-15T09:05:00+00:00", "end_time": "2026-07-15T09:07:00+00:00", "hazard_coefficient": 0.0056, "hazard_class": "SAFE", "is_critical": false, "route_type": "PI-GNN_REROUTE"}}, {"type": "Feature", "geometry": {"type": "LineString", "coordinates": [[76.426681, 10.283914], [76.427333, 10.2836]]}, "properties": {"segment_id": "REROUTE-SEG-608", "scenario_stage": 5, "stage_label": "Reroute Executed", "description": "PI-GNN offline reroute manoeuvre complete \u2014 truck on safe path", "begin_time": "2026-07-15T09:05:00+00:00", "end_time": "2026-07-15T09:07:00+00:00", "hazard_coefficient": 0.0056, "hazard_class": "SAFE", "is_critical": false, "route_type": "PI-GNN_REROUTE"}}, {"type": "Feature", "geometry": {"type": "LineString", "coordinates": [[76.427333, 10.2836], [76.427756, 10.283415]]}, "properties": {"segment_id": "REROUTE-SEG-609", "scenario_stage": 5, "stage_label": "Reroute Executed", "description": "PI-GNN offline reroute manoeuvre complete \u2014 truck on safe path", "begin_time": "2026-07-15T09:05:00+00:00", "end_time": "2026-07-15T09:07:00+00:00", "hazard_coefficient": 0.0056, "hazard_class": "SAFE", "is_critical": false, "route_type": "PI-GNN_REROUTE"}}, {"type": "Feature", "geometry": {"type": "LineString", "coordinates": [[76.427756, 10.283415], [76.429042, 10.283052]]}, "properties": {"segment_id": "REROUTE-SEG-610", "scenario_stage": 5, "stage_label": "Reroute Executed", "description": "PI-GNN offline reroute manoeuvre complete \u2014 truck on safe path", "begin_time": "2026-07-15T09:05:00+00:00", "end_time": "2026-07-15T09:07:00+00:00", "hazard_coefficient": 0.0056, "hazard_class": "SAFE", "is_critical": false, "route_type": "PI-GNN_REROUTE"}}, {"type": "Feature", "geometry": {"type": "LineString", "coordinates": [[76.429042, 10.283052], [76.429179, 10.283013]]}, "properties": {"segment_id": "REROUTE-SEG-611", "scenario_stage": 5, "stage_label": "Reroute Executed", "description": "PI-GNN offline reroute manoeuvre complete \u2014 truck on safe path", "begin_time": "2026-07-15T09:05:00+00:00", "end_time": "2026-07-15T09:07:00+00:00", "hazard_coefficient": 0.0056, "hazard_class": "SAFE", "is_critical": false, "route_type": "PI-GNN_REROUTE"}}, {"type": "Feature", "geometry": {"type": "LineString", "coordinates": [[76.429179, 10.283013], [76.429652, 10.282905]]}, "properties": {"segment_id": "REROUTE-SEG-612", "scenario_stage": 5, "stage_label": "Reroute Executed", "description": "PI-GNN offline reroute manoeuvre complete \u2014 truck on safe path", "begin_time": "2026-07-15T09:05:00+00:00", "end_time": "2026-07-15T09:07:00+00:00", "hazard_coefficient": 0.0056, "hazard_class": "SAFE", "is_critical": false, "route_type": "PI-GNN_REROUTE"}}, {"type": "Feature", "geometry": {"type": "LineString", "coordinates": [[76.429652, 10.282905], [76.429942, 10.282852]]}, "properties": {"segment_id": "REROUTE-SEG-613", "scenario_stage": 5, "stage_label": "Reroute Executed", "description": "PI-GNN offline reroute manoeuvre complete \u2014 truck on safe path", "begin_time": "2026-07-15T09:05:00+00:00", "end_time": "2026-07-15T09:07:00+00:00", "hazard_coefficient": 0.0056, "hazard_class": "SAFE", "is_critical": false, "route_type": "PI-GNN_REROUTE"}}, {"type": "Feature", "geometry": {"type": "LineString", "coordinates": [[76.429942, 10.282852], [76.430468, 10.282819]]}, "properties": {"segment_id": "REROUTE-SEG-614", "scenario_stage": 5, "stage_label": "Reroute Executed", "description": "PI-GNN offline reroute manoeuvre complete \u2014 truck on safe path", "begin_time": "2026-07-15T09:05:00+00:00", "end_time": "2026-07-15T09:07:00+00:00", "hazard_coefficient": 0.0056, "hazard_class": "SAFE", "is_critical": false, "route_type": "PI-GNN_REROUTE"}}, {"type": "Feature", "geometry": {"type": "LineString", "coordinates": [[76.430468, 10.282819], [76.430616, 10.28281]]}, "properties": {"segment_id": "REROUTE-SEG-615", "scenario_stage": 5, "stage_label": "Reroute Executed", "description": "PI-GNN offline reroute manoeuvre complete \u2014 truck on safe path", "begin_time": "2026-07-15T09:05:00+00:00", "end_time": "2026-07-15T09:07:00+00:00", "hazard_coefficient": 0.0056, "hazard_class": "SAFE", "is_critical": false, "route_type": "PI-GNN_REROUTE"}}, {"type": "Feature", "geometry": {"type": "LineString", "coordinates": [[76.430616, 10.28281], [76.430784, 10.282791]]}, "properties": {"segment_id": "REROUTE-SEG-616", "scenario_stage": 5, "stage_label": "Reroute Executed", "description": "PI-GNN offline reroute manoeuvre complete \u2014 truck on safe path", "begin_time": "2026-07-15T09:05:00+00:00", "end_time": "2026-07-15T09:07:00+00:00", "hazard_coefficient": 0.0056, "hazard_class": "SAFE", "is_critical": false, "route_type": "PI-GNN_REROUTE"}}, {"type": "Feature", "geometry": {"type": "LineString", "coordinates": [[76.430784, 10.282791], [76.43089, 10.282778]]}, "properties": {"segment_id": "REROUTE-SEG-617", "scenario_stage": 5, "stage_label": "Reroute Executed", "description": "PI-GNN offline reroute manoeuvre complete \u2014 truck on safe path", "begin_time": "2026-07-15T09:05:00+00:00", "end_time": "2026-07-15T09:07:00+00:00", "hazard_coefficient": 0.0056, "hazard_class": "SAFE", "is_critical": false, "route_type": "PI-GNN_REROUTE"}}, {"type": "Feature", "geometry": {"type": "LineString", "coordinates": [[76.43089, 10.282778], [76.431616, 10.282755]]}, "properties": {"segment_id": "REROUTE-SEG-618", "scenario_stage": 5, "stage_label": "Reroute Executed", "description": "PI-GNN offline reroute manoeuvre complete \u2014 truck on safe path", "begin_time": "2026-07-15T09:05:00+00:00", "end_time": "2026-07-15T09:07:00+00:00", "hazard_coefficient": 0.0056, "hazard_class": "SAFE", "is_critical": false, "route_type": "PI-GNN_REROUTE"}}, {"type": "Feature", "geometry": {"type": "LineString", "coordinates": [[76.431616, 10.282755], [76.431916, 10.282816]]}, "properties": {"segment_id": "REROUTE-SEG-619", "scenario_stage": 5, "stage_label": "Reroute Executed", "description": "PI-GNN offline reroute manoeuvre complete \u2014 truck on safe path", "begin_time": "2026-07-15T09:05:00+00:00", "end_time": "2026-07-15T09:07:00+00:00", "hazard_coefficient": 0.0056, "hazard_class": "SAFE", "is_critical": false, "route_type": "PI-GNN_REROUTE"}}, {"type": "Feature", "geometry": {"type": "LineString", "coordinates": [[76.431916, 10.282816], [76.432034, 10.282861]]}, "properties": {"segment_id": "REROUTE-SEG-620", "scenario_stage": 5, "stage_label": "Reroute Executed", "description": "PI-GNN offline reroute manoeuvre complete \u2014 truck on safe path", "begin_time": "2026-07-15T09:05:00+00:00", "end_time": "2026-07-15T09:07:00+00:00", "hazard_coefficient": 0.0056, "hazard_class": "SAFE", "is_critical": false, "route_type": "PI-GNN_REROUTE"}}, {"type": "Feature", "geometry": {"type": "LineString", "coordinates": [[76.432034, 10.282861], [76.431974, 10.283051]]}, "properties": {"segment_id": "REROUTE-SEG-621", "scenario_stage": 5, "stage_label": "Reroute Executed", "description": "PI-GNN offline reroute manoeuvre complete \u2014 truck on safe path", "begin_time": "2026-07-15T09:05:00+00:00", "end_time": "2026-07-15T09:07:00+00:00", "hazard_coefficient": 0.0056, "hazard_class": "SAFE", "is_critical": false, "route_type": "PI-GNN_REROUTE"}}, {"type": "Feature", "geometry": {"type": "LineString", "coordinates": [[76.431974, 10.283051], [76.431893, 10.284391]]}, "properties": {"segment_id": "REROUTE-SEG-622", "scenario_stage": 5, "stage_label": "Reroute Executed", "description": "PI-GNN offline reroute manoeuvre complete \u2014 truck on safe path", "begin_time": "2026-07-15T09:05:00+00:00", "end_time": "2026-07-15T09:07:00+00:00", "hazard_coefficient": 0.0056, "hazard_class": "SAFE", "is_critical": false, "route_type": "PI-GNN_REROUTE"}}, {"type": "Feature", "geometry": {"type": "LineString", "coordinates": [[76.431893, 10.284391], [76.431996, 10.284539]]}, "properties": {"segment_id": "REROUTE-SEG-623", "scenario_stage": 5, "stage_label": "Reroute Executed", "description": "PI-GNN offline reroute manoeuvre complete \u2014 truck on safe path", "begin_time": "2026-07-15T09:05:00+00:00", "end_time": "2026-07-15T09:07:00+00:00", "hazard_coefficient": 0.0056, "hazard_class": "SAFE", "is_critical": false, "route_type": "PI-GNN_REROUTE"}}, {"type": "Feature", "geometry": {"type": "LineString", "coordinates": [[76.431996, 10.284539], [76.432166, 10.284809]]}, "properties": {"segment_id": "REROUTE-SEG-624", "scenario_stage": 5, "stage_label": "Reroute Executed", "description": "PI-GNN offline reroute manoeuvre complete \u2014 truck on safe path", "begin_time": "2026-07-15T09:05:00+00:00", "end_time": "2026-07-15T09:07:00+00:00", "hazard_coefficient": 0.0056, "hazard_class": "SAFE", "is_critical": false, "route_type": "PI-GNN_REROUTE"}}, {"type": "Feature", "geometry": {"type": "LineString", "coordinates": [[76.432166, 10.284809], [76.432699, 10.284865]]}, "properties": {"segment_id": "REROUTE-SEG-625", "scenario_stage": 5, "stage_label": "Reroute Executed", "description": "PI-GNN offline reroute manoeuvre complete \u2014 truck on safe path", "begin_time": "2026-07-15T09:05:00+00:00", "end_time": "2026-07-15T09:07:00+00:00", "hazard_coefficient": 0.0056, "hazard_class": "SAFE", "is_critical": false, "route_type": "PI-GNN_REROUTE"}}, {"type": "Feature", "geometry": {"type": "LineString", "coordinates": [[76.432699, 10.284865], [76.433338, 10.284835]]}, "properties": {"segment_id": "REROUTE-SEG-626", "scenario_stage": 5, "stage_label": "Reroute Executed", "description": "PI-GNN offline reroute manoeuvre complete \u2014 truck on safe path", "begin_time": "2026-07-15T09:05:00+00:00", "end_time": "2026-07-15T09:07:00+00:00", "hazard_coefficient": 0.0056, "hazard_class": "SAFE", "is_critical": false, "route_type": "PI-GNN_REROUTE"}}, {"type": "Feature", "geometry": {"type": "LineString", "coordinates": [[76.433338, 10.284835], [76.43352, 10.285177]]}, "properties": {"segment_id": "REROUTE-SEG-627", "scenario_stage": 5, "stage_label": "Reroute Executed", "description": "PI-GNN offline reroute manoeuvre complete \u2014 truck on safe path", "begin_time": "2026-07-15T09:05:00+00:00", "end_time": "2026-07-15T09:07:00+00:00", "hazard_coefficient": 0.0056, "hazard_class": "SAFE", "is_critical": false, "route_type": "PI-GNN_REROUTE"}}, {"type": "Feature", "geometry": {"type": "LineString", "coordinates": [[76.43352, 10.285177], [76.432976, 10.286302]]}, "properties": {"segment_id": "REROUTE-SEG-628", "scenario_stage": 5, "stage_label": "Reroute Executed", "description": "PI-GNN offline reroute manoeuvre complete \u2014 truck on safe path", "begin_time": "2026-07-15T09:05:00+00:00", "end_time": "2026-07-15T09:07:00+00:00", "hazard_coefficient": 0.0056, "hazard_class": "SAFE", "is_critical": false, "route_type": "PI-GNN_REROUTE"}}, {"type": "Feature", "geometry": {"type": "LineString", "coordinates": [[76.432976, 10.286302], [76.433022, 10.286649]]}, "properties": {"segment_id": "REROUTE-SEG-629", "scenario_stage": 5, "stage_label": "Reroute Executed", "description": "PI-GNN offline reroute manoeuvre complete \u2014 truck on safe path", "begin_time": "2026-07-15T09:05:00+00:00", "end_time": "2026-07-15T09:07:00+00:00", "hazard_coefficient": 0.0056, "hazard_class": "SAFE", "is_critical": false, "route_type": "PI-GNN_REROUTE"}}, {"type": "Feature", "geometry": {"type": "LineString", "coordinates": [[76.433022, 10.286649], [76.433482, 10.287579]]}, "properties": {"segment_id": "REROUTE-SEG-630", "scenario_stage": 5, "stage_label": "Reroute Executed", "description": "PI-GNN offline reroute manoeuvre complete \u2014 truck on safe path", "begin_time": "2026-07-15T09:05:00+00:00", "end_time": "2026-07-15T09:07:00+00:00", "hazard_coefficient": 0.0056, "hazard_class": "SAFE", "is_critical": false, "route_type": "PI-GNN_REROUTE"}}, {"type": "Feature", "geometry": {"type": "LineString", "coordinates": [[76.433482, 10.287579], [76.433453, 10.288154]]}, "properties": {"segment_id": "REROUTE-SEG-631", "scenario_stage": 5, "stage_label": "Reroute Executed", "description": "PI-GNN offline reroute manoeuvre complete \u2014 truck on safe path", "begin_time": "2026-07-15T09:05:00+00:00", "end_time": "2026-07-15T09:07:00+00:00", "hazard_coefficient": 0.0056, "hazard_class": "SAFE", "is_critical": false, "route_type": "PI-GNN_REROUTE"}}, {"type": "Feature", "geometry": {"type": "LineString", "coordinates": [[76.433453, 10.288154], [76.43329, 10.288684]]}, "properties": {"segment_id": "REROUTE-SEG-632", "scenario_stage": 5, "stage_label": "Reroute Executed", "description": "PI-GNN offline reroute manoeuvre complete \u2014 truck on safe path", "begin_time": "2026-07-15T09:05:00+00:00", "end_time": "2026-07-15T09:07:00+00:00", "hazard_coefficient": 0.0056, "hazard_class": "SAFE", "is_critical": false, "route_type": "PI-GNN_REROUTE"}}, {"type": "Feature", "geometry": {"type": "LineString", "coordinates": [[76.43329, 10.288684], [76.433389, 10.289005]]}, "properties": {"segment_id": "REROUTE-SEG-633", "scenario_stage": 5, "stage_label": "Reroute Executed", "description": "PI-GNN offline reroute manoeuvre complete \u2014 truck on safe path", "begin_time": "2026-07-15T09:05:00+00:00", "end_time": "2026-07-15T09:07:00+00:00", "hazard_coefficient": 0.0056, "hazard_class": "SAFE", "is_critical": false, "route_type": "PI-GNN_REROUTE"}}, {"type": "Feature", "geometry": {"type": "LineString", "coordinates": [[76.433389, 10.289005], [76.433507, 10.28911]]}, "properties": {"segment_id": "REROUTE-SEG-634", "scenario_stage": 5, "stage_label": "Reroute Executed", "description": "PI-GNN offline reroute manoeuvre complete \u2014 truck on safe path", "begin_time": "2026-07-15T09:05:00+00:00", "end_time": "2026-07-15T09:07:00+00:00", "hazard_coefficient": 0.0056, "hazard_class": "SAFE", "is_critical": false, "route_type": "PI-GNN_REROUTE"}}, {"type": "Feature", "geometry": {"type": "LineString", "coordinates": [[76.433507, 10.28911], [76.433751, 10.289329]]}, "properties": {"segment_id": "REROUTE-SEG-635", "scenario_stage": 5, "stage_label": "Reroute Executed", "description": "PI-GNN offline reroute manoeuvre complete \u2014 truck on safe path", "begin_time": "2026-07-15T09:05:00+00:00", "end_time": "2026-07-15T09:07:00+00:00", "hazard_coefficient": 0.0056, "hazard_class": "SAFE", "is_critical": false, "route_type": "PI-GNN_REROUTE"}}, {"type": "Feature", "geometry": {"type": "LineString", "coordinates": [[76.433751, 10.289329], [76.434399, 10.289521]]}, "properties": {"segment_id": "REROUTE-SEG-636", "scenario_stage": 5, "stage_label": "Reroute Executed", "description": "PI-GNN offline reroute manoeuvre complete \u2014 truck on safe path", "begin_time": "2026-07-15T09:05:00+00:00", "end_time": "2026-07-15T09:07:00+00:00", "hazard_coefficient": 0.0056, "hazard_class": "SAFE", "is_critical": false, "route_type": "PI-GNN_REROUTE"}}, {"type": "Feature", "geometry": {"type": "LineString", "coordinates": [[76.434399, 10.289521], [76.435922, 10.290465]]}, "properties": {"segment_id": "REROUTE-SEG-637", "scenario_stage": 5, "stage_label": "Reroute Executed", "description": "PI-GNN offline reroute manoeuvre complete \u2014 truck on safe path", "begin_time": "2026-07-15T09:05:00+00:00", "end_time": "2026-07-15T09:07:00+00:00", "hazard_coefficient": 0.0056, "hazard_class": "SAFE", "is_critical": false, "route_type": "PI-GNN_REROUTE"}}, {"type": "Feature", "geometry": {"type": "LineString", "coordinates": [[76.435922, 10.290465], [76.43598, 10.290519]]}, "properties": {"segment_id": "REROUTE-SEG-638", "scenario_stage": 5, "stage_label": "Reroute Executed", "description": "PI-GNN offline reroute manoeuvre complete \u2014 truck on safe path", "begin_time": "2026-07-15T09:05:00+00:00", "end_time": "2026-07-15T09:07:00+00:00", "hazard_coefficient": 0.0056, "hazard_class": "SAFE", "is_critical": false, "route_type": "PI-GNN_REROUTE"}}, {"type": "Feature", "geometry": {"type": "LineString", "coordinates": [[76.43598, 10.290519], [76.43622, 10.290746]]}, "properties": {"segment_id": "REROUTE-SEG-639", "scenario_stage": 5, "stage_label": "Reroute Executed", "description": "PI-GNN offline reroute manoeuvre complete \u2014 truck on safe path", "begin_time": "2026-07-15T09:05:00+00:00", "end_time": "2026-07-15T09:07:00+00:00", "hazard_coefficient": 0.0056, "hazard_class": "SAFE", "is_critical": false, "route_type": "PI-GNN_REROUTE"}}, {"type": "Feature", "geometry": {"type": "LineString", "coordinates": [[76.43622, 10.290746], [76.436464, 10.290896]]}, "properties": {"segment_id": "REROUTE-SEG-640", "scenario_stage": 5, "stage_label": "Reroute Executed", "description": "PI-GNN offline reroute manoeuvre complete \u2014 truck on safe path", "begin_time": "2026-07-15T09:05:00+00:00", "end_time": "2026-07-15T09:07:00+00:00", "hazard_coefficient": 0.0056, "hazard_class": "SAFE", "is_critical": false, "route_type": "PI-GNN_REROUTE"}}, {"type": "Feature", "geometry": {"type": "LineString", "coordinates": [[76.436464, 10.290896], [76.436883, 10.290938]]}, "properties": {"segment_id": "REROUTE-SEG-641", "scenario_stage": 5, "stage_label": "Reroute Executed", "description": "PI-GNN offline reroute manoeuvre complete \u2014 truck on safe path", "begin_time": "2026-07-15T09:05:00+00:00", "end_time": "2026-07-15T09:07:00+00:00", "hazard_coefficient": 0.0056, "hazard_class": "SAFE", "is_critical": false, "route_type": "PI-GNN_REROUTE"}}, {"type": "Feature", "geometry": {"type": "LineString", "coordinates": [[76.436883, 10.290938], [76.43733, 10.290862]]}, "properties": {"segment_id": "REROUTE-SEG-642", "scenario_stage": 5, "stage_label": "Reroute Executed", "description": "PI-GNN offline reroute manoeuvre complete \u2014 truck on safe path", "begin_time": "2026-07-15T09:05:00+00:00", "end_time": "2026-07-15T09:07:00+00:00", "hazard_coefficient": 0.0056, "hazard_class": "SAFE", "is_critical": false, "route_type": "PI-GNN_REROUTE"}}, {"type": "Feature", "geometry": {"type": "LineString", "coordinates": [[76.43733, 10.290862], [76.438052, 10.290526]]}, "properties": {"segment_id": "REROUTE-SEG-643", "scenario_stage": 5, "stage_label": "Reroute Executed", "description": "PI-GNN offline reroute manoeuvre complete \u2014 truck on safe path", "begin_time": "2026-07-15T09:05:00+00:00", "end_time": "2026-07-15T09:07:00+00:00", "hazard_coefficient": 0.0056, "hazard_class": "SAFE", "is_critical": false, "route_type": "PI-GNN_REROUTE"}}, {"type": "Feature", "geometry": {"type": "LineString", "coordinates": [[76.438052, 10.290526], [76.438277, 10.290476]]}, "properties": {"segment_id": "REROUTE-SEG-644", "scenario_stage": 5, "stage_label": "Reroute Executed", "description": "PI-GNN offline reroute manoeuvre complete \u2014 truck on safe path", "begin_time": "2026-07-15T09:05:00+00:00", "end_time": "2026-07-15T09:07:00+00:00", "hazard_coefficient": 0.0056, "hazard_class": "SAFE", "is_critical": false, "route_type": "PI-GNN_REROUTE"}}, {"type": "Feature", "geometry": {"type": "LineString", "coordinates": [[76.438277, 10.290476], [76.438585, 10.290434]]}, "properties": {"segment_id": "REROUTE-SEG-645", "scenario_stage": 5, "stage_label": "Reroute Executed", "description": "PI-GNN offline reroute manoeuvre complete \u2014 truck on safe path", "begin_time": "2026-07-15T09:05:00+00:00", "end_time": "2026-07-15T09:07:00+00:00", "hazard_coefficient": 0.0056, "hazard_class": "SAFE", "is_critical": false, "route_type": "PI-GNN_REROUTE"}}, {"type": "Feature", "geometry": {"type": "LineString", "coordinates": [[76.438585, 10.290434], [76.438878, 10.290377]]}, "properties": {"segment_id": "REROUTE-SEG-646", "scenario_stage": 5, "stage_label": "Reroute Executed", "description": "PI-GNN offline reroute manoeuvre complete \u2014 truck on safe path", "begin_time": "2026-07-15T09:05:00+00:00", "end_time": "2026-07-15T09:07:00+00:00", "hazard_coefficient": 0.0056, "hazard_class": "SAFE", "is_critical": false, "route_type": "PI-GNN_REROUTE"}}, {"type": "Feature", "geometry": {"type": "LineString", "coordinates": [[76.438878, 10.290377], [76.439713, 10.290329]]}, "properties": {"segment_id": "REROUTE-SEG-647", "scenario_stage": 5, "stage_label": "Reroute Executed", "description": "PI-GNN offline reroute manoeuvre complete \u2014 truck on safe path", "begin_time": "2026-07-15T09:05:00+00:00", "end_time": "2026-07-15T09:07:00+00:00", "hazard_coefficient": 0.0056, "hazard_class": "SAFE", "is_critical": false, "route_type": "PI-GNN_REROUTE"}}, {"type": "Feature", "geometry": {"type": "LineString", "coordinates": [[76.439713, 10.290329], [76.439991, 10.290285]]}, "properties": {"segment_id": "REROUTE-SEG-648", "scenario_stage": 5, "stage_label": "Reroute Executed", "description": "PI-GNN offline reroute manoeuvre complete \u2014 truck on safe path", "begin_time": "2026-07-15T09:05:00+00:00", "end_time": "2026-07-15T09:07:00+00:00", "hazard_coefficient": 0.0056, "hazard_class": "SAFE", "is_critical": false, "route_type": "PI-GNN_REROUTE"}}, {"type": "Feature", "geometry": {"type": "LineString", "coordinates": [[76.439991, 10.290285], [76.440608, 10.29024]]}, "properties": {"segment_id": "REROUTE-SEG-649", "scenario_stage": 5, "stage_label": "Reroute Executed", "description": "PI-GNN offline reroute manoeuvre complete \u2014 truck on safe path", "begin_time": "2026-07-15T09:05:00+00:00", "end_time": "2026-07-15T09:07:00+00:00", "hazard_coefficient": 0.0056, "hazard_class": "SAFE", "is_critical": false, "route_type": "PI-GNN_REROUTE"}}, {"type": "Feature", "geometry": {"type": "LineString", "coordinates": [[76.440608, 10.29024], [76.440714, 10.290204]]}, "properties": {"segment_id": "REROUTE-SEG-650", "scenario_stage": 5, "stage_label": "Reroute Executed", "description": "PI-GNN offline reroute manoeuvre complete \u2014 truck on safe path", "begin_time": "2026-07-15T09:05:00+00:00", "end_time": "2026-07-15T09:07:00+00:00", "hazard_coefficient": 0.0056, "hazard_class": "SAFE", "is_critical": false, "route_type": "PI-GNN_REROUTE"}}, {"type": "Feature", "geometry": {"type": "LineString", "coordinates": [[76.440714, 10.290204], [76.441278, 10.290009]]}, "properties": {"segment_id": "REROUTE-SEG-651", "scenario_stage": 5, "stage_label": "Reroute Executed", "description": "PI-GNN offline reroute manoeuvre complete \u2014 truck on safe path", "begin_time": "2026-07-15T09:05:00+00:00", "end_time": "2026-07-15T09:07:00+00:00", "hazard_coefficient": 0.0056, "hazard_class": "SAFE", "is_critical": false, "route_type": "PI-GNN_REROUTE"}}, {"type": "Feature", "geometry": {"type": "LineString", "coordinates": [[76.441278, 10.290009], [76.442002, 10.289669]]}, "properties": {"segment_id": "REROUTE-SEG-652", "scenario_stage": 5, "stage_label": "Reroute Executed", "description": "PI-GNN offline reroute manoeuvre complete \u2014 truck on safe path", "begin_time": "2026-07-15T09:05:00+00:00", "end_time": "2026-07-15T09:07:00+00:00", "hazard_coefficient": 0.0056, "hazard_class": "SAFE", "is_critical": false, "route_type": "PI-GNN_REROUTE"}}, {"type": "Feature", "geometry": {"type": "LineString", "coordinates": [[76.442002, 10.289669], [76.442448, 10.289679]]}, "properties": {"segment_id": "REROUTE-SEG-653", "scenario_stage": 5, "stage_label": "Reroute Executed", "description": "PI-GNN offline reroute manoeuvre complete \u2014 truck on safe path", "begin_time": "2026-07-15T09:05:00+00:00", "end_time": "2026-07-15T09:07:00+00:00", "hazard_coefficient": 0.0056, "hazard_class": "SAFE", "is_critical": false, "route_type": "PI-GNN_REROUTE"}}, {"type": "Feature", "geometry": {"type": "LineString", "coordinates": [[76.442448, 10.289679], [76.442538, 10.289699]]}, "properties": {"segment_id": "REROUTE-SEG-654", "scenario_stage": 5, "stage_label": "Reroute Executed", "description": "PI-GNN offline reroute manoeuvre complete \u2014 truck on safe path", "begin_time": "2026-07-15T09:05:00+00:00", "end_time": "2026-07-15T09:07:00+00:00", "hazard_coefficient": 0.0056, "hazard_class": "SAFE", "is_critical": false, "route_type": "PI-GNN_REROUTE"}}, {"type": "Feature", "geometry": {"type": "LineString", "coordinates": [[76.442538, 10.289699], [76.442875, 10.289774]]}, "properties": {"segment_id": "REROUTE-SEG-655", "scenario_stage": 5, "stage_label": "Reroute Executed", "description": "PI-GNN offline reroute manoeuvre complete \u2014 truck on safe path", "begin_time": "2026-07-15T09:05:00+00:00", "end_time": "2026-07-15T09:07:00+00:00", "hazard_coefficient": 0.0056, "hazard_class": "SAFE", "is_critical": false, "route_type": "PI-GNN_REROUTE"}}, {"type": "Feature", "geometry": {"type": "LineString", "coordinates": [[76.442875, 10.289774], [76.443088, 10.289804]]}, "properties": {"segment_id": "REROUTE-SEG-656", "scenario_stage": 5, "stage_label": "Reroute Executed", "description": "PI-GNN offline reroute manoeuvre complete \u2014 truck on safe path", "begin_time": "2026-07-15T09:05:00+00:00", "end_time": "2026-07-15T09:07:00+00:00", "hazard_coefficient": 0.0056, "hazard_class": "SAFE", "is_critical": false, "route_type": "PI-GNN_REROUTE"}}, {"type": "Feature", "geometry": {"type": "LineString", "coordinates": [[76.443088, 10.289804], [76.443559, 10.289871]]}, "properties": {"segment_id": "REROUTE-SEG-657", "scenario_stage": 5, "stage_label": "Reroute Executed", "description": "PI-GNN offline reroute manoeuvre complete \u2014 truck on safe path", "begin_time": "2026-07-15T09:05:00+00:00", "end_time": "2026-07-15T09:07:00+00:00", "hazard_coefficient": 0.0056, "hazard_class": "SAFE", "is_critical": false, "route_type": "PI-GNN_REROUTE"}}, {"type": "Feature", "geometry": {"type": "LineString", "coordinates": [[76.443559, 10.289871], [76.443941, 10.290163]]}, "properties": {"segment_id": "REROUTE-SEG-658", "scenario_stage": 5, "stage_label": "Reroute Executed", "description": "PI-GNN offline reroute manoeuvre complete \u2014 truck on safe path", "begin_time": "2026-07-15T09:05:00+00:00", "end_time": "2026-07-15T09:07:00+00:00", "hazard_coefficient": 0.0056, "hazard_class": "SAFE", "is_critical": false, "route_type": "PI-GNN_REROUTE"}}, {"type": "Feature", "geometry": {"type": "LineString", "coordinates": [[76.443941, 10.290163], [76.444181, 10.290625]]}, "properties": {"segment_id": "REROUTE-SEG-659", "scenario_stage": 5, "stage_label": "Reroute Executed", "description": "PI-GNN offline reroute manoeuvre complete \u2014 truck on safe path", "begin_time": "2026-07-15T09:05:00+00:00", "end_time": "2026-07-15T09:07:00+00:00", "hazard_coefficient": 0.0056, "hazard_class": "SAFE", "is_critical": false, "route_type": "PI-GNN_REROUTE"}}, {"type": "Feature", "geometry": {"type": "LineString", "coordinates": [[76.444181, 10.290625], [76.444206, 10.290674]]}, "properties": {"segment_id": "REROUTE-SEG-660", "scenario_stage": 5, "stage_label": "Reroute Executed", "description": "PI-GNN offline reroute manoeuvre complete \u2014 truck on safe path", "begin_time": "2026-07-15T09:05:00+00:00", "end_time": "2026-07-15T09:07:00+00:00", "hazard_coefficient": 0.0056, "hazard_class": "SAFE", "is_critical": false, "route_type": "PI-GNN_REROUTE"}}, {"type": "Feature", "geometry": {"type": "LineString", "coordinates": [[76.444206, 10.290674], [76.444435, 10.291114]]}, "properties": {"segment_id": "REROUTE-SEG-661", "scenario_stage": 5, "stage_label": "Reroute Executed", "description": "PI-GNN offline reroute manoeuvre complete \u2014 truck on safe path", "begin_time": "2026-07-15T09:05:00+00:00", "end_time": "2026-07-15T09:07:00+00:00", "hazard_coefficient": 0.0056, "hazard_class": "SAFE", "is_critical": false, "route_type": "PI-GNN_REROUTE"}}, {"type": "Feature", "geometry": {"type": "LineString", "coordinates": [[76.444435, 10.291114], [76.444791, 10.292072]]}, "properties": {"segment_id": "REROUTE-SEG-662", "scenario_stage": 5, "stage_label": "Reroute Executed", "description": "PI-GNN offline reroute manoeuvre complete \u2014 truck on safe path", "begin_time": "2026-07-15T09:05:00+00:00", "end_time": "2026-07-15T09:07:00+00:00", "hazard_coefficient": 0.0056, "hazard_class": "SAFE", "is_critical": false, "route_type": "PI-GNN_REROUTE"}}, {"type": "Feature", "geometry": {"type": "LineString", "coordinates": [[76.444791, 10.292072], [76.444932, 10.292452]]}, "properties": {"segment_id": "REROUTE-SEG-663", "scenario_stage": 5, "stage_label": "Reroute Executed", "description": "PI-GNN offline reroute manoeuvre complete \u2014 truck on safe path", "begin_time": "2026-07-15T09:05:00+00:00", "end_time": "2026-07-15T09:07:00+00:00", "hazard_coefficient": 0.0056, "hazard_class": "SAFE", "is_critical": false, "route_type": "PI-GNN_REROUTE"}}, {"type": "Feature", "geometry": {"type": "LineString", "coordinates": [[76.444932, 10.292452], [76.445115, 10.29266]]}, "properties": {"segment_id": "REROUTE-SEG-664", "scenario_stage": 5, "stage_label": "Reroute Executed", "description": "PI-GNN offline reroute manoeuvre complete \u2014 truck on safe path", "begin_time": "2026-07-15T09:05:00+00:00", "end_time": "2026-07-15T09:07:00+00:00", "hazard_coefficient": 0.0056, "hazard_class": "SAFE", "is_critical": false, "route_type": "PI-GNN_REROUTE"}}, {"type": "Feature", "geometry": {"type": "LineString", "coordinates": [[76.445115, 10.29266], [76.445747, 10.292884]]}, "properties": {"segment_id": "REROUTE-SEG-665", "scenario_stage": 5, "stage_label": "Reroute Executed", "description": "PI-GNN offline reroute manoeuvre complete \u2014 truck on safe path", "begin_time": "2026-07-15T09:05:00+00:00", "end_time": "2026-07-15T09:07:00+00:00", "hazard_coefficient": 0.0056, "hazard_class": "SAFE", "is_critical": false, "route_type": "PI-GNN_REROUTE"}}, {"type": "Feature", "geometry": {"type": "LineString", "coordinates": [[76.445747, 10.292884], [76.446364, 10.292891]]}, "properties": {"segment_id": "REROUTE-SEG-666", "scenario_stage": 5, "stage_label": "Reroute Executed", "description": "PI-GNN offline reroute manoeuvre complete \u2014 truck on safe path", "begin_time": "2026-07-15T09:05:00+00:00", "end_time": "2026-07-15T09:07:00+00:00", "hazard_coefficient": 0.0056, "hazard_class": "SAFE", "is_critical": false, "route_type": "PI-GNN_REROUTE"}}, {"type": "Feature", "geometry": {"type": "LineString", "coordinates": [[76.446364, 10.292891], [76.446611, 10.292994]]}, "properties": {"segment_id": "REROUTE-SEG-667", "scenario_stage": 5, "stage_label": "Reroute Executed", "description": "PI-GNN offline reroute manoeuvre complete \u2014 truck on safe path", "begin_time": "2026-07-15T09:05:00+00:00", "end_time": "2026-07-15T09:07:00+00:00", "hazard_coefficient": 0.0056, "hazard_class": "SAFE", "is_critical": false, "route_type": "PI-GNN_REROUTE"}}, {"type": "Feature", "geometry": {"type": "LineString", "coordinates": [[76.446611, 10.292994], [76.446811, 10.293185]]}, "properties": {"segment_id": "REROUTE-SEG-668", "scenario_stage": 5, "stage_label": "Reroute Executed", "description": "PI-GNN offline reroute manoeuvre complete \u2014 truck on safe path", "begin_time": "2026-07-15T09:05:00+00:00", "end_time": "2026-07-15T09:07:00+00:00", "hazard_coefficient": 0.0056, "hazard_class": "SAFE", "is_critical": false, "route_type": "PI-GNN_REROUTE"}}, {"type": "Feature", "geometry": {"type": "LineString", "coordinates": [[76.446811, 10.293185], [76.44694, 10.293367]]}, "properties": {"segment_id": "REROUTE-SEG-669", "scenario_stage": 5, "stage_label": "Reroute Executed", "description": "PI-GNN offline reroute manoeuvre complete \u2014 truck on safe path", "begin_time": "2026-07-15T09:05:00+00:00", "end_time": "2026-07-15T09:07:00+00:00", "hazard_coefficient": 0.0056, "hazard_class": "SAFE", "is_critical": false, "route_type": "PI-GNN_REROUTE"}}, {"type": "Feature", "geometry": {"type": "LineString", "coordinates": [[76.44694, 10.293367], [76.447004, 10.293481]]}, "properties": {"segment_id": "REROUTE-SEG-670", "scenario_stage": 5, "stage_label": "Reroute Executed", "description": "PI-GNN offline reroute manoeuvre complete \u2014 truck on safe path", "begin_time": "2026-07-15T09:05:00+00:00", "end_time": "2026-07-15T09:07:00+00:00", "hazard_coefficient": 0.0056, "hazard_class": "SAFE", "is_critical": false, "route_type": "PI-GNN_REROUTE"}}, {"type": "Feature", "geometry": {"type": "LineString", "coordinates": [[76.447004, 10.293481], [76.447119, 10.293554]]}, "properties": {"segment_id": "REROUTE-SEG-671", "scenario_stage": 5, "stage_label": "Reroute Executed", "description": "PI-GNN offline reroute manoeuvre complete \u2014 truck on safe path", "begin_time": "2026-07-15T09:05:00+00:00", "end_time": "2026-07-15T09:07:00+00:00", "hazard_coefficient": 0.0056, "hazard_class": "SAFE", "is_critical": false, "route_type": "PI-GNN_REROUTE"}}, {"type": "Feature", "geometry": {"type": "LineString", "coordinates": [[76.447119, 10.293554], [76.447738, 10.293725]]}, "properties": {"segment_id": "REROUTE-SEG-672", "scenario_stage": 5, "stage_label": "Reroute Executed", "description": "PI-GNN offline reroute manoeuvre complete \u2014 truck on safe path", "begin_time": "2026-07-15T09:05:00+00:00", "end_time": "2026-07-15T09:07:00+00:00", "hazard_coefficient": 0.0056, "hazard_class": "SAFE", "is_critical": false, "route_type": "PI-GNN_REROUTE"}}, {"type": "Feature", "geometry": {"type": "LineString", "coordinates": [[76.447738, 10.293725], [76.448187, 10.2939]]}, "properties": {"segment_id": "REROUTE-SEG-673", "scenario_stage": 5, "stage_label": "Reroute Executed", "description": "PI-GNN offline reroute manoeuvre complete \u2014 truck on safe path", "begin_time": "2026-07-15T09:05:00+00:00", "end_time": "2026-07-15T09:07:00+00:00", "hazard_coefficient": 0.0056, "hazard_class": "SAFE", "is_critical": false, "route_type": "PI-GNN_REROUTE"}}, {"type": "Feature", "geometry": {"type": "LineString", "coordinates": [[76.448187, 10.2939], [76.448517, 10.293985]]}, "properties": {"segment_id": "REROUTE-SEG-674", "scenario_stage": 5, "stage_label": "Reroute Executed", "description": "PI-GNN offline reroute manoeuvre complete \u2014 truck on safe path", "begin_time": "2026-07-15T09:05:00+00:00", "end_time": "2026-07-15T09:07:00+00:00", "hazard_coefficient": 0.0056, "hazard_class": "SAFE", "is_critical": false, "route_type": "PI-GNN_REROUTE"}}, {"type": "Feature", "geometry": {"type": "LineString", "coordinates": [[76.448517, 10.293985], [76.449194, 10.294265]]}, "properties": {"segment_id": "REROUTE-SEG-675", "scenario_stage": 5, "stage_label": "Reroute Executed", "description": "PI-GNN offline reroute manoeuvre complete \u2014 truck on safe path", "begin_time": "2026-07-15T09:05:00+00:00", "end_time": "2026-07-15T09:07:00+00:00", "hazard_coefficient": 0.0056, "hazard_class": "SAFE", "is_critical": false, "route_type": "PI-GNN_REROUTE"}}, {"type": "Feature", "geometry": {"type": "LineString", "coordinates": [[76.449194, 10.294265], [76.449802, 10.29428]]}, "properties": {"segment_id": "REROUTE-SEG-676", "scenario_stage": 5, "stage_label": "Reroute Executed", "description": "PI-GNN offline reroute manoeuvre complete \u2014 truck on safe path", "begin_time": "2026-07-15T09:05:00+00:00", "end_time": "2026-07-15T09:07:00+00:00", "hazard_coefficient": 0.0056, "hazard_class": "SAFE", "is_critical": false, "route_type": "PI-GNN_REROUTE"}}, {"type": "Feature", "geometry": {"type": "LineString", "coordinates": [[76.449802, 10.29428], [76.450709, 10.293876]]}, "properties": {"segment_id": "REROUTE-SEG-677", "scenario_stage": 5, "stage_label": "Reroute Executed", "description": "PI-GNN offline reroute manoeuvre complete \u2014 truck on safe path", "begin_time": "2026-07-15T09:05:00+00:00", "end_time": "2026-07-15T09:07:00+00:00", "hazard_coefficient": 0.0056, "hazard_class": "SAFE", "is_critical": false, "route_type": "PI-GNN_REROUTE"}}, {"type": "Feature", "geometry": {"type": "LineString", "coordinates": [[76.450709, 10.293876], [76.451518, 10.294268]]}, "properties": {"segment_id": "REROUTE-SEG-678", "scenario_stage": 5, "stage_label": "Reroute Executed", "description": "PI-GNN offline reroute manoeuvre complete \u2014 truck on safe path", "begin_time": "2026-07-15T09:05:00+00:00", "end_time": "2026-07-15T09:07:00+00:00", "hazard_coefficient": 0.0056, "hazard_class": "SAFE", "is_critical": false, "route_type": "PI-GNN_REROUTE"}}, {"type": "Feature", "geometry": {"type": "LineString", "coordinates": [[76.451518, 10.294268], [76.452543, 10.294312]]}, "properties": {"segment_id": "REROUTE-SEG-679", "scenario_stage": 5, "stage_label": "Reroute Executed", "description": "PI-GNN offline reroute manoeuvre complete \u2014 truck on safe path", "begin_time": "2026-07-15T09:05:00+00:00", "end_time": "2026-07-15T09:07:00+00:00", "hazard_coefficient": 0.0056, "hazard_class": "SAFE", "is_critical": false, "route_type": "PI-GNN_REROUTE"}}, {"type": "Feature", "geometry": {"type": "LineString", "coordinates": [[76.452543, 10.294312], [76.452791, 10.294342]]}, "properties": {"segment_id": "REROUTE-SEG-680", "scenario_stage": 5, "stage_label": "Reroute Executed", "description": "PI-GNN offline reroute manoeuvre complete \u2014 truck on safe path", "begin_time": "2026-07-15T09:05:00+00:00", "end_time": "2026-07-15T09:07:00+00:00", "hazard_coefficient": 0.0056, "hazard_class": "SAFE", "is_critical": false, "route_type": "PI-GNN_REROUTE"}}, {"type": "Feature", "geometry": {"type": "LineString", "coordinates": [[76.452791, 10.294342], [76.453788, 10.294449]]}, "properties": {"segment_id": "REROUTE-SEG-681", "scenario_stage": 5, "stage_label": "Reroute Executed", "description": "PI-GNN offline reroute manoeuvre complete \u2014 truck on safe path", "begin_time": "2026-07-15T09:05:00+00:00", "end_time": "2026-07-15T09:07:00+00:00", "hazard_coefficient": 0.0056, "hazard_class": "SAFE", "is_critical": false, "route_type": "PI-GNN_REROUTE"}}, {"type": "Feature", "geometry": {"type": "LineString", "coordinates": [[76.453788, 10.294449], [76.454714, 10.294578]]}, "properties": {"segment_id": "REROUTE-SEG-682", "scenario_stage": 5, "stage_label": "Reroute Executed", "description": "PI-GNN offline reroute manoeuvre complete \u2014 truck on safe path", "begin_time": "2026-07-15T09:05:00+00:00", "end_time": "2026-07-15T09:07:00+00:00", "hazard_coefficient": 0.0056, "hazard_class": "SAFE", "is_critical": false, "route_type": "PI-GNN_REROUTE"}}, {"type": "Feature", "geometry": {"type": "LineString", "coordinates": [[76.454714, 10.294578], [76.455345, 10.294724]]}, "properties": {"segment_id": "REROUTE-SEG-683", "scenario_stage": 5, "stage_label": "Reroute Executed", "description": "PI-GNN offline reroute manoeuvre complete \u2014 truck on safe path", "begin_time": "2026-07-15T09:05:00+00:00", "end_time": "2026-07-15T09:07:00+00:00", "hazard_coefficient": 0.0056, "hazard_class": "SAFE", "is_critical": false, "route_type": "PI-GNN_REROUTE"}}, {"type": "Feature", "geometry": {"type": "LineString", "coordinates": [[76.455345, 10.294724], [76.456058, 10.294722]]}, "properties": {"segment_id": "REROUTE-SEG-684", "scenario_stage": 5, "stage_label": "Reroute Executed", "description": "PI-GNN offline reroute manoeuvre complete \u2014 truck on safe path", "begin_time": "2026-07-15T09:05:00+00:00", "end_time": "2026-07-15T09:07:00+00:00", "hazard_coefficient": 0.0056, "hazard_class": "SAFE", "is_critical": false, "route_type": "PI-GNN_REROUTE"}}, {"type": "Feature", "geometry": {"type": "LineString", "coordinates": [[76.456058, 10.294722], [76.456522, 10.294538]]}, "properties": {"segment_id": "REROUTE-SEG-685", "scenario_stage": 5, "stage_label": "Reroute Executed", "description": "PI-GNN offline reroute manoeuvre complete \u2014 truck on safe path", "begin_time": "2026-07-15T09:05:00+00:00", "end_time": "2026-07-15T09:07:00+00:00", "hazard_coefficient": 0.0056, "hazard_class": "SAFE", "is_critical": false, "route_type": "PI-GNN_REROUTE"}}, {"type": "Feature", "geometry": {"type": "LineString", "coordinates": [[76.456522, 10.294538], [76.456821, 10.294459]]}, "properties": {"segment_id": "REROUTE-SEG-686", "scenario_stage": 5, "stage_label": "Reroute Executed", "description": "PI-GNN offline reroute manoeuvre complete \u2014 truck on safe path", "begin_time": "2026-07-15T09:05:00+00:00", "end_time": "2026-07-15T09:07:00+00:00", "hazard_coefficient": 0.0056, "hazard_class": "SAFE", "is_critical": false, "route_type": "PI-GNN_REROUTE"}}, {"type": "Feature", "geometry": {"type": "LineString", "coordinates": [[76.456821, 10.294459], [76.456875, 10.294445]]}, "properties": {"segment_id": "REROUTE-SEG-687", "scenario_stage": 5, "stage_label": "Reroute Executed", "description": "PI-GNN offline reroute manoeuvre complete \u2014 truck on safe path", "begin_time": "2026-07-15T09:05:00+00:00", "end_time": "2026-07-15T09:07:00+00:00", "hazard_coefficient": 0.0056, "hazard_class": "SAFE", "is_critical": false, "route_type": "PI-GNN_REROUTE"}}, {"type": "Feature", "geometry": {"type": "LineString", "coordinates": [[76.456875, 10.294445], [76.457637, 10.294481]]}, "properties": {"segment_id": "REROUTE-SEG-688", "scenario_stage": 5, "stage_label": "Reroute Executed", "description": "PI-GNN offline reroute manoeuvre complete \u2014 truck on safe path", "begin_time": "2026-07-15T09:05:00+00:00", "end_time": "2026-07-15T09:07:00+00:00", "hazard_coefficient": 0.0056, "hazard_class": "SAFE", "is_critical": false, "route_type": "PI-GNN_REROUTE"}}, {"type": "Feature", "geometry": {"type": "LineString", "coordinates": [[76.457637, 10.294481], [76.457931, 10.294495]]}, "properties": {"segment_id": "REROUTE-SEG-689", "scenario_stage": 5, "stage_label": "Reroute Executed", "description": "PI-GNN offline reroute manoeuvre complete \u2014 truck on safe path", "begin_time": "2026-07-15T09:05:00+00:00", "end_time": "2026-07-15T09:07:00+00:00", "hazard_coefficient": 0.0056, "hazard_class": "SAFE", "is_critical": false, "route_type": "PI-GNN_REROUTE"}}, {"type": "Feature", "geometry": {"type": "LineString", "coordinates": [[76.457931, 10.294495], [76.458785, 10.294278]]}, "properties": {"segment_id": "REROUTE-SEG-690", "scenario_stage": 5, "stage_label": "Reroute Executed", "description": "PI-GNN offline reroute manoeuvre complete \u2014 truck on safe path", "begin_time": "2026-07-15T09:05:00+00:00", "end_time": "2026-07-15T09:07:00+00:00", "hazard_coefficient": 0.0056, "hazard_class": "SAFE", "is_critical": false, "route_type": "PI-GNN_REROUTE"}}, {"type": "Feature", "geometry": {"type": "LineString", "coordinates": [[76.458785, 10.294278], [76.459272, 10.294191]]}, "properties": {"segment_id": "REROUTE-SEG-691", "scenario_stage": 5, "stage_label": "Reroute Executed", "description": "PI-GNN offline reroute manoeuvre complete \u2014 truck on safe path", "begin_time": "2026-07-15T09:05:00+00:00", "end_time": "2026-07-15T09:07:00+00:00", "hazard_coefficient": 0.0056, "hazard_class": "SAFE", "is_critical": false, "route_type": "PI-GNN_REROUTE"}}, {"type": "Feature", "geometry": {"type": "LineString", "coordinates": [[76.459272, 10.294191], [76.45979, 10.294139]]}, "properties": {"segment_id": "REROUTE-SEG-692", "scenario_stage": 5, "stage_label": "Reroute Executed", "description": "PI-GNN offline reroute manoeuvre complete \u2014 truck on safe path", "begin_time": "2026-07-15T09:05:00+00:00", "end_time": "2026-07-15T09:07:00+00:00", "hazard_coefficient": 0.0056, "hazard_class": "SAFE", "is_critical": false, "route_type": "PI-GNN_REROUTE"}}, {"type": "Feature", "geometry": {"type": "LineString", "coordinates": [[76.45979, 10.294139], [76.460289, 10.294089]]}, "properties": {"segment_id": "REROUTE-SEG-693", "scenario_stage": 5, "stage_label": "Reroute Executed", "description": "PI-GNN offline reroute manoeuvre complete \u2014 truck on safe path", "begin_time": "2026-07-15T09:05:00+00:00", "end_time": "2026-07-15T09:07:00+00:00", "hazard_coefficient": 0.0056, "hazard_class": "SAFE", "is_critical": false, "route_type": "PI-GNN_REROUTE"}}, {"type": "Feature", "geometry": {"type": "LineString", "coordinates": [[76.460289, 10.294089], [76.46127, 10.293683]]}, "properties": {"segment_id": "REROUTE-SEG-694", "scenario_stage": 5, "stage_label": "Reroute Executed", "description": "PI-GNN offline reroute manoeuvre complete \u2014 truck on safe path", "begin_time": "2026-07-15T09:05:00+00:00", "end_time": "2026-07-15T09:07:00+00:00", "hazard_coefficient": 0.0056, "hazard_class": "SAFE", "is_critical": false, "route_type": "PI-GNN_REROUTE"}}, {"type": "Feature", "geometry": {"type": "LineString", "coordinates": [[76.46127, 10.293683], [76.462401, 10.293339]]}, "properties": {"segment_id": "REROUTE-SEG-695", "scenario_stage": 5, "stage_label": "Reroute Executed", "description": "PI-GNN offline reroute manoeuvre complete \u2014 truck on safe path", "begin_time": "2026-07-15T09:05:00+00:00", "end_time": "2026-07-15T09:07:00+00:00", "hazard_coefficient": 0.0056, "hazard_class": "SAFE", "is_critical": false, "route_type": "PI-GNN_REROUTE"}}, {"type": "Feature", "geometry": {"type": "LineString", "coordinates": [[76.462401, 10.293339], [76.462777, 10.29328]]}, "properties": {"segment_id": "REROUTE-SEG-696", "scenario_stage": 5, "stage_label": "Reroute Executed", "description": "PI-GNN offline reroute manoeuvre complete \u2014 truck on safe path", "begin_time": "2026-07-15T09:05:00+00:00", "end_time": "2026-07-15T09:07:00+00:00", "hazard_coefficient": 0.0056, "hazard_class": "SAFE", "is_critical": false, "route_type": "PI-GNN_REROUTE"}}, {"type": "Feature", "geometry": {"type": "LineString", "coordinates": [[76.462777, 10.29328], [76.46337, 10.293395]]}, "properties": {"segment_id": "REROUTE-SEG-697", "scenario_stage": 5, "stage_label": "Reroute Executed", "description": "PI-GNN offline reroute manoeuvre complete \u2014 truck on safe path", "begin_time": "2026-07-15T09:05:00+00:00", "end_time": "2026-07-15T09:07:00+00:00", "hazard_coefficient": 0.0056, "hazard_class": "SAFE", "is_critical": false, "route_type": "PI-GNN_REROUTE"}}, {"type": "Feature", "geometry": {"type": "LineString", "coordinates": [[76.46337, 10.293395], [76.463985, 10.293514]]}, "properties": {"segment_id": "REROUTE-SEG-698", "scenario_stage": 5, "stage_label": "Reroute Executed", "description": "PI-GNN offline reroute manoeuvre complete \u2014 truck on safe path", "begin_time": "2026-07-15T09:05:00+00:00", "end_time": "2026-07-15T09:07:00+00:00", "hazard_coefficient": 0.0056, "hazard_class": "SAFE", "is_critical": false, "route_type": "PI-GNN_REROUTE"}}, {"type": "Feature", "geometry": {"type": "LineString", "coordinates": [[76.463985, 10.293514], [76.464404, 10.293518]]}, "properties": {"segment_id": "REROUTE-SEG-699", "scenario_stage": 5, "stage_label": "Reroute Executed", "description": "PI-GNN offline reroute manoeuvre complete \u2014 truck on safe path", "begin_time": "2026-07-15T09:05:00+00:00", "end_time": "2026-07-15T09:07:00+00:00", "hazard_coefficient": 0.0056, "hazard_class": "SAFE", "is_critical": false, "route_type": "PI-GNN_REROUTE"}}, {"type": "Feature", "geometry": {"type": "LineString", "coordinates": [[76.464404, 10.293518], [76.465455, 10.293109]]}, "properties": {"segment_id": "REROUTE-SEG-700", "scenario_stage": 5, "stage_label": "Reroute Executed", "description": "PI-GNN offline reroute manoeuvre complete \u2014 truck on safe path", "begin_time": "2026-07-15T09:05:00+00:00", "end_time": "2026-07-15T09:07:00+00:00", "hazard_coefficient": 0.0056, "hazard_class": "SAFE", "is_critical": false, "route_type": "PI-GNN_REROUTE"}}, {"type": "Feature", "geometry": {"type": "LineString", "coordinates": [[76.465455, 10.293109], [76.466732, 10.292721]]}, "properties": {"segment_id": "REROUTE-SEG-701", "scenario_stage": 5, "stage_label": "Reroute Executed", "description": "PI-GNN offline reroute manoeuvre complete \u2014 truck on safe path", "begin_time": "2026-07-15T09:05:00+00:00", "end_time": "2026-07-15T09:07:00+00:00", "hazard_coefficient": 0.0056, "hazard_class": "SAFE", "is_critical": false, "route_type": "PI-GNN_REROUTE"}}, {"type": "Feature", "geometry": {"type": "LineString", "coordinates": [[76.466732, 10.292721], [76.467408, 10.292352]]}, "properties": {"segment_id": "REROUTE-SEG-702", "scenario_stage": 5, "stage_label": "Reroute Executed", "description": "PI-GNN offline reroute manoeuvre complete \u2014 truck on safe path", "begin_time": "2026-07-15T09:05:00+00:00", "end_time": "2026-07-15T09:07:00+00:00", "hazard_coefficient": 0.0056, "hazard_class": "SAFE", "is_critical": false, "route_type": "PI-GNN_REROUTE"}}, {"type": "Feature", "geometry": {"type": "LineString", "coordinates": [[76.467408, 10.292352], [76.468664, 10.292009]]}, "properties": {"segment_id": "REROUTE-SEG-703", "scenario_stage": 5, "stage_label": "Reroute Executed", "description": "PI-GNN offline reroute manoeuvre complete \u2014 truck on safe path", "begin_time": "2026-07-15T09:05:00+00:00", "end_time": "2026-07-15T09:07:00+00:00", "hazard_coefficient": 0.0056, "hazard_class": "SAFE", "is_critical": false, "route_type": "PI-GNN_REROUTE"}}, {"type": "Feature", "geometry": {"type": "LineString", "coordinates": [[76.468664, 10.292009], [76.469477, 10.29163]]}, "properties": {"segment_id": "REROUTE-SEG-704", "scenario_stage": 5, "stage_label": "Reroute Executed", "description": "PI-GNN offline reroute manoeuvre complete \u2014 truck on safe path", "begin_time": "2026-07-15T09:05:00+00:00", "end_time": "2026-07-15T09:07:00+00:00", "hazard_coefficient": 0.0056, "hazard_class": "SAFE", "is_critical": false, "route_type": "PI-GNN_REROUTE"}}, {"type": "Feature", "geometry": {"type": "LineString", "coordinates": [[76.469477, 10.29163], [76.470283, 10.291083]]}, "properties": {"segment_id": "REROUTE-SEG-705", "scenario_stage": 5, "stage_label": "Reroute Executed", "description": "PI-GNN offline reroute manoeuvre complete \u2014 truck on safe path", "begin_time": "2026-07-15T09:05:00+00:00", "end_time": "2026-07-15T09:07:00+00:00", "hazard_coefficient": 0.0056, "hazard_class": "SAFE", "is_critical": false, "route_type": "PI-GNN_REROUTE"}}, {"type": "Feature", "geometry": {"type": "LineString", "coordinates": [[76.470283, 10.291083], [76.471089, 10.290337]]}, "properties": {"segment_id": "REROUTE-SEG-706", "scenario_stage": 5, "stage_label": "Reroute Executed", "description": "PI-GNN offline reroute manoeuvre complete \u2014 truck on safe path", "begin_time": "2026-07-15T09:05:00+00:00", "end_time": "2026-07-15T09:07:00+00:00", "hazard_coefficient": 0.0056, "hazard_class": "SAFE", "is_critical": false, "route_type": "PI-GNN_REROUTE"}}, {"type": "Feature", "geometry": {"type": "LineString", "coordinates": [[76.471089, 10.290337], [76.471501, 10.289935]]}, "properties": {"segment_id": "REROUTE-SEG-707", "scenario_stage": 5, "stage_label": "Reroute Executed", "description": "PI-GNN offline reroute manoeuvre complete \u2014 truck on safe path", "begin_time": "2026-07-15T09:05:00+00:00", "end_time": "2026-07-15T09:07:00+00:00", "hazard_coefficient": 0.0056, "hazard_class": "SAFE", "is_critical": false, "route_type": "PI-GNN_REROUTE"}}, {"type": "Feature", "geometry": {"type": "LineString", "coordinates": [[76.471501, 10.289935], [76.472316, 10.289443]]}, "properties": {"segment_id": "REROUTE-SEG-708", "scenario_stage": 5, "stage_label": "Reroute Executed", "description": "PI-GNN offline reroute manoeuvre complete \u2014 truck on safe path", "begin_time": "2026-07-15T09:05:00+00:00", "end_time": "2026-07-15T09:07:00+00:00", "hazard_coefficient": 0.0056, "hazard_class": "SAFE", "is_critical": false, "route_type": "PI-GNN_REROUTE"}}, {"type": "Feature", "geometry": {"type": "LineString", "coordinates": [[76.472316, 10.289443], [76.472636, 10.289437]]}, "properties": {"segment_id": "REROUTE-SEG-709", "scenario_stage": 5, "stage_label": "Reroute Executed", "description": "PI-GNN offline reroute manoeuvre complete \u2014 truck on safe path", "begin_time": "2026-07-15T09:05:00+00:00", "end_time": "2026-07-15T09:07:00+00:00", "hazard_coefficient": 0.0056, "hazard_class": "SAFE", "is_critical": false, "route_type": "PI-GNN_REROUTE"}}, {"type": "Feature", "geometry": {"type": "LineString", "coordinates": [[76.472636, 10.289437], [76.474085, 10.289864]]}, "properties": {"segment_id": "REROUTE-SEG-710", "scenario_stage": 5, "stage_label": "Reroute Executed", "description": "PI-GNN offline reroute manoeuvre complete \u2014 truck on safe path", "begin_time": "2026-07-15T09:05:00+00:00", "end_time": "2026-07-15T09:07:00+00:00", "hazard_coefficient": 0.0056, "hazard_class": "SAFE", "is_critical": false, "route_type": "PI-GNN_REROUTE"}}, {"type": "Feature", "geometry": {"type": "LineString", "coordinates": [[76.474085, 10.289864], [76.474322, 10.289902]]}, "properties": {"segment_id": "REROUTE-SEG-711", "scenario_stage": 5, "stage_label": "Reroute Executed", "description": "PI-GNN offline reroute manoeuvre complete \u2014 truck on safe path", "begin_time": "2026-07-15T09:05:00+00:00", "end_time": "2026-07-15T09:07:00+00:00", "hazard_coefficient": 0.0056, "hazard_class": "SAFE", "is_critical": false, "route_type": "PI-GNN_REROUTE"}}, {"type": "Feature", "geometry": {"type": "LineString", "coordinates": [[76.474322, 10.289902], [76.475238, 10.289753]]}, "properties": {"segment_id": "REROUTE-SEG-712", "scenario_stage": 5, "stage_label": "Reroute Executed", "description": "PI-GNN offline reroute manoeuvre complete \u2014 truck on safe path", "begin_time": "2026-07-15T09:05:00+00:00", "end_time": "2026-07-15T09:07:00+00:00", "hazard_coefficient": 0.0056, "hazard_class": "SAFE", "is_critical": false, "route_type": "PI-GNN_REROUTE"}}, {"type": "Feature", "geometry": {"type": "LineString", "coordinates": [[76.475238, 10.289753], [76.475799, 10.289808]]}, "properties": {"segment_id": "REROUTE-SEG-713", "scenario_stage": 5, "stage_label": "Reroute Executed", "description": "PI-GNN offline reroute manoeuvre complete \u2014 truck on safe path", "begin_time": "2026-07-15T09:05:00+00:00", "end_time": "2026-07-15T09:07:00+00:00", "hazard_coefficient": 0.0056, "hazard_class": "SAFE", "is_critical": false, "route_type": "PI-GNN_REROUTE"}}, {"type": "Feature", "geometry": {"type": "LineString", "coordinates": [[76.475799, 10.289808], [76.47617, 10.289884]]}, "properties": {"segment_id": "REROUTE-SEG-714", "scenario_stage": 5, "stage_label": "Reroute Executed", "description": "PI-GNN offline reroute manoeuvre complete \u2014 truck on safe path", "begin_time": "2026-07-15T09:05:00+00:00", "end_time": "2026-07-15T09:07:00+00:00", "hazard_coefficient": 0.0056, "hazard_class": "SAFE", "is_critical": false, "route_type": "PI-GNN_REROUTE"}}, {"type": "Feature", "geometry": {"type": "LineString", "coordinates": [[76.47617, 10.289884], [76.476598, 10.289921]]}, "properties": {"segment_id": "REROUTE-SEG-715", "scenario_stage": 5, "stage_label": "Reroute Executed", "description": "PI-GNN offline reroute manoeuvre complete \u2014 truck on safe path", "begin_time": "2026-07-15T09:05:00+00:00", "end_time": "2026-07-15T09:07:00+00:00", "hazard_coefficient": 0.0056, "hazard_class": "SAFE", "is_critical": false, "route_type": "PI-GNN_REROUTE"}}, {"type": "Feature", "geometry": {"type": "LineString", "coordinates": [[76.476598, 10.289921], [76.476737, 10.289933]]}, "properties": {"segment_id": "REROUTE-SEG-716", "scenario_stage": 5, "stage_label": "Reroute Executed", "description": "PI-GNN offline reroute manoeuvre complete \u2014 truck on safe path", "begin_time": "2026-07-15T09:05:00+00:00", "end_time": "2026-07-15T09:07:00+00:00", "hazard_coefficient": 0.0056, "hazard_class": "SAFE", "is_critical": false, "route_type": "PI-GNN_REROUTE"}}, {"type": "Feature", "geometry": {"type": "LineString", "coordinates": [[76.476737, 10.289933], [76.477845, 10.290029]]}, "properties": {"segment_id": "REROUTE-SEG-717", "scenario_stage": 5, "stage_label": "Reroute Executed", "description": "PI-GNN offline reroute manoeuvre complete \u2014 truck on safe path", "begin_time": "2026-07-15T09:05:00+00:00", "end_time": "2026-07-15T09:07:00+00:00", "hazard_coefficient": 0.0056, "hazard_class": "SAFE", "is_critical": false, "route_type": "PI-GNN_REROUTE"}}, {"type": "Feature", "geometry": {"type": "LineString", "coordinates": [[76.477845, 10.290029], [76.478507, 10.290143]]}, "properties": {"segment_id": "REROUTE-SEG-718", "scenario_stage": 5, "stage_label": "Reroute Executed", "description": "PI-GNN offline reroute manoeuvre complete \u2014 truck on safe path", "begin_time": "2026-07-15T09:05:00+00:00", "end_time": "2026-07-15T09:07:00+00:00", "hazard_coefficient": 0.0056, "hazard_class": "SAFE", "is_critical": false, "route_type": "PI-GNN_REROUTE"}}, {"type": "Feature", "geometry": {"type": "LineString", "coordinates": [[76.478507, 10.290143], [76.478706, 10.290177]]}, "properties": {"segment_id": "REROUTE-SEG-719", "scenario_stage": 5, "stage_label": "Reroute Executed", "description": "PI-GNN offline reroute manoeuvre complete \u2014 truck on safe path", "begin_time": "2026-07-15T09:05:00+00:00", "end_time": "2026-07-15T09:07:00+00:00", "hazard_coefficient": 0.0056, "hazard_class": "SAFE", "is_critical": false, "route_type": "PI-GNN_REROUTE"}}, {"type": "Feature", "geometry": {"type": "LineString", "coordinates": [[76.478706, 10.290177], [76.478637, 10.29055]]}, "properties": {"segment_id": "REROUTE-SEG-720", "scenario_stage": 5, "stage_label": "Reroute Executed", "description": "PI-GNN offline reroute manoeuvre complete \u2014 truck on safe path", "begin_time": "2026-07-15T09:05:00+00:00", "end_time": "2026-07-15T09:07:00+00:00", "hazard_coefficient": 0.0056, "hazard_class": "SAFE", "is_critical": false, "route_type": "PI-GNN_REROUTE"}}, {"type": "Feature", "geometry": {"type": "LineString", "coordinates": [[76.478637, 10.29055], [76.478538, 10.290821]]}, "properties": {"segment_id": "REROUTE-SEG-721", "scenario_stage": 5, "stage_label": "Reroute Executed", "description": "PI-GNN offline reroute manoeuvre complete \u2014 truck on safe path", "begin_time": "2026-07-15T09:05:00+00:00", "end_time": "2026-07-15T09:07:00+00:00", "hazard_coefficient": 0.0056, "hazard_class": "SAFE", "is_critical": false, "route_type": "PI-GNN_REROUTE"}}, {"type": "Feature", "geometry": {"type": "LineString", "coordinates": [[76.478538, 10.290821], [76.478328, 10.291108]]}, "properties": {"segment_id": "REROUTE-SEG-722", "scenario_stage": 5, "stage_label": "Reroute Executed", "description": "PI-GNN offline reroute manoeuvre complete \u2014 truck on safe path", "begin_time": "2026-07-15T09:05:00+00:00", "end_time": "2026-07-15T09:07:00+00:00", "hazard_coefficient": 0.0056, "hazard_class": "SAFE", "is_critical": false, "route_type": "PI-GNN_REROUTE"}}, {"type": "Feature", "geometry": {"type": "LineString", "coordinates": [[76.478328, 10.291108], [76.478174, 10.291463]]}, "properties": {"segment_id": "REROUTE-SEG-723", "scenario_stage": 5, "stage_label": "Reroute Executed", "description": "PI-GNN offline reroute manoeuvre complete \u2014 truck on safe path", "begin_time": "2026-07-15T09:05:00+00:00", "end_time": "2026-07-15T09:07:00+00:00", "hazard_coefficient": 0.0056, "hazard_class": "SAFE", "is_critical": false, "route_type": "PI-GNN_REROUTE"}}, {"type": "Feature", "geometry": {"type": "LineString", "coordinates": [[76.478174, 10.291463], [76.478046, 10.291888]]}, "properties": {"segment_id": "REROUTE-SEG-724", "scenario_stage": 5, "stage_label": "Reroute Executed", "description": "PI-GNN offline reroute manoeuvre complete \u2014 truck on safe path", "begin_time": "2026-07-15T09:05:00+00:00", "end_time": "2026-07-15T09:07:00+00:00", "hazard_coefficient": 0.0056, "hazard_class": "SAFE", "is_critical": false, "route_type": "PI-GNN_REROUTE"}}, {"type": "Feature", "geometry": {"type": "LineString", "coordinates": [[76.478046, 10.291888], [76.47743, 10.293694]]}, "properties": {"segment_id": "REROUTE-SEG-725", "scenario_stage": 5, "stage_label": "Reroute Executed", "description": "PI-GNN offline reroute manoeuvre complete \u2014 truck on safe path", "begin_time": "2026-07-15T09:05:00+00:00", "end_time": "2026-07-15T09:07:00+00:00", "hazard_coefficient": 0.0056, "hazard_class": "SAFE", "is_critical": false, "route_type": "PI-GNN_REROUTE"}}, {"type": "Feature", "geometry": {"type": "LineString", "coordinates": [[76.47743, 10.293694], [76.477294, 10.293853]]}, "properties": {"segment_id": "REROUTE-SEG-726", "scenario_stage": 5, "stage_label": "Reroute Executed", "description": "PI-GNN offline reroute manoeuvre complete \u2014 truck on safe path", "begin_time": "2026-07-15T09:05:00+00:00", "end_time": "2026-07-15T09:07:00+00:00", "hazard_coefficient": 0.0056, "hazard_class": "SAFE", "is_critical": false, "route_type": "PI-GNN_REROUTE"}}, {"type": "Feature", "geometry": {"type": "LineString", "coordinates": [[76.477294, 10.293853], [76.477343, 10.293886]]}, "properties": {"segment_id": "REROUTE-SEG-727", "scenario_stage": 5, "stage_label": "Reroute Executed", "description": "PI-GNN offline reroute manoeuvre complete \u2014 truck on safe path", "begin_time": "2026-07-15T09:05:00+00:00", "end_time": "2026-07-15T09:07:00+00:00", "hazard_coefficient": 0.0056, "hazard_class": "SAFE", "is_critical": false, "route_type": "PI-GNN_REROUTE"}}, {"type": "Feature", "geometry": {"type": "LineString", "coordinates": [[76.477343, 10.293886], [76.477548, 10.294026]]}, "properties": {"segment_id": "REROUTE-SEG-728", "scenario_stage": 5, "stage_label": "Reroute Executed", "description": "PI-GNN offline reroute manoeuvre complete \u2014 truck on safe path", "begin_time": "2026-07-15T09:05:00+00:00", "end_time": "2026-07-15T09:07:00+00:00", "hazard_coefficient": 0.0056, "hazard_class": "SAFE", "is_critical": false, "route_type": "PI-GNN_REROUTE"}}, {"type": "Feature", "geometry": {"type": "LineString", "coordinates": [[76.477548, 10.294026], [76.477812, 10.294164]]}, "properties": {"segment_id": "REROUTE-SEG-729", "scenario_stage": 5, "stage_label": "Reroute Executed", "description": "PI-GNN offline reroute manoeuvre complete \u2014 truck on safe path", "begin_time": "2026-07-15T09:05:00+00:00", "end_time": "2026-07-15T09:07:00+00:00", "hazard_coefficient": 0.0056, "hazard_class": "SAFE", "is_critical": false, "route_type": "PI-GNN_REROUTE"}}, {"type": "Feature", "geometry": {"type": "LineString", "coordinates": [[76.477812, 10.294164], [76.478126, 10.294296]]}, "properties": {"segment_id": "REROUTE-SEG-730", "scenario_stage": 5, "stage_label": "Reroute Executed", "description": "PI-GNN offline reroute manoeuvre complete \u2014 truck on safe path", "begin_time": "2026-07-15T09:05:00+00:00", "end_time": "2026-07-15T09:07:00+00:00", "hazard_coefficient": 0.0056, "hazard_class": "SAFE", "is_critical": false, "route_type": "PI-GNN_REROUTE"}}, {"type": "Feature", "geometry": {"type": "LineString", "coordinates": [[76.478126, 10.294296], [76.47841, 10.294357]]}, "properties": {"segment_id": "REROUTE-SEG-731", "scenario_stage": 5, "stage_label": "Reroute Executed", "description": "PI-GNN offline reroute manoeuvre complete \u2014 truck on safe path", "begin_time": "2026-07-15T09:05:00+00:00", "end_time": "2026-07-15T09:07:00+00:00", "hazard_coefficient": 0.0056, "hazard_class": "SAFE", "is_critical": false, "route_type": "PI-GNN_REROUTE"}}, {"type": "Feature", "geometry": {"type": "LineString", "coordinates": [[76.47841, 10.294357], [76.478697, 10.294378]]}, "properties": {"segment_id": "REROUTE-SEG-732", "scenario_stage": 5, "stage_label": "Reroute Executed", "description": "PI-GNN offline reroute manoeuvre complete \u2014 truck on safe path", "begin_time": "2026-07-15T09:05:00+00:00", "end_time": "2026-07-15T09:07:00+00:00", "hazard_coefficient": 0.0056, "hazard_class": "SAFE", "is_critical": false, "route_type": "PI-GNN_REROUTE"}}, {"type": "Feature", "geometry": {"type": "LineString", "coordinates": [[76.478697, 10.294378], [76.479231, 10.294452]]}, "properties": {"segment_id": "REROUTE-SEG-733", "scenario_stage": 5, "stage_label": "Reroute Executed", "description": "PI-GNN offline reroute manoeuvre complete \u2014 truck on safe path", "begin_time": "2026-07-15T09:05:00+00:00", "end_time": "2026-07-15T09:07:00+00:00", "hazard_coefficient": 0.0056, "hazard_class": "SAFE", "is_critical": false, "route_type": "PI-GNN_REROUTE"}}, {"type": "Feature", "geometry": {"type": "LineString", "coordinates": [[76.479231, 10.294452], [76.479604, 10.294547]]}, "properties": {"segment_id": "REROUTE-SEG-734", "scenario_stage": 5, "stage_label": "Reroute Executed", "description": "PI-GNN offline reroute manoeuvre complete \u2014 truck on safe path", "begin_time": "2026-07-15T09:05:00+00:00", "end_time": "2026-07-15T09:07:00+00:00", "hazard_coefficient": 0.0056, "hazard_class": "SAFE", "is_critical": false, "route_type": "PI-GNN_REROUTE"}}, {"type": "Feature", "geometry": {"type": "LineString", "coordinates": [[76.479604, 10.294547], [76.48002, 10.294647]]}, "properties": {"segment_id": "REROUTE-SEG-735", "scenario_stage": 5, "stage_label": "Reroute Executed", "description": "PI-GNN offline reroute manoeuvre complete \u2014 truck on safe path", "begin_time": "2026-07-15T09:05:00+00:00", "end_time": "2026-07-15T09:07:00+00:00", "hazard_coefficient": 0.0056, "hazard_class": "SAFE", "is_critical": false, "route_type": "PI-GNN_REROUTE"}}, {"type": "Feature", "geometry": {"type": "LineString", "coordinates": [[76.48002, 10.294647], [76.480525, 10.29473]]}, "properties": {"segment_id": "REROUTE-SEG-736", "scenario_stage": 5, "stage_label": "Reroute Executed", "description": "PI-GNN offline reroute manoeuvre complete \u2014 truck on safe path", "begin_time": "2026-07-15T09:05:00+00:00", "end_time": "2026-07-15T09:07:00+00:00", "hazard_coefficient": 0.0056, "hazard_class": "SAFE", "is_critical": false, "route_type": "PI-GNN_REROUTE"}}, {"type": "Feature", "geometry": {"type": "LineString", "coordinates": [[76.480525, 10.29473], [76.480883, 10.294789]]}, "properties": {"segment_id": "REROUTE-SEG-737", "scenario_stage": 5, "stage_label": "Reroute Executed", "description": "PI-GNN offline reroute manoeuvre complete \u2014 truck on safe path", "begin_time": "2026-07-15T09:05:00+00:00", "end_time": "2026-07-15T09:07:00+00:00", "hazard_coefficient": 0.0056, "hazard_class": "SAFE", "is_critical": false, "route_type": "PI-GNN_REROUTE"}}, {"type": "Feature", "geometry": {"type": "LineString", "coordinates": [[76.480883, 10.294789], [76.481195, 10.294766]]}, "properties": {"segment_id": "REROUTE-SEG-738", "scenario_stage": 5, "stage_label": "Reroute Executed", "description": "PI-GNN offline reroute manoeuvre complete \u2014 truck on safe path", "begin_time": "2026-07-15T09:05:00+00:00", "end_time": "2026-07-15T09:07:00+00:00", "hazard_coefficient": 0.0056, "hazard_class": "SAFE", "is_critical": false, "route_type": "PI-GNN_REROUTE"}}, {"type": "Feature", "geometry": {"type": "LineString", "coordinates": [[76.481195, 10.294766], [76.481484, 10.294663]]}, "properties": {"segment_id": "REROUTE-SEG-739", "scenario_stage": 5, "stage_label": "Reroute Executed", "description": "PI-GNN offline reroute manoeuvre complete \u2014 truck on safe path", "begin_time": "2026-07-15T09:05:00+00:00", "end_time": "2026-07-15T09:07:00+00:00", "hazard_coefficient": 0.0056, "hazard_class": "SAFE", "is_critical": false, "route_type": "PI-GNN_REROUTE"}}, {"type": "Feature", "geometry": {"type": "LineString", "coordinates": [[76.481484, 10.294663], [76.481852, 10.294486]]}, "properties": {"segment_id": "REROUTE-SEG-740", "scenario_stage": 5, "stage_label": "Reroute Executed", "description": "PI-GNN offline reroute manoeuvre complete \u2014 truck on safe path", "begin_time": "2026-07-15T09:05:00+00:00", "end_time": "2026-07-15T09:07:00+00:00", "hazard_coefficient": 0.0056, "hazard_class": "SAFE", "is_critical": false, "route_type": "PI-GNN_REROUTE"}}, {"type": "Feature", "geometry": {"type": "LineString", "coordinates": [[76.481852, 10.294486], [76.482219, 10.294304]]}, "properties": {"segment_id": "REROUTE-SEG-741", "scenario_stage": 5, "stage_label": "Reroute Executed", "description": "PI-GNN offline reroute manoeuvre complete \u2014 truck on safe path", "begin_time": "2026-07-15T09:05:00+00:00", "end_time": "2026-07-15T09:07:00+00:00", "hazard_coefficient": 0.0056, "hazard_class": "SAFE", "is_critical": false, "route_type": "PI-GNN_REROUTE"}}, {"type": "Feature", "geometry": {"type": "LineString", "coordinates": [[76.482219, 10.294304], [76.482589, 10.294204]]}, "properties": {"segment_id": "REROUTE-SEG-742", "scenario_stage": 5, "stage_label": "Reroute Executed", "description": "PI-GNN offline reroute manoeuvre complete \u2014 truck on safe path", "begin_time": "2026-07-15T09:05:00+00:00", "end_time": "2026-07-15T09:07:00+00:00", "hazard_coefficient": 0.0056, "hazard_class": "SAFE", "is_critical": false, "route_type": "PI-GNN_REROUTE"}}, {"type": "Feature", "geometry": {"type": "LineString", "coordinates": [[76.482589, 10.294204], [76.482825, 10.294198]]}, "properties": {"segment_id": "REROUTE-SEG-743", "scenario_stage": 5, "stage_label": "Reroute Executed", "description": "PI-GNN offline reroute manoeuvre complete \u2014 truck on safe path", "begin_time": "2026-07-15T09:05:00+00:00", "end_time": "2026-07-15T09:07:00+00:00", "hazard_coefficient": 0.0056, "hazard_class": "SAFE", "is_critical": false, "route_type": "PI-GNN_REROUTE"}}, {"type": "Feature", "geometry": {"type": "LineString", "coordinates": [[76.482825, 10.294198], [76.483094, 10.294309]]}, "properties": {"segment_id": "REROUTE-SEG-744", "scenario_stage": 5, "stage_label": "Reroute Executed", "description": "PI-GNN offline reroute manoeuvre complete \u2014 truck on safe path", "begin_time": "2026-07-15T09:05:00+00:00", "end_time": "2026-07-15T09:07:00+00:00", "hazard_coefficient": 0.0056, "hazard_class": "SAFE", "is_critical": false, "route_type": "PI-GNN_REROUTE"}}, {"type": "Feature", "geometry": {"type": "LineString", "coordinates": [[76.483094, 10.294309], [76.483227, 10.294383]]}, "properties": {"segment_id": "REROUTE-SEG-745", "scenario_stage": 5, "stage_label": "Reroute Executed", "description": "PI-GNN offline reroute manoeuvre complete \u2014 truck on safe path", "begin_time": "2026-07-15T09:05:00+00:00", "end_time": "2026-07-15T09:07:00+00:00", "hazard_coefficient": 0.0056, "hazard_class": "SAFE", "is_critical": false, "route_type": "PI-GNN_REROUTE"}}, {"type": "Feature", "geometry": {"type": "LineString", "coordinates": [[76.483227, 10.294383], [76.483356, 10.294454]]}, "properties": {"segment_id": "REROUTE-SEG-746", "scenario_stage": 5, "stage_label": "Reroute Executed", "description": "PI-GNN offline reroute manoeuvre complete \u2014 truck on safe path", "begin_time": "2026-07-15T09:05:00+00:00", "end_time": "2026-07-15T09:07:00+00:00", "hazard_coefficient": 0.0056, "hazard_class": "SAFE", "is_critical": false, "route_type": "PI-GNN_REROUTE"}}, {"type": "Feature", "geometry": {"type": "LineString", "coordinates": [[76.483356, 10.294454], [76.483576, 10.294621]]}, "properties": {"segment_id": "REROUTE-SEG-747", "scenario_stage": 5, "stage_label": "Reroute Executed", "description": "PI-GNN offline reroute manoeuvre complete \u2014 truck on safe path", "begin_time": "2026-07-15T09:05:00+00:00", "end_time": "2026-07-15T09:07:00+00:00", "hazard_coefficient": 0.0056, "hazard_class": "SAFE", "is_critical": false, "route_type": "PI-GNN_REROUTE"}}, {"type": "Feature", "geometry": {"type": "LineString", "coordinates": [[76.483576, 10.294621], [76.483853, 10.294958]]}, "properties": {"segment_id": "REROUTE-SEG-748", "scenario_stage": 5, "stage_label": "Reroute Executed", "description": "PI-GNN offline reroute manoeuvre complete \u2014 truck on safe path", "begin_time": "2026-07-15T09:05:00+00:00", "end_time": "2026-07-15T09:07:00+00:00", "hazard_coefficient": 0.0056, "hazard_class": "SAFE", "is_critical": false, "route_type": "PI-GNN_REROUTE"}}, {"type": "Feature", "geometry": {"type": "LineString", "coordinates": [[76.483853, 10.294958], [76.484129, 10.295259]]}, "properties": {"segment_id": "REROUTE-SEG-749", "scenario_stage": 5, "stage_label": "Reroute Executed", "description": "PI-GNN offline reroute manoeuvre complete \u2014 truck on safe path", "begin_time": "2026-07-15T09:05:00+00:00", "end_time": "2026-07-15T09:07:00+00:00", "hazard_coefficient": 0.0056, "hazard_class": "SAFE", "is_critical": false, "route_type": "PI-GNN_REROUTE"}}, {"type": "Feature", "geometry": {"type": "LineString", "coordinates": [[76.484129, 10.295259], [76.484231, 10.295338]]}, "properties": {"segment_id": "REROUTE-SEG-750", "scenario_stage": 5, "stage_label": "Reroute Executed", "description": "PI-GNN offline reroute manoeuvre complete \u2014 truck on safe path", "begin_time": "2026-07-15T09:05:00+00:00", "end_time": "2026-07-15T09:07:00+00:00", "hazard_coefficient": 0.0056, "hazard_class": "SAFE", "is_critical": false, "route_type": "PI-GNN_REROUTE"}}, {"type": "Feature", "geometry": {"type": "LineString", "coordinates": [[76.484231, 10.295338], [76.484349, 10.295402]]}, "properties": {"segment_id": "REROUTE-SEG-751", "scenario_stage": 5, "stage_label": "Reroute Executed", "description": "PI-GNN offline reroute manoeuvre complete \u2014 truck on safe path", "begin_time": "2026-07-15T09:05:00+00:00", "end_time": "2026-07-15T09:07:00+00:00", "hazard_coefficient": 0.0056, "hazard_class": "SAFE", "is_critical": false, "route_type": "PI-GNN_REROUTE"}}, {"type": "Feature", "geometry": {"type": "LineString", "coordinates": [[76.484349, 10.295402], [76.484472, 10.295449]]}, "properties": {"segment_id": "REROUTE-SEG-752", "scenario_stage": 5, "stage_label": "Reroute Executed", "description": "PI-GNN offline reroute manoeuvre complete \u2014 truck on safe path", "begin_time": "2026-07-15T09:05:00+00:00", "end_time": "2026-07-15T09:07:00+00:00", "hazard_coefficient": 0.0056, "hazard_class": "SAFE", "is_critical": false, "route_type": "PI-GNN_REROUTE"}}, {"type": "Feature", "geometry": {"type": "LineString", "coordinates": [[76.484472, 10.295449], [76.484612, 10.295465]]}, "properties": {"segment_id": "REROUTE-SEG-753", "scenario_stage": 5, "stage_label": "Reroute Executed", "description": "PI-GNN offline reroute manoeuvre complete \u2014 truck on safe path", "begin_time": "2026-07-15T09:05:00+00:00", "end_time": "2026-07-15T09:07:00+00:00", "hazard_coefficient": 0.0056, "hazard_class": "SAFE", "is_critical": false, "route_type": "PI-GNN_REROUTE"}}, {"type": "Feature", "geometry": {"type": "LineString", "coordinates": [[76.484612, 10.295465], [76.485647, 10.295427]]}, "properties": {"segment_id": "REROUTE-SEG-754", "scenario_stage": 5, "stage_label": "Reroute Executed", "description": "PI-GNN offline reroute manoeuvre complete \u2014 truck on safe path", "begin_time": "2026-07-15T09:05:00+00:00", "end_time": "2026-07-15T09:07:00+00:00", "hazard_coefficient": 0.0056, "hazard_class": "SAFE", "is_critical": false, "route_type": "PI-GNN_REROUTE"}}, {"type": "Feature", "geometry": {"type": "LineString", "coordinates": [[76.485647, 10.295427], [76.48606, 10.295386]]}, "properties": {"segment_id": "REROUTE-SEG-755", "scenario_stage": 5, "stage_label": "Reroute Executed", "description": "PI-GNN offline reroute manoeuvre complete \u2014 truck on safe path", "begin_time": "2026-07-15T09:05:00+00:00", "end_time": "2026-07-15T09:07:00+00:00", "hazard_coefficient": 0.0056, "hazard_class": "SAFE", "is_critical": false, "route_type": "PI-GNN_REROUTE"}}, {"type": "Feature", "geometry": {"type": "LineString", "coordinates": [[76.48606, 10.295386], [76.486489, 10.295396]]}, "properties": {"segment_id": "REROUTE-SEG-756", "scenario_stage": 5, "stage_label": "Reroute Executed", "description": "PI-GNN offline reroute manoeuvre complete \u2014 truck on safe path", "begin_time": "2026-07-15T09:05:00+00:00", "end_time": "2026-07-15T09:07:00+00:00", "hazard_coefficient": 0.0056, "hazard_class": "SAFE", "is_critical": false, "route_type": "PI-GNN_REROUTE"}}, {"type": "Feature", "geometry": {"type": "LineString", "coordinates": [[76.486489, 10.295396], [76.486618, 10.295439]]}, "properties": {"segment_id": "REROUTE-SEG-757", "scenario_stage": 5, "stage_label": "Reroute Executed", "description": "PI-GNN offline reroute manoeuvre complete \u2014 truck on safe path", "begin_time": "2026-07-15T09:05:00+00:00", "end_time": "2026-07-15T09:07:00+00:00", "hazard_coefficient": 0.0056, "hazard_class": "SAFE", "is_critical": false, "route_type": "PI-GNN_REROUTE"}}, {"type": "Feature", "geometry": {"type": "LineString", "coordinates": [[76.486618, 10.295439], [76.486747, 10.295491]]}, "properties": {"segment_id": "REROUTE-SEG-758", "scenario_stage": 5, "stage_label": "Reroute Executed", "description": "PI-GNN offline reroute manoeuvre complete \u2014 truck on safe path", "begin_time": "2026-07-15T09:05:00+00:00", "end_time": "2026-07-15T09:07:00+00:00", "hazard_coefficient": 0.0056, "hazard_class": "SAFE", "is_critical": false, "route_type": "PI-GNN_REROUTE"}}, {"type": "Feature", "geometry": {"type": "LineString", "coordinates": [[76.486747, 10.295491], [76.48687, 10.295555]]}, "properties": {"segment_id": "REROUTE-SEG-759", "scenario_stage": 5, "stage_label": "Reroute Executed", "description": "PI-GNN offline reroute manoeuvre complete \u2014 truck on safe path", "begin_time": "2026-07-15T09:05:00+00:00", "end_time": "2026-07-15T09:07:00+00:00", "hazard_coefficient": 0.0056, "hazard_class": "SAFE", "is_critical": false, "route_type": "PI-GNN_REROUTE"}}, {"type": "Feature", "geometry": {"type": "LineString", "coordinates": [[76.48687, 10.295555], [76.486993, 10.295618]]}, "properties": {"segment_id": "REROUTE-SEG-760", "scenario_stage": 5, "stage_label": "Reroute Executed", "description": "PI-GNN offline reroute manoeuvre complete \u2014 truck on safe path", "begin_time": "2026-07-15T09:05:00+00:00", "end_time": "2026-07-15T09:07:00+00:00", "hazard_coefficient": 0.0056, "hazard_class": "SAFE", "is_critical": false, "route_type": "PI-GNN_REROUTE"}}, {"type": "Feature", "geometry": {"type": "LineString", "coordinates": [[76.486993, 10.295618], [76.487117, 10.295671]]}, "properties": {"segment_id": "REROUTE-SEG-761", "scenario_stage": 5, "stage_label": "Reroute Executed", "description": "PI-GNN offline reroute manoeuvre complete \u2014 truck on safe path", "begin_time": "2026-07-15T09:05:00+00:00", "end_time": "2026-07-15T09:07:00+00:00", "hazard_coefficient": 0.0056, "hazard_class": "SAFE", "is_critical": false, "route_type": "PI-GNN_REROUTE"}}, {"type": "Feature", "geometry": {"type": "LineString", "coordinates": [[76.487117, 10.295671], [76.48724, 10.295718]]}, "properties": {"segment_id": "REROUTE-SEG-762", "scenario_stage": 5, "stage_label": "Reroute Executed", "description": "PI-GNN offline reroute manoeuvre complete \u2014 truck on safe path", "begin_time": "2026-07-15T09:05:00+00:00", "end_time": "2026-07-15T09:07:00+00:00", "hazard_coefficient": 0.0056, "hazard_class": "SAFE", "is_critical": false, "route_type": "PI-GNN_REROUTE"}}, {"type": "Feature", "geometry": {"type": "LineString", "coordinates": [[76.48724, 10.295718], [76.487369, 10.295771]]}, "properties": {"segment_id": "REROUTE-SEG-763", "scenario_stage": 5, "stage_label": "Reroute Executed", "description": "PI-GNN offline reroute manoeuvre complete \u2014 truck on safe path", "begin_time": "2026-07-15T09:05:00+00:00", "end_time": "2026-07-15T09:07:00+00:00", "hazard_coefficient": 0.0056, "hazard_class": "SAFE", "is_critical": false, "route_type": "PI-GNN_REROUTE"}}, {"type": "Feature", "geometry": {"type": "LineString", "coordinates": [[76.487369, 10.295771], [76.487498, 10.295803]]}, "properties": {"segment_id": "REROUTE-SEG-764", "scenario_stage": 5, "stage_label": "Reroute Executed", "description": "PI-GNN offline reroute manoeuvre complete \u2014 truck on safe path", "begin_time": "2026-07-15T09:05:00+00:00", "end_time": "2026-07-15T09:07:00+00:00", "hazard_coefficient": 0.0056, "hazard_class": "SAFE", "is_critical": false, "route_type": "PI-GNN_REROUTE"}}, {"type": "Feature", "geometry": {"type": "LineString", "coordinates": [[76.487498, 10.295803], [76.487626, 10.295835]]}, "properties": {"segment_id": "REROUTE-SEG-765", "scenario_stage": 5, "stage_label": "Reroute Executed", "description": "PI-GNN offline reroute manoeuvre complete \u2014 truck on safe path", "begin_time": "2026-07-15T09:05:00+00:00", "end_time": "2026-07-15T09:07:00+00:00", "hazard_coefficient": 0.0056, "hazard_class": "SAFE", "is_critical": false, "route_type": "PI-GNN_REROUTE"}}, {"type": "Feature", "geometry": {"type": "LineString", "coordinates": [[76.487626, 10.295835], [76.487761, 10.295861]]}, "properties": {"segment_id": "REROUTE-SEG-766", "scenario_stage": 5, "stage_label": "Reroute Executed", "description": "PI-GNN offline reroute manoeuvre complete \u2014 truck on safe path", "begin_time": "2026-07-15T09:05:00+00:00", "end_time": "2026-07-15T09:07:00+00:00", "hazard_coefficient": 0.0056, "hazard_class": "SAFE", "is_critical": false, "route_type": "PI-GNN_REROUTE"}}, {"type": "Feature", "geometry": {"type": "LineString", "coordinates": [[76.487761, 10.295861], [76.488104, 10.295861]]}, "properties": {"segment_id": "REROUTE-SEG-767", "scenario_stage": 5, "stage_label": "Reroute Executed", "description": "PI-GNN offline reroute manoeuvre complete \u2014 truck on safe path", "begin_time": "2026-07-15T09:05:00+00:00", "end_time": "2026-07-15T09:07:00+00:00", "hazard_coefficient": 0.0056, "hazard_class": "SAFE", "is_critical": false, "route_type": "PI-GNN_REROUTE"}}, {"type": "Feature", "geometry": {"type": "LineString", "coordinates": [[76.488104, 10.295861], [76.488233, 10.295861]]}, "properties": {"segment_id": "REROUTE-SEG-768", "scenario_stage": 5, "stage_label": "Reroute Executed", "description": "PI-GNN offline reroute manoeuvre complete \u2014 truck on safe path", "begin_time": "2026-07-15T09:05:00+00:00", "end_time": "2026-07-15T09:07:00+00:00", "hazard_coefficient": 0.0056, "hazard_class": "SAFE", "is_critical": false, "route_type": "PI-GNN_REROUTE"}}, {"type": "Feature", "geometry": {"type": "LineString", "coordinates": [[76.488233, 10.295861], [76.488367, 10.295861]]}, "properties": {"segment_id": "REROUTE-SEG-769", "scenario_stage": 5, "stage_label": "Reroute Executed", "description": "PI-GNN offline reroute manoeuvre complete \u2014 truck on safe path", "begin_time": "2026-07-15T09:05:00+00:00", "end_time": "2026-07-15T09:07:00+00:00", "hazard_coefficient": 0.0056, "hazard_class": "SAFE", "is_critical": false, "route_type": "PI-GNN_REROUTE"}}, {"type": "Feature", "geometry": {"type": "LineString", "coordinates": [[76.488367, 10.295861], [76.488501, 10.29585]]}, "properties": {"segment_id": "REROUTE-SEG-770", "scenario_stage": 5, "stage_label": "Reroute Executed", "description": "PI-GNN offline reroute manoeuvre complete \u2014 truck on safe path", "begin_time": "2026-07-15T09:05:00+00:00", "end_time": "2026-07-15T09:07:00+00:00", "hazard_coefficient": 0.0056, "hazard_class": "SAFE", "is_critical": false, "route_type": "PI-GNN_REROUTE"}}, {"type": "Feature", "geometry": {"type": "LineString", "coordinates": [[76.488501, 10.29585], [76.488635, 10.29585]]}, "properties": {"segment_id": "REROUTE-SEG-771", "scenario_stage": 5, "stage_label": "Reroute Executed", "description": "PI-GNN offline reroute manoeuvre complete \u2014 truck on safe path", "begin_time": "2026-07-15T09:05:00+00:00", "end_time": "2026-07-15T09:07:00+00:00", "hazard_coefficient": 0.0056, "hazard_class": "SAFE", "is_critical": false, "route_type": "PI-GNN_REROUTE"}}, {"type": "Feature", "geometry": {"type": "LineString", "coordinates": [[76.488635, 10.29585], [76.488836, 10.29585]]}, "properties": {"segment_id": "REROUTE-SEG-772", "scenario_stage": 5, "stage_label": "Reroute Executed", "description": "PI-GNN offline reroute manoeuvre complete \u2014 truck on safe path", "begin_time": "2026-07-15T09:05:00+00:00", "end_time": "2026-07-15T09:07:00+00:00", "hazard_coefficient": 0.0056, "hazard_class": "SAFE", "is_critical": false, "route_type": "PI-GNN_REROUTE"}}, {"type": "Feature", "geometry": {"type": "LineString", "coordinates": [[76.488836, 10.29585], [76.488839, 10.296122]]}, "properties": {"segment_id": "REROUTE-SEG-773", "scenario_stage": 5, "stage_label": "Reroute Executed", "description": "PI-GNN offline reroute manoeuvre complete \u2014 truck on safe path", "begin_time": "2026-07-15T09:05:00+00:00", "end_time": "2026-07-15T09:07:00+00:00", "hazard_coefficient": 0.0056, "hazard_class": "SAFE", "is_critical": false, "route_type": "PI-GNN_REROUTE"}}, {"type": "Feature", "geometry": {"type": "LineString", "coordinates": [[76.488839, 10.296122], [76.488784, 10.29625]]}, "properties": {"segment_id": "REROUTE-SEG-774", "scenario_stage": 5, "stage_label": "Reroute Executed", "description": "PI-GNN offline reroute manoeuvre complete \u2014 truck on safe path", "begin_time": "2026-07-15T09:05:00+00:00", "end_time": "2026-07-15T09:07:00+00:00", "hazard_coefficient": 0.0056, "hazard_class": "SAFE", "is_critical": false, "route_type": "PI-GNN_REROUTE"}}, {"type": "Feature", "geometry": {"type": "LineString", "coordinates": [[76.488784, 10.29625], [76.488434, 10.296494]]}, "properties": {"segment_id": "REROUTE-SEG-775", "scenario_stage": 5, "stage_label": "Reroute Executed", "description": "PI-GNN offline reroute manoeuvre complete \u2014 truck on safe path", "begin_time": "2026-07-15T09:05:00+00:00", "end_time": "2026-07-15T09:07:00+00:00", "hazard_coefficient": 0.0056, "hazard_class": "SAFE", "is_critical": false, "route_type": "PI-GNN_REROUTE"}}, {"type": "Feature", "geometry": {"type": "LineString", "coordinates": [[76.488434, 10.296494], [76.488163, 10.296724]]}, "properties": {"segment_id": "REROUTE-SEG-776", "scenario_stage": 5, "stage_label": "Reroute Executed", "description": "PI-GNN offline reroute manoeuvre complete \u2014 truck on safe path", "begin_time": "2026-07-15T09:05:00+00:00", "end_time": "2026-07-15T09:07:00+00:00", "hazard_coefficient": 0.0056, "hazard_class": "SAFE", "is_critical": false, "route_type": "PI-GNN_REROUTE"}}, {"type": "Feature", "geometry": {"type": "LineString", "coordinates": [[76.488163, 10.296724], [76.487859, 10.296996]]}, "properties": {"segment_id": "REROUTE-SEG-777", "scenario_stage": 5, "stage_label": "Reroute Executed", "description": "PI-GNN offline reroute manoeuvre complete \u2014 truck on safe path", "begin_time": "2026-07-15T09:05:00+00:00", "end_time": "2026-07-15T09:07:00+00:00", "hazard_coefficient": 0.0056, "hazard_class": "SAFE", "is_critical": false, "route_type": "PI-GNN_REROUTE"}}, {"type": "Feature", "geometry": {"type": "LineString", "coordinates": [[76.487859, 10.296996], [76.487696, 10.29704]]}, "properties": {"segment_id": "REROUTE-SEG-778", "scenario_stage": 5, "stage_label": "Reroute Executed", "description": "PI-GNN offline reroute manoeuvre complete \u2014 truck on safe path", "begin_time": "2026-07-15T09:05:00+00:00", "end_time": "2026-07-15T09:07:00+00:00", "hazard_coefficient": 0.0056, "hazard_class": "SAFE", "is_critical": false, "route_type": "PI-GNN_REROUTE"}}, {"type": "Feature", "geometry": {"type": "LineString", "coordinates": [[76.487696, 10.29704], [76.487551, 10.297079]]}, "properties": {"segment_id": "REROUTE-SEG-779", "scenario_stage": 5, "stage_label": "Reroute Executed", "description": "PI-GNN offline reroute manoeuvre complete \u2014 truck on safe path", "begin_time": "2026-07-15T09:05:00+00:00", "end_time": "2026-07-15T09:07:00+00:00", "hazard_coefficient": 0.0056, "hazard_class": "SAFE", "is_critical": false, "route_type": "PI-GNN_REROUTE"}}, {"type": "Feature", "geometry": {"type": "LineString", "coordinates": [[76.487551, 10.297079], [76.487467, 10.297101]]}, "properties": {"segment_id": "REROUTE-SEG-780", "scenario_stage": 5, "stage_label": "Reroute Executed", "description": "PI-GNN offline reroute manoeuvre complete \u2014 truck on safe path", "begin_time": "2026-07-15T09:05:00+00:00", "end_time": "2026-07-15T09:07:00+00:00", "hazard_coefficient": 0.0056, "hazard_class": "SAFE", "is_critical": false, "route_type": "PI-GNN_REROUTE"}}, {"type": "Feature", "geometry": {"type": "LineString", "coordinates": [[76.487467, 10.297101], [76.487283, 10.297196]]}, "properties": {"segment_id": "REROUTE-SEG-781", "scenario_stage": 5, "stage_label": "Reroute Executed", "description": "PI-GNN offline reroute manoeuvre complete \u2014 truck on safe path", "begin_time": "2026-07-15T09:05:00+00:00", "end_time": "2026-07-15T09:07:00+00:00", "hazard_coefficient": 0.0056, "hazard_class": "SAFE", "is_critical": false, "route_type": "PI-GNN_REROUTE"}}, {"type": "Feature", "geometry": {"type": "LineString", "coordinates": [[76.487283, 10.297196], [76.487096, 10.297286]]}, "properties": {"segment_id": "REROUTE-SEG-782", "scenario_stage": 5, "stage_label": "Reroute Executed", "description": "PI-GNN offline reroute manoeuvre complete \u2014 truck on safe path", "begin_time": "2026-07-15T09:05:00+00:00", "end_time": "2026-07-15T09:07:00+00:00", "hazard_coefficient": 0.0056, "hazard_class": "SAFE", "is_critical": false, "route_type": "PI-GNN_REROUTE"}}, {"type": "Feature", "geometry": {"type": "LineString", "coordinates": [[76.487096, 10.297286], [76.486927, 10.297564]]}, "properties": {"segment_id": "REROUTE-SEG-783", "scenario_stage": 5, "stage_label": "Reroute Executed", "description": "PI-GNN offline reroute manoeuvre complete \u2014 truck on safe path", "begin_time": "2026-07-15T09:05:00+00:00", "end_time": "2026-07-15T09:07:00+00:00", "hazard_coefficient": 0.0056, "hazard_class": "SAFE", "is_critical": false, "route_type": "PI-GNN_REROUTE"}}, {"type": "Feature", "geometry": {"type": "LineString", "coordinates": [[76.486927, 10.297564], [76.486842, 10.297744]]}, "properties": {"segment_id": "REROUTE-SEG-784", "scenario_stage": 5, "stage_label": "Reroute Executed", "description": "PI-GNN offline reroute manoeuvre complete \u2014 truck on safe path", "begin_time": "2026-07-15T09:05:00+00:00", "end_time": "2026-07-15T09:07:00+00:00", "hazard_coefficient": 0.0056, "hazard_class": "SAFE", "is_critical": false, "route_type": "PI-GNN_REROUTE"}}, {"type": "Feature", "geometry": {"type": "LineString", "coordinates": [[76.486842, 10.297744], [76.48659, 10.298216]]}, "properties": {"segment_id": "REROUTE-SEG-785", "scenario_stage": 5, "stage_label": "Reroute Executed", "description": "PI-GNN offline reroute manoeuvre complete \u2014 truck on safe path", "begin_time": "2026-07-15T09:05:00+00:00", "end_time": "2026-07-15T09:07:00+00:00", "hazard_coefficient": 0.0056, "hazard_class": "SAFE", "is_critical": false, "route_type": "PI-GNN_REROUTE"}}, {"type": "Feature", "geometry": {"type": "LineString", "coordinates": [[76.48659, 10.298216], [76.486458, 10.29849]]}, "properties": {"segment_id": "REROUTE-SEG-786", "scenario_stage": 5, "stage_label": "Reroute Executed", "description": "PI-GNN offline reroute manoeuvre complete \u2014 truck on safe path", "begin_time": "2026-07-15T09:05:00+00:00", "end_time": "2026-07-15T09:07:00+00:00", "hazard_coefficient": 0.0056, "hazard_class": "SAFE", "is_critical": false, "route_type": "PI-GNN_REROUTE"}}, {"type": "Feature", "geometry": {"type": "LineString", "coordinates": [[76.486458, 10.29849], [76.486384, 10.298643]]}, "properties": {"segment_id": "REROUTE-SEG-787", "scenario_stage": 5, "stage_label": "Reroute Executed", "description": "PI-GNN offline reroute manoeuvre complete \u2014 truck on safe path", "begin_time": "2026-07-15T09:05:00+00:00", "end_time": "2026-07-15T09:07:00+00:00", "hazard_coefficient": 0.0056, "hazard_class": "SAFE", "is_critical": false, "route_type": "PI-GNN_REROUTE"}}, {"type": "Feature", "geometry": {"type": "LineString", "coordinates": [[76.486384, 10.298643], [76.486079, 10.29916]]}, "properties": {"segment_id": "REROUTE-SEG-788", "scenario_stage": 5, "stage_label": "Reroute Executed", "description": "PI-GNN offline reroute manoeuvre complete \u2014 truck on safe path", "begin_time": "2026-07-15T09:05:00+00:00", "end_time": "2026-07-15T09:07:00+00:00", "hazard_coefficient": 0.0056, "hazard_class": "SAFE", "is_critical": false, "route_type": "PI-GNN_REROUTE"}}, {"type": "Feature", "geometry": {"type": "LineString", "coordinates": [[76.486079, 10.29916], [76.48588, 10.299513]]}, "properties": {"segment_id": "REROUTE-SEG-789", "scenario_stage": 5, "stage_label": "Reroute Executed", "description": "PI-GNN offline reroute manoeuvre complete \u2014 truck on safe path", "begin_time": "2026-07-15T09:05:00+00:00", "end_time": "2026-07-15T09:07:00+00:00", "hazard_coefficient": 0.0056, "hazard_class": "SAFE", "is_critical": false, "route_type": "PI-GNN_REROUTE"}}, {"type": "Feature", "geometry": {"type": "LineString", "coordinates": [[76.48588, 10.299513], [76.485702, 10.299679]]}, "properties": {"segment_id": "REROUTE-SEG-790", "scenario_stage": 5, "stage_label": "Reroute Executed", "description": "PI-GNN offline reroute manoeuvre complete \u2014 truck on safe path", "begin_time": "2026-07-15T09:05:00+00:00", "end_time": "2026-07-15T09:07:00+00:00", "hazard_coefficient": 0.0056, "hazard_class": "SAFE", "is_critical": false, "route_type": "PI-GNN_REROUTE"}}, {"type": "Feature", "geometry": {"type": "LineString", "coordinates": [[76.485702, 10.299679], [76.485325, 10.299965]]}, "properties": {"segment_id": "REROUTE-SEG-791", "scenario_stage": 5, "stage_label": "Reroute Executed", "description": "PI-GNN offline reroute manoeuvre complete \u2014 truck on safe path", "begin_time": "2026-07-15T09:05:00+00:00", "end_time": "2026-07-15T09:07:00+00:00", "hazard_coefficient": 0.0056, "hazard_class": "SAFE", "is_critical": false, "route_type": "PI-GNN_REROUTE"}}, {"type": "Feature", "geometry": {"type": "LineString", "coordinates": [[76.485325, 10.299965], [76.484892, 10.300259]]}, "properties": {"segment_id": "REROUTE-SEG-792", "scenario_stage": 5, "stage_label": "Reroute Executed", "description": "PI-GNN offline reroute manoeuvre complete \u2014 truck on safe path", "begin_time": "2026-07-15T09:05:00+00:00", "end_time": "2026-07-15T09:07:00+00:00", "hazard_coefficient": 0.0056, "hazard_class": "SAFE", "is_critical": false, "route_type": "PI-GNN_REROUTE"}}, {"type": "Feature", "geometry": {"type": "LineString", "coordinates": [[76.484892, 10.300259], [76.484307, 10.30064]]}, "properties": {"segment_id": "REROUTE-SEG-793", "scenario_stage": 5, "stage_label": "Reroute Executed", "description": "PI-GNN offline reroute manoeuvre complete \u2014 truck on safe path", "begin_time": "2026-07-15T09:05:00+00:00", "end_time": "2026-07-15T09:07:00+00:00", "hazard_coefficient": 0.0056, "hazard_class": "SAFE", "is_critical": false, "route_type": "PI-GNN_REROUTE"}}, {"type": "Feature", "geometry": {"type": "LineString", "coordinates": [[76.484307, 10.30064], [76.484093, 10.300863]]}, "properties": {"segment_id": "REROUTE-SEG-794", "scenario_stage": 5, "stage_label": "Reroute Executed", "description": "PI-GNN offline reroute manoeuvre complete \u2014 truck on safe path", "begin_time": "2026-07-15T09:05:00+00:00", "end_time": "2026-07-15T09:07:00+00:00", "hazard_coefficient": 0.0056, "hazard_class": "SAFE", "is_critical": false, "route_type": "PI-GNN_REROUTE"}}, {"type": "Feature", "geometry": {"type": "LineString", "coordinates": [[76.484093, 10.300863], [76.483855, 10.30111]]}, "properties": {"segment_id": "REROUTE-SEG-795", "scenario_stage": 5, "stage_label": "Reroute Executed", "description": "PI-GNN offline reroute manoeuvre complete \u2014 truck on safe path", "begin_time": "2026-07-15T09:05:00+00:00", "end_time": "2026-07-15T09:07:00+00:00", "hazard_coefficient": 0.0056, "hazard_class": "SAFE", "is_critical": false, "route_type": "PI-GNN_REROUTE"}}, {"type": "Feature", "geometry": {"type": "LineString", "coordinates": [[76.483855, 10.30111], [76.483775, 10.30116]]}, "properties": {"segment_id": "REROUTE-SEG-796", "scenario_stage": 5, "stage_label": "Reroute Executed", "description": "PI-GNN offline reroute manoeuvre complete \u2014 truck on safe path", "begin_time": "2026-07-15T09:05:00+00:00", "end_time": "2026-07-15T09:07:00+00:00", "hazard_coefficient": 0.0056, "hazard_class": "SAFE", "is_critical": false, "route_type": "PI-GNN_REROUTE"}}, {"type": "Feature", "geometry": {"type": "LineString", "coordinates": [[76.483775, 10.30116], [76.48344, 10.301371]]}, "properties": {"segment_id": "REROUTE-SEG-797", "scenario_stage": 5, "stage_label": "Reroute Executed", "description": "PI-GNN offline reroute manoeuvre complete \u2014 truck on safe path", "begin_time": "2026-07-15T09:05:00+00:00", "end_time": "2026-07-15T09:07:00+00:00", "hazard_coefficient": 0.0056, "hazard_class": "SAFE", "is_critical": false, "route_type": "PI-GNN_REROUTE"}}, {"type": "Feature", "geometry": {"type": "LineString", "coordinates": [[76.48344, 10.301371], [76.483074, 10.301898]]}, "properties": {"segment_id": "REROUTE-SEG-798", "scenario_stage": 5, "stage_label": "Reroute Executed", "description": "PI-GNN offline reroute manoeuvre complete \u2014 truck on safe path", "begin_time": "2026-07-15T09:05:00+00:00", "end_time": "2026-07-15T09:07:00+00:00", "hazard_coefficient": 0.0056, "hazard_class": "SAFE", "is_critical": false, "route_type": "PI-GNN_REROUTE"}}, {"type": "Feature", "geometry": {"type": "LineString", "coordinates": [[76.483074, 10.301898], [76.482988, 10.301976]]}, "properties": {"segment_id": "REROUTE-SEG-799", "scenario_stage": 5, "stage_label": "Reroute Executed", "description": "PI-GNN offline reroute manoeuvre complete \u2014 truck on safe path", "begin_time": "2026-07-15T09:05:00+00:00", "end_time": "2026-07-15T09:07:00+00:00", "hazard_coefficient": 0.0056, "hazard_class": "SAFE", "is_critical": false, "route_type": "PI-GNN_REROUTE"}}, {"type": "Feature", "geometry": {"type": "LineString", "coordinates": [[76.482988, 10.301976], [76.482773, 10.302173]]}, "properties": {"segment_id": "REROUTE-SEG-800", "scenario_stage": 5, "stage_label": "Reroute Executed", "description": "PI-GNN offline reroute manoeuvre complete \u2014 truck on safe path", "begin_time": "2026-07-15T09:05:00+00:00", "end_time": "2026-07-15T09:07:00+00:00", "hazard_coefficient": 0.0056, "hazard_class": "SAFE", "is_critical": false, "route_type": "PI-GNN_REROUTE"}}, {"type": "Feature", "geometry": {"type": "LineString", "coordinates": [[76.482773, 10.302173], [76.482331, 10.30301]]}, "properties": {"segment_id": "REROUTE-SEG-801", "scenario_stage": 5, "stage_label": "Reroute Executed", "description": "PI-GNN offline reroute manoeuvre complete \u2014 truck on safe path", "begin_time": "2026-07-15T09:05:00+00:00", "end_time": "2026-07-15T09:07:00+00:00", "hazard_coefficient": 0.0056, "hazard_class": "SAFE", "is_critical": false, "route_type": "PI-GNN_REROUTE"}}, {"type": "Feature", "geometry": {"type": "LineString", "coordinates": [[76.482331, 10.30301], [76.481872, 10.303482]]}, "properties": {"segment_id": "REROUTE-SEG-802", "scenario_stage": 5, "stage_label": "Reroute Executed", "description": "PI-GNN offline reroute manoeuvre complete \u2014 truck on safe path", "begin_time": "2026-07-15T09:05:00+00:00", "end_time": "2026-07-15T09:07:00+00:00", "hazard_coefficient": 0.0056, "hazard_class": "SAFE", "is_critical": false, "route_type": "PI-GNN_REROUTE"}}, {"type": "Feature", "geometry": {"type": "LineString", "coordinates": [[76.481872, 10.303482], [76.481364, 10.304078]]}, "properties": {"segment_id": "REROUTE-SEG-803", "scenario_stage": 5, "stage_label": "Reroute Executed", "description": "PI-GNN offline reroute manoeuvre complete \u2014 truck on safe path", "begin_time": "2026-07-15T09:05:00+00:00", "end_time": "2026-07-15T09:07:00+00:00", "hazard_coefficient": 0.0056, "hazard_class": "SAFE", "is_critical": false, "route_type": "PI-GNN_REROUTE"}}, {"type": "Feature", "geometry": {"type": "LineString", "coordinates": [[76.481364, 10.304078], [76.480949, 10.304242]]}, "properties": {"segment_id": "REROUTE-SEG-804", "scenario_stage": 5, "stage_label": "Reroute Executed", "description": "PI-GNN offline reroute manoeuvre complete \u2014 truck on safe path", "begin_time": "2026-07-15T09:05:00+00:00", "end_time": "2026-07-15T09:07:00+00:00", "hazard_coefficient": 0.0056, "hazard_class": "SAFE", "is_critical": false, "route_type": "PI-GNN_REROUTE"}}, {"type": "Feature", "geometry": {"type": "LineString", "coordinates": [[76.480949, 10.304242], [76.480534, 10.304481]]}, "properties": {"segment_id": "REROUTE-SEG-805", "scenario_stage": 5, "stage_label": "Reroute Executed", "description": "PI-GNN offline reroute manoeuvre complete \u2014 truck on safe path", "begin_time": "2026-07-15T09:05:00+00:00", "end_time": "2026-07-15T09:07:00+00:00", "hazard_coefficient": 0.0056, "hazard_class": "SAFE", "is_critical": false, "route_type": "PI-GNN_REROUTE"}}, {"type": "Feature", "geometry": {"type": "LineString", "coordinates": [[76.480534, 10.304481], [76.480456, 10.304526]]}, "properties": {"segment_id": "REROUTE-SEG-806", "scenario_stage": 5, "stage_label": "Reroute Executed", "description": "PI-GNN offline reroute manoeuvre complete \u2014 truck on safe path", "begin_time": "2026-07-15T09:05:00+00:00", "end_time": "2026-07-15T09:07:00+00:00", "hazard_coefficient": 0.0056, "hazard_class": "SAFE", "is_critical": false, "route_type": "PI-GNN_REROUTE"}}, {"type": "Feature", "geometry": {"type": "LineString", "coordinates": [[76.480456, 10.304526], [76.479598, 10.305086]]}, "properties": {"segment_id": "REROUTE-SEG-807", "scenario_stage": 5, "stage_label": "Reroute Executed", "description": "PI-GNN offline reroute manoeuvre complete \u2014 truck on safe path", "begin_time": "2026-07-15T09:05:00+00:00", "end_time": "2026-07-15T09:07:00+00:00", "hazard_coefficient": 0.0056, "hazard_class": "SAFE", "is_critical": false, "route_type": "PI-GNN_REROUTE"}}, {"type": "Feature", "geometry": {"type": "LineString", "coordinates": [[76.479598, 10.305086], [76.477146, 10.305831]]}, "properties": {"segment_id": "REROUTE-SEG-808", "scenario_stage": 5, "stage_label": "Reroute Executed", "description": "PI-GNN offline reroute manoeuvre complete \u2014 truck on safe path", "begin_time": "2026-07-15T09:05:00+00:00", "end_time": "2026-07-15T09:07:00+00:00", "hazard_coefficient": 0.0056, "hazard_class": "SAFE", "is_critical": false, "route_type": "PI-GNN_REROUTE"}}, {"type": "Feature", "geometry": {"type": "LineString", "coordinates": [[76.477146, 10.305831], [76.476809, 10.305962]]}, "properties": {"segment_id": "REROUTE-SEG-809", "scenario_stage": 5, "stage_label": "Reroute Executed", "description": "PI-GNN offline reroute manoeuvre complete \u2014 truck on safe path", "begin_time": "2026-07-15T09:05:00+00:00", "end_time": "2026-07-15T09:07:00+00:00", "hazard_coefficient": 0.0056, "hazard_class": "SAFE", "is_critical": false, "route_type": "PI-GNN_REROUTE"}}, {"type": "Feature", "geometry": {"type": "LineString", "coordinates": [[76.476809, 10.305962], [76.47589, 10.306319]]}, "properties": {"segment_id": "REROUTE-SEG-810", "scenario_stage": 5, "stage_label": "Reroute Executed", "description": "PI-GNN offline reroute manoeuvre complete \u2014 truck on safe path", "begin_time": "2026-07-15T09:05:00+00:00", "end_time": "2026-07-15T09:07:00+00:00", "hazard_coefficient": 0.0056, "hazard_class": "SAFE", "is_critical": false, "route_type": "PI-GNN_REROUTE"}}, {"type": "Feature", "geometry": {"type": "LineString", "coordinates": [[76.47589, 10.306319], [76.475047, 10.306585]]}, "properties": {"segment_id": "REROUTE-SEG-811", "scenario_stage": 5, "stage_label": "Reroute Executed", "description": "PI-GNN offline reroute manoeuvre complete \u2014 truck on safe path", "begin_time": "2026-07-15T09:05:00+00:00", "end_time": "2026-07-15T09:07:00+00:00", "hazard_coefficient": 0.0056, "hazard_class": "SAFE", "is_critical": false, "route_type": "PI-GNN_REROUTE"}}, {"type": "Feature", "geometry": {"type": "LineString", "coordinates": [[76.475047, 10.306585], [76.47495, 10.306615]]}, "properties": {"segment_id": "REROUTE-SEG-812", "scenario_stage": 5, "stage_label": "Reroute Executed", "description": "PI-GNN offline reroute manoeuvre complete \u2014 truck on safe path", "begin_time": "2026-07-15T09:05:00+00:00", "end_time": "2026-07-15T09:07:00+00:00", "hazard_coefficient": 0.0056, "hazard_class": "SAFE", "is_critical": false, "route_type": "PI-GNN_REROUTE"}}, {"type": "Feature", "geometry": {"type": "LineString", "coordinates": [[76.47495, 10.306615], [76.474762, 10.306682]]}, "properties": {"segment_id": "REROUTE-SEG-813", "scenario_stage": 5, "stage_label": "Reroute Executed", "description": "PI-GNN offline reroute manoeuvre complete \u2014 truck on safe path", "begin_time": "2026-07-15T09:05:00+00:00", "end_time": "2026-07-15T09:07:00+00:00", "hazard_coefficient": 0.0056, "hazard_class": "SAFE", "is_critical": false, "route_type": "PI-GNN_REROUTE"}}, {"type": "Feature", "geometry": {"type": "LineString", "coordinates": [[76.474762, 10.306682], [76.473946, 10.306973]]}, "properties": {"segment_id": "REROUTE-SEG-814", "scenario_stage": 5, "stage_label": "Reroute Executed", "description": "PI-GNN offline reroute manoeuvre complete \u2014 truck on safe path", "begin_time": "2026-07-15T09:05:00+00:00", "end_time": "2026-07-15T09:07:00+00:00", "hazard_coefficient": 0.0056, "hazard_class": "SAFE", "is_critical": false, "route_type": "PI-GNN_REROUTE"}}, {"type": "Feature", "geometry": {"type": "LineString", "coordinates": [[76.473946, 10.306973], [76.473531, 10.307081]]}, "properties": {"segment_id": "REROUTE-SEG-815", "scenario_stage": 5, "stage_label": "Reroute Executed", "description": "PI-GNN offline reroute manoeuvre complete \u2014 truck on safe path", "begin_time": "2026-07-15T09:05:00+00:00", "end_time": "2026-07-15T09:07:00+00:00", "hazard_coefficient": 0.0056, "hazard_class": "SAFE", "is_critical": false, "route_type": "PI-GNN_REROUTE"}}, {"type": "Feature", "geometry": {"type": "LineString", "coordinates": [[76.473531, 10.307081], [76.473438, 10.307172]]}, "properties": {"segment_id": "REROUTE-SEG-816", "scenario_stage": 5, "stage_label": "Reroute Executed", "description": "PI-GNN offline reroute manoeuvre complete \u2014 truck on safe path", "begin_time": "2026-07-15T09:05:00+00:00", "end_time": "2026-07-15T09:07:00+00:00", "hazard_coefficient": 0.0056, "hazard_class": "SAFE", "is_critical": false, "route_type": "PI-GNN_REROUTE"}}, {"type": "Feature", "geometry": {"type": "LineString", "coordinates": [[76.473438, 10.307172], [76.473375, 10.307366]]}, "properties": {"segment_id": "REROUTE-SEG-817", "scenario_stage": 5, "stage_label": "Reroute Executed", "description": "PI-GNN offline reroute manoeuvre complete \u2014 truck on safe path", "begin_time": "2026-07-15T09:05:00+00:00", "end_time": "2026-07-15T09:07:00+00:00", "hazard_coefficient": 0.0056, "hazard_class": "SAFE", "is_critical": false, "route_type": "PI-GNN_REROUTE"}}, {"type": "Feature", "geometry": {"type": "LineString", "coordinates": [[76.473375, 10.307366], [76.472915, 10.30845]]}, "properties": {"segment_id": "REROUTE-SEG-818", "scenario_stage": 5, "stage_label": "Reroute Executed", "description": "PI-GNN offline reroute manoeuvre complete \u2014 truck on safe path", "begin_time": "2026-07-15T09:05:00+00:00", "end_time": "2026-07-15T09:07:00+00:00", "hazard_coefficient": 0.0056, "hazard_class": "SAFE", "is_critical": false, "route_type": "PI-GNN_REROUTE"}}, {"type": "Feature", "geometry": {"type": "LineString", "coordinates": [[76.472915, 10.30845], [76.472774, 10.308781]]}, "properties": {"segment_id": "REROUTE-SEG-819", "scenario_stage": 5, "stage_label": "Reroute Executed", "description": "PI-GNN offline reroute manoeuvre complete \u2014 truck on safe path", "begin_time": "2026-07-15T09:05:00+00:00", "end_time": "2026-07-15T09:07:00+00:00", "hazard_coefficient": 0.0056, "hazard_class": "SAFE", "is_critical": false, "route_type": "PI-GNN_REROUTE"}}, {"type": "Feature", "geometry": {"type": "LineString", "coordinates": [[76.472774, 10.308781], [76.472729, 10.308839]]}, "properties": {"segment_id": "REROUTE-SEG-820", "scenario_stage": 5, "stage_label": "Reroute Executed", "description": "PI-GNN offline reroute manoeuvre complete \u2014 truck on safe path", "begin_time": "2026-07-15T09:05:00+00:00", "end_time": "2026-07-15T09:07:00+00:00", "hazard_coefficient": 0.0056, "hazard_class": "SAFE", "is_critical": false, "route_type": "PI-GNN_REROUTE"}}, {"type": "Feature", "geometry": {"type": "LineString", "coordinates": [[76.472729, 10.308839], [76.472588, 10.309019]]}, "properties": {"segment_id": "REROUTE-SEG-821", "scenario_stage": 5, "stage_label": "Reroute Executed", "description": "PI-GNN offline reroute manoeuvre complete \u2014 truck on safe path", "begin_time": "2026-07-15T09:05:00+00:00", "end_time": "2026-07-15T09:07:00+00:00", "hazard_coefficient": 0.0056, "hazard_class": "SAFE", "is_critical": false, "route_type": "PI-GNN_REROUTE"}}, {"type": "Feature", "geometry": {"type": "LineString", "coordinates": [[76.472588, 10.309019], [76.472409, 10.309097]]}, "properties": {"segment_id": "REROUTE-SEG-822", "scenario_stage": 5, "stage_label": "Reroute Executed", "description": "PI-GNN offline reroute manoeuvre complete \u2014 truck on safe path", "begin_time": "2026-07-15T09:05:00+00:00", "end_time": "2026-07-15T09:07:00+00:00", "hazard_coefficient": 0.0056, "hazard_class": "SAFE", "is_critical": false, "route_type": "PI-GNN_REROUTE"}}, {"type": "Feature", "geometry": {"type": "LineString", "coordinates": [[76.472409, 10.309097], [76.472147, 10.309219]]}, "properties": {"segment_id": "REROUTE-SEG-823", "scenario_stage": 5, "stage_label": "Reroute Executed", "description": "PI-GNN offline reroute manoeuvre complete \u2014 truck on safe path", "begin_time": "2026-07-15T09:05:00+00:00", "end_time": "2026-07-15T09:07:00+00:00", "hazard_coefficient": 0.0056, "hazard_class": "SAFE", "is_critical": false, "route_type": "PI-GNN_REROUTE"}}, {"type": "Feature", "geometry": {"type": "LineString", "coordinates": [[76.472147, 10.309219], [76.471799, 10.309275]]}, "properties": {"segment_id": "REROUTE-SEG-824", "scenario_stage": 5, "stage_label": "Reroute Executed", "description": "PI-GNN offline reroute manoeuvre complete \u2014 truck on safe path", "begin_time": "2026-07-15T09:05:00+00:00", "end_time": "2026-07-15T09:07:00+00:00", "hazard_coefficient": 0.0056, "hazard_class": "SAFE", "is_critical": false, "route_type": "PI-GNN_REROUTE"}}, {"type": "Feature", "geometry": {"type": "LineString", "coordinates": [[76.471799, 10.309275], [76.471592, 10.309372]]}, "properties": {"segment_id": "REROUTE-SEG-825", "scenario_stage": 5, "stage_label": "Reroute Executed", "description": "PI-GNN offline reroute manoeuvre complete \u2014 truck on safe path", "begin_time": "2026-07-15T09:05:00+00:00", "end_time": "2026-07-15T09:07:00+00:00", "hazard_coefficient": 0.0056, "hazard_class": "SAFE", "is_critical": false, "route_type": "PI-GNN_REROUTE"}}, {"type": "Feature", "geometry": {"type": "LineString", "coordinates": [[76.471592, 10.309372], [76.471303, 10.309576]]}, "properties": {"segment_id": "REROUTE-SEG-826", "scenario_stage": 5, "stage_label": "Reroute Executed", "description": "PI-GNN offline reroute manoeuvre complete \u2014 truck on safe path", "begin_time": "2026-07-15T09:05:00+00:00", "end_time": "2026-07-15T09:07:00+00:00", "hazard_coefficient": 0.0056, "hazard_class": "SAFE", "is_critical": false, "route_type": "PI-GNN_REROUTE"}}, {"type": "Feature", "geometry": {"type": "LineString", "coordinates": [[76.471303, 10.309576], [76.471025, 10.309697]]}, "properties": {"segment_id": "REROUTE-SEG-827", "scenario_stage": 5, "stage_label": "Reroute Executed", "description": "PI-GNN offline reroute manoeuvre complete \u2014 truck on safe path", "begin_time": "2026-07-15T09:05:00+00:00", "end_time": "2026-07-15T09:07:00+00:00", "hazard_coefficient": 0.0056, "hazard_class": "SAFE", "is_critical": false, "route_type": "PI-GNN_REROUTE"}}, {"type": "Feature", "geometry": {"type": "LineString", "coordinates": [[76.471025, 10.309697], [76.470736, 10.309724]]}, "properties": {"segment_id": "REROUTE-SEG-828", "scenario_stage": 5, "stage_label": "Reroute Executed", "description": "PI-GNN offline reroute manoeuvre complete \u2014 truck on safe path", "begin_time": "2026-07-15T09:05:00+00:00", "end_time": "2026-07-15T09:07:00+00:00", "hazard_coefficient": 0.0056, "hazard_class": "SAFE", "is_critical": false, "route_type": "PI-GNN_REROUTE"}}, {"type": "Feature", "geometry": {"type": "LineString", "coordinates": [[76.470736, 10.309724], [76.470527, 10.30985]]}, "properties": {"segment_id": "REROUTE-SEG-829", "scenario_stage": 5, "stage_label": "Reroute Executed", "description": "PI-GNN offline reroute manoeuvre complete \u2014 truck on safe path", "begin_time": "2026-07-15T09:05:00+00:00", "end_time": "2026-07-15T09:07:00+00:00", "hazard_coefficient": 0.0056, "hazard_class": "SAFE", "is_critical": false, "route_type": "PI-GNN_REROUTE"}}, {"type": "Feature", "geometry": {"type": "LineString", "coordinates": [[76.470527, 10.30985], [76.470031, 10.310264]]}, "properties": {"segment_id": "REROUTE-SEG-830", "scenario_stage": 5, "stage_label": "Reroute Executed", "description": "PI-GNN offline reroute manoeuvre complete \u2014 truck on safe path", "begin_time": "2026-07-15T09:05:00+00:00", "end_time": "2026-07-15T09:07:00+00:00", "hazard_coefficient": 0.0056, "hazard_class": "SAFE", "is_critical": false, "route_type": "PI-GNN_REROUTE"}}, {"type": "Feature", "geometry": {"type": "LineString", "coordinates": [[76.470031, 10.310264], [76.46962, 10.310491]]}, "properties": {"segment_id": "REROUTE-SEG-831", "scenario_stage": 5, "stage_label": "Reroute Executed", "description": "PI-GNN offline reroute manoeuvre complete \u2014 truck on safe path", "begin_time": "2026-07-15T09:05:00+00:00", "end_time": "2026-07-15T09:07:00+00:00", "hazard_coefficient": 0.0056, "hazard_class": "SAFE", "is_critical": false, "route_type": "PI-GNN_REROUTE"}}, {"type": "Feature", "geometry": {"type": "LineString", "coordinates": [[76.46962, 10.310491], [76.469116, 10.310727]]}, "properties": {"segment_id": "REROUTE-SEG-832", "scenario_stage": 5, "stage_label": "Reroute Executed", "description": "PI-GNN offline reroute manoeuvre complete \u2014 truck on safe path", "begin_time": "2026-07-15T09:05:00+00:00", "end_time": "2026-07-15T09:07:00+00:00", "hazard_coefficient": 0.0056, "hazard_class": "SAFE", "is_critical": false, "route_type": "PI-GNN_REROUTE"}}, {"type": "Feature", "geometry": {"type": "LineString", "coordinates": [[76.469116, 10.310727], [76.468167, 10.310813]]}, "properties": {"segment_id": "REROUTE-SEG-833", "scenario_stage": 5, "stage_label": "Reroute Executed", "description": "PI-GNN offline reroute manoeuvre complete \u2014 truck on safe path", "begin_time": "2026-07-15T09:05:00+00:00", "end_time": "2026-07-15T09:07:00+00:00", "hazard_coefficient": 0.0056, "hazard_class": "SAFE", "is_critical": false, "route_type": "PI-GNN_REROUTE"}}, {"type": "Feature", "geometry": {"type": "LineString", "coordinates": [[76.468167, 10.310813], [76.467174, 10.310934]]}, "properties": {"segment_id": "REROUTE-SEG-834", "scenario_stage": 5, "stage_label": "Reroute Executed", "description": "PI-GNN offline reroute manoeuvre complete \u2014 truck on safe path", "begin_time": "2026-07-15T09:05:00+00:00", "end_time": "2026-07-15T09:07:00+00:00", "hazard_coefficient": 0.0056, "hazard_class": "SAFE", "is_critical": false, "route_type": "PI-GNN_REROUTE"}}, {"type": "Feature", "geometry": {"type": "LineString", "coordinates": [[76.467174, 10.310934], [76.466864, 10.311096]]}, "properties": {"segment_id": "REROUTE-SEG-835", "scenario_stage": 5, "stage_label": "Reroute Executed", "description": "PI-GNN offline reroute manoeuvre complete \u2014 truck on safe path", "begin_time": "2026-07-15T09:05:00+00:00", "end_time": "2026-07-15T09:07:00+00:00", "hazard_coefficient": 0.0056, "hazard_class": "SAFE", "is_critical": false, "route_type": "PI-GNN_REROUTE"}}, {"type": "Feature", "geometry": {"type": "LineString", "coordinates": [[76.466864, 10.311096], [76.466594, 10.311314]]}, "properties": {"segment_id": "REROUTE-SEG-836", "scenario_stage": 5, "stage_label": "Reroute Executed", "description": "PI-GNN offline reroute manoeuvre complete \u2014 truck on safe path", "begin_time": "2026-07-15T09:05:00+00:00", "end_time": "2026-07-15T09:07:00+00:00", "hazard_coefficient": 0.0056, "hazard_class": "SAFE", "is_critical": false, "route_type": "PI-GNN_REROUTE"}}, {"type": "Feature", "geometry": {"type": "LineString", "coordinates": [[76.466594, 10.311314], [76.466554, 10.311351]]}, "properties": {"segment_id": "REROUTE-SEG-837", "scenario_stage": 5, "stage_label": "Reroute Executed", "description": "PI-GNN offline reroute manoeuvre complete \u2014 truck on safe path", "begin_time": "2026-07-15T09:05:00+00:00", "end_time": "2026-07-15T09:07:00+00:00", "hazard_coefficient": 0.0056, "hazard_class": "SAFE", "is_critical": false, "route_type": "PI-GNN_REROUTE"}}, {"type": "Feature", "geometry": {"type": "LineString", "coordinates": [[76.466554, 10.311351], [76.466329, 10.311567]]}, "properties": {"segment_id": "REROUTE-SEG-838", "scenario_stage": 5, "stage_label": "Reroute Executed", "description": "PI-GNN offline reroute manoeuvre complete \u2014 truck on safe path", "begin_time": "2026-07-15T09:05:00+00:00", "end_time": "2026-07-15T09:07:00+00:00", "hazard_coefficient": 0.0056, "hazard_class": "SAFE", "is_critical": false, "route_type": "PI-GNN_REROUTE"}}, {"type": "Feature", "geometry": {"type": "LineString", "coordinates": [[76.466329, 10.311567], [76.466262, 10.311634]]}, "properties": {"segment_id": "REROUTE-SEG-839", "scenario_stage": 5, "stage_label": "Reroute Executed", "description": "PI-GNN offline reroute manoeuvre complete \u2014 truck on safe path", "begin_time": "2026-07-15T09:05:00+00:00", "end_time": "2026-07-15T09:07:00+00:00", "hazard_coefficient": 0.0056, "hazard_class": "SAFE", "is_critical": false, "route_type": "PI-GNN_REROUTE"}}, {"type": "Feature", "geometry": {"type": "LineString", "coordinates": [[76.466262, 10.311634], [76.465757, 10.31211]]}, "properties": {"segment_id": "REROUTE-SEG-840", "scenario_stage": 5, "stage_label": "Reroute Executed", "description": "PI-GNN offline reroute manoeuvre complete \u2014 truck on safe path", "begin_time": "2026-07-15T09:05:00+00:00", "end_time": "2026-07-15T09:07:00+00:00", "hazard_coefficient": 0.0056, "hazard_class": "SAFE", "is_critical": false, "route_type": "PI-GNN_REROUTE"}}, {"type": "Feature", "geometry": {"type": "LineString", "coordinates": [[76.465757, 10.31211], [76.46537, 10.312312]]}, "properties": {"segment_id": "REROUTE-SEG-841", "scenario_stage": 5, "stage_label": "Reroute Executed", "description": "PI-GNN offline reroute manoeuvre complete \u2014 truck on safe path", "begin_time": "2026-07-15T09:05:00+00:00", "end_time": "2026-07-15T09:07:00+00:00", "hazard_coefficient": 0.0056, "hazard_class": "SAFE", "is_critical": false, "route_type": "PI-GNN_REROUTE"}}, {"type": "Feature", "geometry": {"type": "LineString", "coordinates": [[76.46537, 10.312312], [76.464979, 10.312419]]}, "properties": {"segment_id": "REROUTE-SEG-842", "scenario_stage": 5, "stage_label": "Reroute Executed", "description": "PI-GNN offline reroute manoeuvre complete \u2014 truck on safe path", "begin_time": "2026-07-15T09:05:00+00:00", "end_time": "2026-07-15T09:07:00+00:00", "hazard_coefficient": 0.0056, "hazard_class": "SAFE", "is_critical": false, "route_type": "PI-GNN_REROUTE"}}, {"type": "Feature", "geometry": {"type": "LineString", "coordinates": [[76.464979, 10.312419], [76.464501, 10.312496]]}, "properties": {"segment_id": "REROUTE-SEG-843", "scenario_stage": 5, "stage_label": "Reroute Executed", "description": "PI-GNN offline reroute manoeuvre complete \u2014 truck on safe path", "begin_time": "2026-07-15T09:05:00+00:00", "end_time": "2026-07-15T09:07:00+00:00", "hazard_coefficient": 0.0056, "hazard_class": "SAFE", "is_critical": false, "route_type": "PI-GNN_REROUTE"}}, {"type": "Feature", "geometry": {"type": "LineString", "coordinates": [[76.464501, 10.312496], [76.463915, 10.312469]]}, "properties": {"segment_id": "REROUTE-SEG-844", "scenario_stage": 5, "stage_label": "Reroute Executed", "description": "PI-GNN offline reroute manoeuvre complete \u2014 truck on safe path", "begin_time": "2026-07-15T09:05:00+00:00", "end_time": "2026-07-15T09:07:00+00:00", "hazard_coefficient": 0.0056, "hazard_class": "SAFE", "is_critical": false, "route_type": "PI-GNN_REROUTE"}}, {"type": "Feature", "geometry": {"type": "LineString", "coordinates": [[76.463915, 10.312469], [76.463563, 10.312661]]}, "properties": {"segment_id": "REROUTE-SEG-845", "scenario_stage": 5, "stage_label": "Reroute Executed", "description": "PI-GNN offline reroute manoeuvre complete \u2014 truck on safe path", "begin_time": "2026-07-15T09:05:00+00:00", "end_time": "2026-07-15T09:07:00+00:00", "hazard_coefficient": 0.0056, "hazard_class": "SAFE", "is_critical": false, "route_type": "PI-GNN_REROUTE"}}, {"type": "Feature", "geometry": {"type": "LineString", "coordinates": [[76.463563, 10.312661], [76.463048, 10.312971]]}, "properties": {"segment_id": "REROUTE-SEG-846", "scenario_stage": 5, "stage_label": "Reroute Executed", "description": "PI-GNN offline reroute manoeuvre complete \u2014 truck on safe path", "begin_time": "2026-07-15T09:05:00+00:00", "end_time": "2026-07-15T09:07:00+00:00", "hazard_coefficient": 0.0056, "hazard_class": "SAFE", "is_critical": false, "route_type": "PI-GNN_REROUTE"}}, {"type": "Feature", "geometry": {"type": "LineString", "coordinates": [[76.463048, 10.312971], [76.461994, 10.313354]]}, "properties": {"segment_id": "REROUTE-SEG-847", "scenario_stage": 5, "stage_label": "Reroute Executed", "description": "PI-GNN offline reroute manoeuvre complete \u2014 truck on safe path", "begin_time": "2026-07-15T09:05:00+00:00", "end_time": "2026-07-15T09:07:00+00:00", "hazard_coefficient": 0.0056, "hazard_class": "SAFE", "is_critical": false, "route_type": "PI-GNN_REROUTE"}}, {"type": "Feature", "geometry": {"type": "LineString", "coordinates": [[76.461994, 10.313354], [76.461953, 10.313375]]}, "properties": {"segment_id": "REROUTE-SEG-848", "scenario_stage": 5, "stage_label": "Reroute Executed", "description": "PI-GNN offline reroute manoeuvre complete \u2014 truck on safe path", "begin_time": "2026-07-15T09:05:00+00:00", "end_time": "2026-07-15T09:07:00+00:00", "hazard_coefficient": 0.0056, "hazard_class": "SAFE", "is_critical": false, "route_type": "PI-GNN_REROUTE"}}, {"type": "Feature", "geometry": {"type": "LineString", "coordinates": [[76.461953, 10.313375], [76.461587, 10.313567]]}, "properties": {"segment_id": "REROUTE-SEG-849", "scenario_stage": 5, "stage_label": "Reroute Executed", "description": "PI-GNN offline reroute manoeuvre complete \u2014 truck on safe path", "begin_time": "2026-07-15T09:05:00+00:00", "end_time": "2026-07-15T09:07:00+00:00", "hazard_coefficient": 0.0056, "hazard_class": "SAFE", "is_critical": false, "route_type": "PI-GNN_REROUTE"}}, {"type": "Feature", "geometry": {"type": "LineString", "coordinates": [[76.461587, 10.313567], [76.461068, 10.313839]]}, "properties": {"segment_id": "REROUTE-SEG-850", "scenario_stage": 5, "stage_label": "Reroute Executed", "description": "PI-GNN offline reroute manoeuvre complete \u2014 truck on safe path", "begin_time": "2026-07-15T09:05:00+00:00", "end_time": "2026-07-15T09:07:00+00:00", "hazard_coefficient": 0.0056, "hazard_class": "SAFE", "is_critical": false, "route_type": "PI-GNN_REROUTE"}}, {"type": "Feature", "geometry": {"type": "LineString", "coordinates": [[76.461068, 10.313839], [76.460972, 10.31389]]}, "properties": {"segment_id": "REROUTE-SEG-851", "scenario_stage": 5, "stage_label": "Reroute Executed", "description": "PI-GNN offline reroute manoeuvre complete \u2014 truck on safe path", "begin_time": "2026-07-15T09:05:00+00:00", "end_time": "2026-07-15T09:07:00+00:00", "hazard_coefficient": 0.0056, "hazard_class": "SAFE", "is_critical": false, "route_type": "PI-GNN_REROUTE"}}, {"type": "Feature", "geometry": {"type": "LineString", "coordinates": [[76.460972, 10.31389], [76.460565, 10.314312]]}, "properties": {"segment_id": "REROUTE-SEG-852", "scenario_stage": 5, "stage_label": "Reroute Executed", "description": "PI-GNN offline reroute manoeuvre complete \u2014 truck on safe path", "begin_time": "2026-07-15T09:05:00+00:00", "end_time": "2026-07-15T09:07:00+00:00", "hazard_coefficient": 0.0056, "hazard_class": "SAFE", "is_critical": false, "route_type": "PI-GNN_REROUTE"}}, {"type": "Feature", "geometry": {"type": "LineString", "coordinates": [[76.460565, 10.314312], [76.459663, 10.31484]]}, "properties": {"segment_id": "REROUTE-SEG-853", "scenario_stage": 5, "stage_label": "Reroute Executed", "description": "PI-GNN offline reroute manoeuvre complete \u2014 truck on safe path", "begin_time": "2026-07-15T09:05:00+00:00", "end_time": "2026-07-15T09:07:00+00:00", "hazard_coefficient": 0.0056, "hazard_class": "SAFE", "is_critical": false, "route_type": "PI-GNN_REROUTE"}}, {"type": "Feature", "geometry": {"type": "LineString", "coordinates": [[76.459663, 10.31484], [76.459457, 10.315316]]}, "properties": {"segment_id": "REROUTE-SEG-854", "scenario_stage": 5, "stage_label": "Reroute Executed", "description": "PI-GNN offline reroute manoeuvre complete \u2014 truck on safe path", "begin_time": "2026-07-15T09:05:00+00:00", "end_time": "2026-07-15T09:07:00+00:00", "hazard_coefficient": 0.0056, "hazard_class": "SAFE", "is_critical": false, "route_type": "PI-GNN_REROUTE"}}, {"type": "Feature", "geometry": {"type": "LineString", "coordinates": [[76.459457, 10.315316], [76.459356, 10.315781]]}, "properties": {"segment_id": "REROUTE-SEG-855", "scenario_stage": 5, "stage_label": "Reroute Executed", "description": "PI-GNN offline reroute manoeuvre complete \u2014 truck on safe path", "begin_time": "2026-07-15T09:05:00+00:00", "end_time": "2026-07-15T09:07:00+00:00", "hazard_coefficient": 0.0056, "hazard_class": "SAFE", "is_critical": false, "route_type": "PI-GNN_REROUTE"}}, {"type": "Feature", "geometry": {"type": "LineString", "coordinates": [[76.459356, 10.315781], [76.459053, 10.315949]]}, "properties": {"segment_id": "REROUTE-SEG-856", "scenario_stage": 5, "stage_label": "Reroute Executed", "description": "PI-GNN offline reroute manoeuvre complete \u2014 truck on safe path", "begin_time": "2026-07-15T09:05:00+00:00", "end_time": "2026-07-15T09:07:00+00:00", "hazard_coefficient": 0.0056, "hazard_class": "SAFE", "is_critical": false, "route_type": "PI-GNN_REROUTE"}}, {"type": "Feature", "geometry": {"type": "LineString", "coordinates": [[76.459053, 10.315949], [76.458746, 10.316123]]}, "properties": {"segment_id": "REROUTE-SEG-857", "scenario_stage": 5, "stage_label": "Reroute Executed", "description": "PI-GNN offline reroute manoeuvre complete \u2014 truck on safe path", "begin_time": "2026-07-15T09:05:00+00:00", "end_time": "2026-07-15T09:07:00+00:00", "hazard_coefficient": 0.0056, "hazard_class": "SAFE", "is_critical": false, "route_type": "PI-GNN_REROUTE"}}, {"type": "Feature", "geometry": {"type": "LineString", "coordinates": [[76.458746, 10.316123], [76.457838, 10.31658]]}, "properties": {"segment_id": "REROUTE-SEG-858", "scenario_stage": 5, "stage_label": "Reroute Executed", "description": "PI-GNN offline reroute manoeuvre complete \u2014 truck on safe path", "begin_time": "2026-07-15T09:05:00+00:00", "end_time": "2026-07-15T09:07:00+00:00", "hazard_coefficient": 0.0056, "hazard_class": "SAFE", "is_critical": false, "route_type": "PI-GNN_REROUTE"}}, {"type": "Feature", "geometry": {"type": "LineString", "coordinates": [[76.457838, 10.31658], [76.457632, 10.316702]]}, "properties": {"segment_id": "REROUTE-SEG-859", "scenario_stage": 5, "stage_label": "Reroute Executed", "description": "PI-GNN offline reroute manoeuvre complete \u2014 truck on safe path", "begin_time": "2026-07-15T09:05:00+00:00", "end_time": "2026-07-15T09:07:00+00:00", "hazard_coefficient": 0.0056, "hazard_class": "SAFE", "is_critical": false, "route_type": "PI-GNN_REROUTE"}}, {"type": "Feature", "geometry": {"type": "LineString", "coordinates": [[76.457632, 10.316702], [76.457305, 10.316896]]}, "properties": {"segment_id": "REROUTE-SEG-860", "scenario_stage": 5, "stage_label": "Reroute Executed", "description": "PI-GNN offline reroute manoeuvre complete \u2014 truck on safe path", "begin_time": "2026-07-15T09:05:00+00:00", "end_time": "2026-07-15T09:07:00+00:00", "hazard_coefficient": 0.0056, "hazard_class": "SAFE", "is_critical": false, "route_type": "PI-GNN_REROUTE"}}, {"type": "Feature", "geometry": {"type": "LineString", "coordinates": [[76.457305, 10.316896], [76.456901, 10.317135]]}, "properties": {"segment_id": "REROUTE-SEG-861", "scenario_stage": 5, "stage_label": "Reroute Executed", "description": "PI-GNN offline reroute manoeuvre complete \u2014 truck on safe path", "begin_time": "2026-07-15T09:05:00+00:00", "end_time": "2026-07-15T09:07:00+00:00", "hazard_coefficient": 0.0056, "hazard_class": "SAFE", "is_critical": false, "route_type": "PI-GNN_REROUTE"}}, {"type": "Feature", "geometry": {"type": "LineString", "coordinates": [[76.456901, 10.317135], [76.456299, 10.317492]]}, "properties": {"segment_id": "REROUTE-SEG-862", "scenario_stage": 5, "stage_label": "Reroute Executed", "description": "PI-GNN offline reroute manoeuvre complete \u2014 truck on safe path", "begin_time": "2026-07-15T09:05:00+00:00", "end_time": "2026-07-15T09:07:00+00:00", "hazard_coefficient": 0.0056, "hazard_class": "SAFE", "is_critical": false, "route_type": "PI-GNN_REROUTE"}}, {"type": "Feature", "geometry": {"type": "LineString", "coordinates": [[76.456299, 10.317492], [76.456268, 10.317508]]}, "properties": {"segment_id": "REROUTE-SEG-863", "scenario_stage": 5, "stage_label": "Reroute Executed", "description": "PI-GNN offline reroute manoeuvre complete \u2014 truck on safe path", "begin_time": "2026-07-15T09:05:00+00:00", "end_time": "2026-07-15T09:07:00+00:00", "hazard_coefficient": 0.0056, "hazard_class": "SAFE", "is_critical": false, "route_type": "PI-GNN_REROUTE"}}, {"type": "Feature", "geometry": {"type": "LineString", "coordinates": [[76.456268, 10.317508], [76.456201, 10.317542]]}, "properties": {"segment_id": "REROUTE-SEG-864", "scenario_stage": 5, "stage_label": "Reroute Executed", "description": "PI-GNN offline reroute manoeuvre complete \u2014 truck on safe path", "begin_time": "2026-07-15T09:05:00+00:00", "end_time": "2026-07-15T09:07:00+00:00", "hazard_coefficient": 0.0056, "hazard_class": "SAFE", "is_critical": false, "route_type": "PI-GNN_REROUTE"}}, {"type": "Feature", "geometry": {"type": "LineString", "coordinates": [[76.456201, 10.317542], [76.455813, 10.317719]]}, "properties": {"segment_id": "REROUTE-SEG-865", "scenario_stage": 5, "stage_label": "Reroute Executed", "description": "PI-GNN offline reroute manoeuvre complete \u2014 truck on safe path", "begin_time": "2026-07-15T09:05:00+00:00", "end_time": "2026-07-15T09:07:00+00:00", "hazard_coefficient": 0.0056, "hazard_class": "SAFE", "is_critical": false, "route_type": "PI-GNN_REROUTE"}}, {"type": "Feature", "geometry": {"type": "LineString", "coordinates": [[76.455813, 10.317719], [76.45525, 10.317822]]}, "properties": {"segment_id": "REROUTE-SEG-866", "scenario_stage": 5, "stage_label": "Reroute Executed", "description": "PI-GNN offline reroute manoeuvre complete \u2014 truck on safe path", "begin_time": "2026-07-15T09:05:00+00:00", "end_time": "2026-07-15T09:07:00+00:00", "hazard_coefficient": 0.0056, "hazard_class": "SAFE", "is_critical": false, "route_type": "PI-GNN_REROUTE"}}, {"type": "Feature", "geometry": {"type": "LineString", "coordinates": [[76.45525, 10.317822], [76.454859, 10.317977]]}, "properties": {"segment_id": "REROUTE-SEG-867", "scenario_stage": 5, "stage_label": "Reroute Executed", "description": "PI-GNN offline reroute manoeuvre complete \u2014 truck on safe path", "begin_time": "2026-07-15T09:05:00+00:00", "end_time": "2026-07-15T09:07:00+00:00", "hazard_coefficient": 0.0056, "hazard_class": "SAFE", "is_critical": false, "route_type": "PI-GNN_REROUTE"}}, {"type": "Feature", "geometry": {"type": "LineString", "coordinates": [[76.454859, 10.317977], [76.454632, 10.318059]]}, "properties": {"segment_id": "REROUTE-SEG-868", "scenario_stage": 5, "stage_label": "Reroute Executed", "description": "PI-GNN offline reroute manoeuvre complete \u2014 truck on safe path", "begin_time": "2026-07-15T09:05:00+00:00", "end_time": "2026-07-15T09:07:00+00:00", "hazard_coefficient": 0.0056, "hazard_class": "SAFE", "is_critical": false, "route_type": "PI-GNN_REROUTE"}}, {"type": "Feature", "geometry": {"type": "LineString", "coordinates": [[76.454632, 10.318059], [76.453566, 10.318789]]}, "properties": {"segment_id": "REROUTE-SEG-869", "scenario_stage": 5, "stage_label": "Reroute Executed", "description": "PI-GNN offline reroute manoeuvre complete \u2014 truck on safe path", "begin_time": "2026-07-15T09:05:00+00:00", "end_time": "2026-07-15T09:07:00+00:00", "hazard_coefficient": 0.0056, "hazard_class": "SAFE", "is_critical": false, "route_type": "PI-GNN_REROUTE"}}, {"type": "Feature", "geometry": {"type": "LineString", "coordinates": [[76.453566, 10.318789], [76.453132, 10.319234]]}, "properties": {"segment_id": "REROUTE-SEG-870", "scenario_stage": 5, "stage_label": "Reroute Executed", "description": "PI-GNN offline reroute manoeuvre complete \u2014 truck on safe path", "begin_time": "2026-07-15T09:05:00+00:00", "end_time": "2026-07-15T09:07:00+00:00", "hazard_coefficient": 0.0056, "hazard_class": "SAFE", "is_critical": false, "route_type": "PI-GNN_REROUTE"}}, {"type": "Feature", "geometry": {"type": "LineString", "coordinates": [[76.453132, 10.319234], [76.452477, 10.319903]]}, "properties": {"segment_id": "REROUTE-SEG-871", "scenario_stage": 5, "stage_label": "Reroute Executed", "description": "PI-GNN offline reroute manoeuvre complete \u2014 truck on safe path", "begin_time": "2026-07-15T09:05:00+00:00", "end_time": "2026-07-15T09:07:00+00:00", "hazard_coefficient": 0.0056, "hazard_class": "SAFE", "is_critical": false, "route_type": "PI-GNN_REROUTE"}}, {"type": "Feature", "geometry": {"type": "LineString", "coordinates": [[76.452477, 10.319903], [76.452138, 10.320497]]}, "properties": {"segment_id": "REROUTE-SEG-872", "scenario_stage": 5, "stage_label": "Reroute Executed", "description": "PI-GNN offline reroute manoeuvre complete \u2014 truck on safe path", "begin_time": "2026-07-15T09:05:00+00:00", "end_time": "2026-07-15T09:07:00+00:00", "hazard_coefficient": 0.0056, "hazard_class": "SAFE", "is_critical": false, "route_type": "PI-GNN_REROUTE"}}, {"type": "Feature", "geometry": {"type": "LineString", "coordinates": [[76.452138, 10.320497], [76.450706, 10.321608]]}, "properties": {"segment_id": "REROUTE-SEG-873", "scenario_stage": 5, "stage_label": "Reroute Executed", "description": "PI-GNN offline reroute manoeuvre complete \u2014 truck on safe path", "begin_time": "2026-07-15T09:05:00+00:00", "end_time": "2026-07-15T09:07:00+00:00", "hazard_coefficient": 0.0056, "hazard_class": "SAFE", "is_critical": false, "route_type": "PI-GNN_REROUTE"}}, {"type": "Feature", "geometry": {"type": "LineString", "coordinates": [[76.450706, 10.321608], [76.449972, 10.322531]]}, "properties": {"segment_id": "REROUTE-SEG-874", "scenario_stage": 5, "stage_label": "Reroute Executed", "description": "PI-GNN offline reroute manoeuvre complete \u2014 truck on safe path", "begin_time": "2026-07-15T09:05:00+00:00", "end_time": "2026-07-15T09:07:00+00:00", "hazard_coefficient": 0.0056, "hazard_class": "SAFE", "is_critical": false, "route_type": "PI-GNN_REROUTE"}}, {"type": "Feature", "geometry": {"type": "LineString", "coordinates": [[76.449972, 10.322531], [76.449568, 10.322912]]}, "properties": {"segment_id": "REROUTE-SEG-875", "scenario_stage": 5, "stage_label": "Reroute Executed", "description": "PI-GNN offline reroute manoeuvre complete \u2014 truck on safe path", "begin_time": "2026-07-15T09:05:00+00:00", "end_time": "2026-07-15T09:07:00+00:00", "hazard_coefficient": 0.0056, "hazard_class": "SAFE", "is_critical": false, "route_type": "PI-GNN_REROUTE"}}, {"type": "Feature", "geometry": {"type": "LineString", "coordinates": [[76.449568, 10.322912], [76.44898, 10.323274]]}, "properties": {"segment_id": "REROUTE-SEG-876", "scenario_stage": 5, "stage_label": "Reroute Executed", "description": "PI-GNN offline reroute manoeuvre complete \u2014 truck on safe path", "begin_time": "2026-07-15T09:05:00+00:00", "end_time": "2026-07-15T09:07:00+00:00", "hazard_coefficient": 0.0056, "hazard_class": "SAFE", "is_critical": false, "route_type": "PI-GNN_REROUTE"}}, {"type": "Feature", "geometry": {"type": "LineString", "coordinates": [[76.44898, 10.323274], [76.447826, 10.323754]]}, "properties": {"segment_id": "REROUTE-SEG-877", "scenario_stage": 5, "stage_label": "Reroute Executed", "description": "PI-GNN offline reroute manoeuvre complete \u2014 truck on safe path", "begin_time": "2026-07-15T09:05:00+00:00", "end_time": "2026-07-15T09:07:00+00:00", "hazard_coefficient": 0.0056, "hazard_class": "SAFE", "is_critical": false, "route_type": "PI-GNN_REROUTE"}}, {"type": "Feature", "geometry": {"type": "LineString", "coordinates": [[76.447826, 10.323754], [76.447357, 10.324139]]}, "properties": {"segment_id": "REROUTE-SEG-878", "scenario_stage": 5, "stage_label": "Reroute Executed", "description": "PI-GNN offline reroute manoeuvre complete \u2014 truck on safe path", "begin_time": "2026-07-15T09:05:00+00:00", "end_time": "2026-07-15T09:07:00+00:00", "hazard_coefficient": 0.0056, "hazard_class": "SAFE", "is_critical": false, "route_type": "PI-GNN_REROUTE"}}, {"type": "Feature", "geometry": {"type": "LineString", "coordinates": [[76.447357, 10.324139], [76.446684, 10.324616]]}, "properties": {"segment_id": "REROUTE-SEG-879", "scenario_stage": 5, "stage_label": "Reroute Executed", "description": "PI-GNN offline reroute manoeuvre complete \u2014 truck on safe path", "begin_time": "2026-07-15T09:05:00+00:00", "end_time": "2026-07-15T09:07:00+00:00", "hazard_coefficient": 0.0056, "hazard_class": "SAFE", "is_critical": false, "route_type": "PI-GNN_REROUTE"}}, {"type": "Feature", "geometry": {"type": "LineString", "coordinates": [[76.446684, 10.324616], [76.445443, 10.325352]]}, "properties": {"segment_id": "REROUTE-SEG-880", "scenario_stage": 5, "stage_label": "Reroute Executed", "description": "PI-GNN offline reroute manoeuvre complete \u2014 truck on safe path", "begin_time": "2026-07-15T09:05:00+00:00", "end_time": "2026-07-15T09:07:00+00:00", "hazard_coefficient": 0.0056, "hazard_class": "SAFE", "is_critical": false, "route_type": "PI-GNN_REROUTE"}}, {"type": "Feature", "geometry": {"type": "LineString", "coordinates": [[76.445443, 10.325352], [76.444646, 10.325706]]}, "properties": {"segment_id": "REROUTE-SEG-881", "scenario_stage": 5, "stage_label": "Reroute Executed", "description": "PI-GNN offline reroute manoeuvre complete \u2014 truck on safe path", "begin_time": "2026-07-15T09:05:00+00:00", "end_time": "2026-07-15T09:07:00+00:00", "hazard_coefficient": 0.0056, "hazard_class": "SAFE", "is_critical": false, "route_type": "PI-GNN_REROUTE"}}, {"type": "Feature", "geometry": {"type": "LineString", "coordinates": [[76.444646, 10.325706], [76.443978, 10.326023]]}, "properties": {"segment_id": "REROUTE-SEG-882", "scenario_stage": 5, "stage_label": "Reroute Executed", "description": "PI-GNN offline reroute manoeuvre complete \u2014 truck on safe path", "begin_time": "2026-07-15T09:05:00+00:00", "end_time": "2026-07-15T09:07:00+00:00", "hazard_coefficient": 0.0056, "hazard_class": "SAFE", "is_critical": false, "route_type": "PI-GNN_REROUTE"}}, {"type": "Feature", "geometry": {"type": "LineString", "coordinates": [[76.443978, 10.326023], [76.443677, 10.326123]]}, "properties": {"segment_id": "REROUTE-SEG-883", "scenario_stage": 5, "stage_label": "Reroute Executed", "description": "PI-GNN offline reroute manoeuvre complete \u2014 truck on safe path", "begin_time": "2026-07-15T09:05:00+00:00", "end_time": "2026-07-15T09:07:00+00:00", "hazard_coefficient": 0.0056, "hazard_class": "SAFE", "is_critical": false, "route_type": "PI-GNN_REROUTE"}}, {"type": "Feature", "geometry": {"type": "LineString", "coordinates": [[76.443677, 10.326123], [76.443098, 10.326277]]}, "properties": {"segment_id": "REROUTE-SEG-884", "scenario_stage": 5, "stage_label": "Reroute Executed", "description": "PI-GNN offline reroute manoeuvre complete \u2014 truck on safe path", "begin_time": "2026-07-15T09:05:00+00:00", "end_time": "2026-07-15T09:07:00+00:00", "hazard_coefficient": 0.0056, "hazard_class": "SAFE", "is_critical": false, "route_type": "PI-GNN_REROUTE"}}, {"type": "Feature", "geometry": {"type": "LineString", "coordinates": [[76.443098, 10.326277], [76.442713, 10.326307]]}, "properties": {"segment_id": "REROUTE-SEG-885", "scenario_stage": 5, "stage_label": "Reroute Executed", "description": "PI-GNN offline reroute manoeuvre complete \u2014 truck on safe path", "begin_time": "2026-07-15T09:05:00+00:00", "end_time": "2026-07-15T09:07:00+00:00", "hazard_coefficient": 0.0056, "hazard_class": "SAFE", "is_critical": false, "route_type": "PI-GNN_REROUTE"}}, {"type": "Feature", "geometry": {"type": "LineString", "coordinates": [[76.442713, 10.326307], [76.441988, 10.326542]]}, "properties": {"segment_id": "REROUTE-SEG-886", "scenario_stage": 5, "stage_label": "Reroute Executed", "description": "PI-GNN offline reroute manoeuvre complete \u2014 truck on safe path", "begin_time": "2026-07-15T09:05:00+00:00", "end_time": "2026-07-15T09:07:00+00:00", "hazard_coefficient": 0.0056, "hazard_class": "SAFE", "is_critical": false, "route_type": "PI-GNN_REROUTE"}}, {"type": "Feature", "geometry": {"type": "LineString", "coordinates": [[76.441988, 10.326542], [76.440655, 10.32661]]}, "properties": {"segment_id": "REROUTE-SEG-887", "scenario_stage": 5, "stage_label": "Reroute Executed", "description": "PI-GNN offline reroute manoeuvre complete \u2014 truck on safe path", "begin_time": "2026-07-15T09:05:00+00:00", "end_time": "2026-07-15T09:07:00+00:00", "hazard_coefficient": 0.0056, "hazard_class": "SAFE", "is_critical": false, "route_type": "PI-GNN_REROUTE"}}, {"type": "Feature", "geometry": {"type": "LineString", "coordinates": [[76.440655, 10.32661], [76.440153, 10.32654]]}, "properties": {"segment_id": "REROUTE-SEG-888", "scenario_stage": 5, "stage_label": "Reroute Executed", "description": "PI-GNN offline reroute manoeuvre complete \u2014 truck on safe path", "begin_time": "2026-07-15T09:05:00+00:00", "end_time": "2026-07-15T09:07:00+00:00", "hazard_coefficient": 0.0056, "hazard_class": "SAFE", "is_critical": false, "route_type": "PI-GNN_REROUTE"}}, {"type": "Feature", "geometry": {"type": "LineString", "coordinates": [[76.440153, 10.32654], [76.439992, 10.326395]]}, "properties": {"segment_id": "REROUTE-SEG-889", "scenario_stage": 5, "stage_label": "Reroute Executed", "description": "PI-GNN offline reroute manoeuvre complete \u2014 truck on safe path", "begin_time": "2026-07-15T09:05:00+00:00", "end_time": "2026-07-15T09:07:00+00:00", "hazard_coefficient": 0.0056, "hazard_class": "SAFE", "is_critical": false, "route_type": "PI-GNN_REROUTE"}}, {"type": "Feature", "geometry": {"type": "LineString", "coordinates": [[76.439992, 10.326395], [76.439761, 10.326334]]}, "properties": {"segment_id": "REROUTE-SEG-890", "scenario_stage": 5, "stage_label": "Reroute Executed", "description": "PI-GNN offline reroute manoeuvre complete \u2014 truck on safe path", "begin_time": "2026-07-15T09:05:00+00:00", "end_time": "2026-07-15T09:07:00+00:00", "hazard_coefficient": 0.0056, "hazard_class": "SAFE", "is_critical": false, "route_type": "PI-GNN_REROUTE"}}, {"type": "Feature", "geometry": {"type": "LineString", "coordinates": [[76.439761, 10.326334], [76.439151, 10.326479]]}, "properties": {"segment_id": "REROUTE-SEG-891", "scenario_stage": 5, "stage_label": "Reroute Executed", "description": "PI-GNN offline reroute manoeuvre complete \u2014 truck on safe path", "begin_time": "2026-07-15T09:05:00+00:00", "end_time": "2026-07-15T09:07:00+00:00", "hazard_coefficient": 0.0056, "hazard_class": "SAFE", "is_critical": false, "route_type": "PI-GNN_REROUTE"}}, {"type": "Feature", "geometry": {"type": "LineString", "coordinates": [[76.439151, 10.326479], [76.437868, 10.32701]]}, "properties": {"segment_id": "REROUTE-SEG-892", "scenario_stage": 5, "stage_label": "Reroute Executed", "description": "PI-GNN offline reroute manoeuvre complete \u2014 truck on safe path", "begin_time": "2026-07-15T09:05:00+00:00", "end_time": "2026-07-15T09:07:00+00:00", "hazard_coefficient": 0.0056, "hazard_class": "SAFE", "is_critical": false, "route_type": "PI-GNN_REROUTE"}}, {"type": "Feature", "geometry": {"type": "LineString", "coordinates": [[76.437868, 10.32701], [76.437465, 10.327052]]}, "properties": {"segment_id": "REROUTE-SEG-893", "scenario_stage": 5, "stage_label": "Reroute Executed", "description": "PI-GNN offline reroute manoeuvre complete \u2014 truck on safe path", "begin_time": "2026-07-15T09:05:00+00:00", "end_time": "2026-07-15T09:07:00+00:00", "hazard_coefficient": 0.0056, "hazard_class": "SAFE", "is_critical": false, "route_type": "PI-GNN_REROUTE"}}, {"type": "Feature", "geometry": {"type": "LineString", "coordinates": [[76.437465, 10.327052], [76.437068, 10.327274]]}, "properties": {"segment_id": "REROUTE-SEG-894", "scenario_stage": 5, "stage_label": "Reroute Executed", "description": "PI-GNN offline reroute manoeuvre complete \u2014 truck on safe path", "begin_time": "2026-07-15T09:05:00+00:00", "end_time": "2026-07-15T09:07:00+00:00", "hazard_coefficient": 0.0056, "hazard_class": "SAFE", "is_critical": false, "route_type": "PI-GNN_REROUTE"}}, {"type": "Feature", "geometry": {"type": "LineString", "coordinates": [[76.437068, 10.327274], [76.436435, 10.327949]]}, "properties": {"segment_id": "REROUTE-SEG-895", "scenario_stage": 5, "stage_label": "Reroute Executed", "description": "PI-GNN offline reroute manoeuvre complete \u2014 truck on safe path", "begin_time": "2026-07-15T09:05:00+00:00", "end_time": "2026-07-15T09:07:00+00:00", "hazard_coefficient": 0.0056, "hazard_class": "SAFE", "is_critical": false, "route_type": "PI-GNN_REROUTE"}}, {"type": "Feature", "geometry": {"type": "LineString", "coordinates": [[76.436435, 10.327949], [76.436382, 10.327979]]}, "properties": {"segment_id": "REROUTE-SEG-896", "scenario_stage": 5, "stage_label": "Reroute Executed", "description": "PI-GNN offline reroute manoeuvre complete \u2014 truck on safe path", "begin_time": "2026-07-15T09:05:00+00:00", "end_time": "2026-07-15T09:07:00+00:00", "hazard_coefficient": 0.0056, "hazard_class": "SAFE", "is_critical": false, "route_type": "PI-GNN_REROUTE"}}, {"type": "Feature", "geometry": {"type": "LineString", "coordinates": [[76.436382, 10.327979], [76.436148, 10.328095]]}, "properties": {"segment_id": "REROUTE-SEG-897", "scenario_stage": 5, "stage_label": "Reroute Executed", "description": "PI-GNN offline reroute manoeuvre complete \u2014 truck on safe path", "begin_time": "2026-07-15T09:05:00+00:00", "end_time": "2026-07-15T09:07:00+00:00", "hazard_coefficient": 0.0056, "hazard_class": "SAFE", "is_critical": false, "route_type": "PI-GNN_REROUTE"}}, {"type": "Feature", "geometry": {"type": "LineString", "coordinates": [[76.436148, 10.328095], [76.435881, 10.328194]]}, "properties": {"segment_id": "REROUTE-SEG-898", "scenario_stage": 5, "stage_label": "Reroute Executed", "description": "PI-GNN offline reroute manoeuvre complete \u2014 truck on safe path", "begin_time": "2026-07-15T09:05:00+00:00", "end_time": "2026-07-15T09:07:00+00:00", "hazard_coefficient": 0.0056, "hazard_class": "SAFE", "is_critical": false, "route_type": "PI-GNN_REROUTE"}}, {"type": "Feature", "geometry": {"type": "LineString", "coordinates": [[76.435881, 10.328194], [76.434769, 10.32825]]}, "properties": {"segment_id": "REROUTE-SEG-899", "scenario_stage": 5, "stage_label": "Reroute Executed", "description": "PI-GNN offline reroute manoeuvre complete \u2014 truck on safe path", "begin_time": "2026-07-15T09:05:00+00:00", "end_time": "2026-07-15T09:07:00+00:00", "hazard_coefficient": 0.0056, "hazard_class": "SAFE", "is_critical": false, "route_type": "PI-GNN_REROUTE"}}, {"type": "Feature", "geometry": {"type": "LineString", "coordinates": [[76.434769, 10.32825], [76.434272, 10.328314]]}, "properties": {"segment_id": "REROUTE-SEG-900", "scenario_stage": 5, "stage_label": "Reroute Executed", "description": "PI-GNN offline reroute manoeuvre complete \u2014 truck on safe path", "begin_time": "2026-07-15T09:05:00+00:00", "end_time": "2026-07-15T09:07:00+00:00", "hazard_coefficient": 0.0056, "hazard_class": "SAFE", "is_critical": false, "route_type": "PI-GNN_REROUTE"}}, {"type": "Feature", "geometry": {"type": "LineString", "coordinates": [[76.434272, 10.328314], [76.433808, 10.328374]]}, "properties": {"segment_id": "REROUTE-SEG-901", "scenario_stage": 5, "stage_label": "Reroute Executed", "description": "PI-GNN offline reroute manoeuvre complete \u2014 truck on safe path", "begin_time": "2026-07-15T09:05:00+00:00", "end_time": "2026-07-15T09:07:00+00:00", "hazard_coefficient": 0.0056, "hazard_class": "SAFE", "is_critical": false, "route_type": "PI-GNN_REROUTE"}}, {"type": "Feature", "geometry": {"type": "LineString", "coordinates": [[76.433808, 10.328374], [76.433472, 10.328385]]}, "properties": {"segment_id": "REROUTE-SEG-902", "scenario_stage": 5, "stage_label": "Reroute Executed", "description": "PI-GNN offline reroute manoeuvre complete \u2014 truck on safe path", "begin_time": "2026-07-15T09:05:00+00:00", "end_time": "2026-07-15T09:07:00+00:00", "hazard_coefficient": 0.0056, "hazard_class": "SAFE", "is_critical": false, "route_type": "PI-GNN_REROUTE"}}, {"type": "Feature", "geometry": {"type": "LineString", "coordinates": [[76.433472, 10.328385], [76.433061, 10.328398]]}, "properties": {"segment_id": "REROUTE-SEG-903", "scenario_stage": 5, "stage_label": "Reroute Executed", "description": "PI-GNN offline reroute manoeuvre complete \u2014 truck on safe path", "begin_time": "2026-07-15T09:05:00+00:00", "end_time": "2026-07-15T09:07:00+00:00", "hazard_coefficient": 0.0056, "hazard_class": "SAFE", "is_critical": false, "route_type": "PI-GNN_REROUTE"}}, {"type": "Feature", "geometry": {"type": "LineString", "coordinates": [[76.433061, 10.328398], [76.432791, 10.328372]]}, "properties": {"segment_id": "REROUTE-SEG-904", "scenario_stage": 5, "stage_label": "Reroute Executed", "description": "PI-GNN offline reroute manoeuvre complete \u2014 truck on safe path", "begin_time": "2026-07-15T09:05:00+00:00", "end_time": "2026-07-15T09:07:00+00:00", "hazard_coefficient": 0.0056, "hazard_class": "SAFE", "is_critical": false, "route_type": "PI-GNN_REROUTE"}}, {"type": "Feature", "geometry": {"type": "LineString", "coordinates": [[76.432791, 10.328372], [76.43243, 10.328339]]}, "properties": {"segment_id": "REROUTE-SEG-905", "scenario_stage": 5, "stage_label": "Reroute Executed", "description": "PI-GNN offline reroute manoeuvre complete \u2014 truck on safe path", "begin_time": "2026-07-15T09:05:00+00:00", "end_time": "2026-07-15T09:07:00+00:00", "hazard_coefficient": 0.0056, "hazard_class": "SAFE", "is_critical": false, "route_type": "PI-GNN_REROUTE"}}, {"type": "Feature", "geometry": {"type": "LineString", "coordinates": [[76.43243, 10.328339], [76.431851, 10.328433]]}, "properties": {"segment_id": "REROUTE-SEG-906", "scenario_stage": 5, "stage_label": "Reroute Executed", "description": "PI-GNN offline reroute manoeuvre complete \u2014 truck on safe path", "begin_time": "2026-07-15T09:05:00+00:00", "end_time": "2026-07-15T09:07:00+00:00", "hazard_coefficient": 0.0056, "hazard_class": "SAFE", "is_critical": false, "route_type": "PI-GNN_REROUTE"}}, {"type": "Feature", "geometry": {"type": "LineString", "coordinates": [[76.431851, 10.328433], [76.431562, 10.328419]]}, "properties": {"segment_id": "REROUTE-SEG-907", "scenario_stage": 5, "stage_label": "Reroute Executed", "description": "PI-GNN offline reroute manoeuvre complete \u2014 truck on safe path", "begin_time": "2026-07-15T09:05:00+00:00", "end_time": "2026-07-15T09:07:00+00:00", "hazard_coefficient": 0.0056, "hazard_class": "SAFE", "is_critical": false, "route_type": "PI-GNN_REROUTE"}}, {"type": "Feature", "geometry": {"type": "LineString", "coordinates": [[76.431562, 10.328419], [76.43102, 10.328295]]}, "properties": {"segment_id": "REROUTE-SEG-908", "scenario_stage": 5, "stage_label": "Reroute Executed", "description": "PI-GNN offline reroute manoeuvre complete \u2014 truck on safe path", "begin_time": "2026-07-15T09:05:00+00:00", "end_time": "2026-07-15T09:07:00+00:00", "hazard_coefficient": 0.0056, "hazard_class": "SAFE", "is_critical": false, "route_type": "PI-GNN_REROUTE"}}, {"type": "Feature", "geometry": {"type": "LineString", "coordinates": [[76.43102, 10.328295], [76.430683, 10.328286]]}, "properties": {"segment_id": "REROUTE-SEG-909", "scenario_stage": 5, "stage_label": "Reroute Executed", "description": "PI-GNN offline reroute manoeuvre complete \u2014 truck on safe path", "begin_time": "2026-07-15T09:05:00+00:00", "end_time": "2026-07-15T09:07:00+00:00", "hazard_coefficient": 0.0056, "hazard_class": "SAFE", "is_critical": false, "route_type": "PI-GNN_REROUTE"}}, {"type": "Feature", "geometry": {"type": "LineString", "coordinates": [[76.430683, 10.328286], [76.430455, 10.328307]]}, "properties": {"segment_id": "REROUTE-SEG-910", "scenario_stage": 5, "stage_label": "Reroute Executed", "description": "PI-GNN offline reroute manoeuvre complete \u2014 truck on safe path", "begin_time": "2026-07-15T09:05:00+00:00", "end_time": "2026-07-15T09:07:00+00:00", "hazard_coefficient": 0.0056, "hazard_class": "SAFE", "is_critical": false, "route_type": "PI-GNN_REROUTE"}}, {"type": "Feature", "geometry": {"type": "LineString", "coordinates": [[76.430455, 10.328307], [76.430436, 10.328483]]}, "properties": {"segment_id": "REROUTE-SEG-911", "scenario_stage": 5, "stage_label": "Reroute Executed", "description": "PI-GNN offline reroute manoeuvre complete \u2014 truck on safe path", "begin_time": "2026-07-15T09:05:00+00:00", "end_time": "2026-07-15T09:07:00+00:00", "hazard_coefficient": 0.0056, "hazard_class": "SAFE", "is_critical": false, "route_type": "PI-GNN_REROUTE"}}, {"type": "Feature", "geometry": {"type": "LineString", "coordinates": [[76.430436, 10.328483], [76.430439, 10.328765]]}, "properties": {"segment_id": "REROUTE-SEG-912", "scenario_stage": 5, "stage_label": "Reroute Executed", "description": "PI-GNN offline reroute manoeuvre complete \u2014 truck on safe path", "begin_time": "2026-07-15T09:05:00+00:00", "end_time": "2026-07-15T09:07:00+00:00", "hazard_coefficient": 0.0056, "hazard_class": "SAFE", "is_critical": false, "route_type": "PI-GNN_REROUTE"}}, {"type": "Feature", "geometry": {"type": "LineString", "coordinates": [[76.430439, 10.328765], [76.43071, 10.329868]]}, "properties": {"segment_id": "REROUTE-SEG-913", "scenario_stage": 5, "stage_label": "Reroute Executed", "description": "PI-GNN offline reroute manoeuvre complete \u2014 truck on safe path", "begin_time": "2026-07-15T09:05:00+00:00", "end_time": "2026-07-15T09:07:00+00:00", "hazard_coefficient": 0.0056, "hazard_class": "SAFE", "is_critical": false, "route_type": "PI-GNN_REROUTE"}}, {"type": "Feature", "geometry": {"type": "LineString", "coordinates": [[76.43071, 10.329868], [76.43079, 10.330042]]}, "properties": {"segment_id": "REROUTE-SEG-914", "scenario_stage": 5, "stage_label": "Reroute Executed", "description": "PI-GNN offline reroute manoeuvre complete \u2014 truck on safe path", "begin_time": "2026-07-15T09:05:00+00:00", "end_time": "2026-07-15T09:07:00+00:00", "hazard_coefficient": 0.0056, "hazard_class": "SAFE", "is_critical": false, "route_type": "PI-GNN_REROUTE"}}, {"type": "Feature", "geometry": {"type": "LineString", "coordinates": [[76.43079, 10.330042], [76.43101, 10.330389]]}, "properties": {"segment_id": "REROUTE-SEG-915", "scenario_stage": 5, "stage_label": "Reroute Executed", "description": "PI-GNN offline reroute manoeuvre complete \u2014 truck on safe path", "begin_time": "2026-07-15T09:05:00+00:00", "end_time": "2026-07-15T09:07:00+00:00", "hazard_coefficient": 0.0056, "hazard_class": "SAFE", "is_critical": false, "route_type": "PI-GNN_REROUTE"}}, {"type": "Feature", "geometry": {"type": "LineString", "coordinates": [[76.43101, 10.330389], [76.431115, 10.330538]]}, "properties": {"segment_id": "REROUTE-SEG-916", "scenario_stage": 5, "stage_label": "Reroute Executed", "description": "PI-GNN offline reroute manoeuvre complete \u2014 truck on safe path", "begin_time": "2026-07-15T09:05:00+00:00", "end_time": "2026-07-15T09:07:00+00:00", "hazard_coefficient": 0.0056, "hazard_class": "SAFE", "is_critical": false, "route_type": "PI-GNN_REROUTE"}}, {"type": "Feature", "geometry": {"type": "LineString", "coordinates": [[76.431115, 10.330538], [76.431209, 10.330773]]}, "properties": {"segment_id": "REROUTE-SEG-917", "scenario_stage": 5, "stage_label": "Reroute Executed", "description": "PI-GNN offline reroute manoeuvre complete \u2014 truck on safe path", "begin_time": "2026-07-15T09:05:00+00:00", "end_time": "2026-07-15T09:07:00+00:00", "hazard_coefficient": 0.0056, "hazard_class": "SAFE", "is_critical": false, "route_type": "PI-GNN_REROUTE"}}, {"type": "Feature", "geometry": {"type": "LineString", "coordinates": [[76.431209, 10.330773], [76.431214, 10.330979]]}, "properties": {"segment_id": "REROUTE-SEG-918", "scenario_stage": 5, "stage_label": "Reroute Executed", "description": "PI-GNN offline reroute manoeuvre complete \u2014 truck on safe path", "begin_time": "2026-07-15T09:05:00+00:00", "end_time": "2026-07-15T09:07:00+00:00", "hazard_coefficient": 0.0056, "hazard_class": "SAFE", "is_critical": false, "route_type": "PI-GNN_REROUTE"}}, {"type": "Feature", "geometry": {"type": "LineString", "coordinates": [[76.431214, 10.330979], [76.431166, 10.33124]]}, "properties": {"segment_id": "REROUTE-SEG-919", "scenario_stage": 5, "stage_label": "Reroute Executed", "description": "PI-GNN offline reroute manoeuvre complete \u2014 truck on safe path", "begin_time": "2026-07-15T09:05:00+00:00", "end_time": "2026-07-15T09:07:00+00:00", "hazard_coefficient": 0.0056, "hazard_class": "SAFE", "is_critical": false, "route_type": "PI-GNN_REROUTE"}}, {"type": "Feature", "geometry": {"type": "LineString", "coordinates": [[76.431166, 10.33124], [76.431096, 10.331562]]}, "properties": {"segment_id": "REROUTE-SEG-920", "scenario_stage": 5, "stage_label": "Reroute Executed", "description": "PI-GNN offline reroute manoeuvre complete \u2014 truck on safe path", "begin_time": "2026-07-15T09:05:00+00:00", "end_time": "2026-07-15T09:07:00+00:00", "hazard_coefficient": 0.0056, "hazard_class": "SAFE", "is_critical": false, "route_type": "PI-GNN_REROUTE"}}, {"type": "Feature", "geometry": {"type": "LineString", "coordinates": [[76.431096, 10.331562], [76.430839, 10.332164]]}, "properties": {"segment_id": "REROUTE-SEG-921", "scenario_stage": 5, "stage_label": "Reroute Executed", "description": "PI-GNN offline reroute manoeuvre complete \u2014 truck on safe path", "begin_time": "2026-07-15T09:05:00+00:00", "end_time": "2026-07-15T09:07:00+00:00", "hazard_coefficient": 0.0056, "hazard_class": "SAFE", "is_critical": false, "route_type": "PI-GNN_REROUTE"}}, {"type": "Feature", "geometry": {"type": "LineString", "coordinates": [[76.430839, 10.332164], [76.430184, 10.332166]]}, "properties": {"segment_id": "REROUTE-SEG-922", "scenario_stage": 5, "stage_label": "Reroute Executed", "description": "PI-GNN offline reroute manoeuvre complete \u2014 truck on safe path", "begin_time": "2026-07-15T09:05:00+00:00", "end_time": "2026-07-15T09:07:00+00:00", "hazard_coefficient": 0.0056, "hazard_class": "SAFE", "is_critical": false, "route_type": "PI-GNN_REROUTE"}}, {"type": "Feature", "geometry": {"type": "LineString", "coordinates": [[76.430184, 10.332166], [76.430094, 10.332159]]}, "properties": {"segment_id": "REROUTE-SEG-923", "scenario_stage": 5, "stage_label": "Reroute Executed", "description": "PI-GNN offline reroute manoeuvre complete \u2014 truck on safe path", "begin_time": "2026-07-15T09:05:00+00:00", "end_time": "2026-07-15T09:07:00+00:00", "hazard_coefficient": 0.0056, "hazard_class": "SAFE", "is_critical": false, "route_type": "PI-GNN_REROUTE"}}, {"type": "Feature", "geometry": {"type": "LineString", "coordinates": [[76.430094, 10.332159], [76.429826, 10.332168]]}, "properties": {"segment_id": "REROUTE-SEG-924", "scenario_stage": 5, "stage_label": "Reroute Executed", "description": "PI-GNN offline reroute manoeuvre complete \u2014 truck on safe path", "begin_time": "2026-07-15T09:05:00+00:00", "end_time": "2026-07-15T09:07:00+00:00", "hazard_coefficient": 0.0056, "hazard_class": "SAFE", "is_critical": false, "route_type": "PI-GNN_REROUTE"}}, {"type": "Feature", "geometry": {"type": "LineString", "coordinates": [[76.429826, 10.332168], [76.429534, 10.332181]]}, "properties": {"segment_id": "REROUTE-SEG-925", "scenario_stage": 5, "stage_label": "Reroute Executed", "description": "PI-GNN offline reroute manoeuvre complete \u2014 truck on safe path", "begin_time": "2026-07-15T09:05:00+00:00", "end_time": "2026-07-15T09:07:00+00:00", "hazard_coefficient": 0.0056, "hazard_class": "SAFE", "is_critical": false, "route_type": "PI-GNN_REROUTE"}}, {"type": "Feature", "geometry": {"type": "LineString", "coordinates": [[76.429534, 10.332181], [76.429162, 10.33218]]}, "properties": {"segment_id": "REROUTE-SEG-926", "scenario_stage": 5, "stage_label": "Reroute Executed", "description": "PI-GNN offline reroute manoeuvre complete \u2014 truck on safe path", "begin_time": "2026-07-15T09:05:00+00:00", "end_time": "2026-07-15T09:07:00+00:00", "hazard_coefficient": 0.0056, "hazard_class": "SAFE", "is_critical": false, "route_type": "PI-GNN_REROUTE"}}, {"type": "Feature", "geometry": {"type": "LineString", "coordinates": [[76.429162, 10.33218], [76.428738, 10.332154]]}, "properties": {"segment_id": "REROUTE-SEG-927", "scenario_stage": 5, "stage_label": "Reroute Executed", "description": "PI-GNN offline reroute manoeuvre complete \u2014 truck on safe path", "begin_time": "2026-07-15T09:05:00+00:00", "end_time": "2026-07-15T09:07:00+00:00", "hazard_coefficient": 0.0056, "hazard_class": "SAFE", "is_critical": false, "route_type": "PI-GNN_REROUTE"}}, {"type": "Feature", "geometry": {"type": "LineString", "coordinates": [[76.428738, 10.332154], [76.428387, 10.332165]]}, "properties": {"segment_id": "REROUTE-SEG-928", "scenario_stage": 5, "stage_label": "Reroute Executed", "description": "PI-GNN offline reroute manoeuvre complete \u2014 truck on safe path", "begin_time": "2026-07-15T09:05:00+00:00", "end_time": "2026-07-15T09:07:00+00:00", "hazard_coefficient": 0.0056, "hazard_class": "SAFE", "is_critical": false, "route_type": "PI-GNN_REROUTE"}}, {"type": "Feature", "geometry": {"type": "LineString", "coordinates": [[76.428387, 10.332165], [76.427983, 10.332192]]}, "properties": {"segment_id": "REROUTE-SEG-929", "scenario_stage": 5, "stage_label": "Reroute Executed", "description": "PI-GNN offline reroute manoeuvre complete \u2014 truck on safe path", "begin_time": "2026-07-15T09:05:00+00:00", "end_time": "2026-07-15T09:07:00+00:00", "hazard_coefficient": 0.0056, "hazard_class": "SAFE", "is_critical": false, "route_type": "PI-GNN_REROUTE"}}, {"type": "Feature", "geometry": {"type": "LineString", "coordinates": [[76.427983, 10.332192], [76.427747, 10.332213]]}, "properties": {"segment_id": "REROUTE-SEG-930", "scenario_stage": 5, "stage_label": "Reroute Executed", "description": "PI-GNN offline reroute manoeuvre complete \u2014 truck on safe path", "begin_time": "2026-07-15T09:05:00+00:00", "end_time": "2026-07-15T09:07:00+00:00", "hazard_coefficient": 0.0056, "hazard_class": "SAFE", "is_critical": false, "route_type": "PI-GNN_REROUTE"}}, {"type": "Feature", "geometry": {"type": "LineString", "coordinates": [[76.427747, 10.332213], [76.427436, 10.332239]]}, "properties": {"segment_id": "REROUTE-SEG-931", "scenario_stage": 5, "stage_label": "Reroute Executed", "description": "PI-GNN offline reroute manoeuvre complete \u2014 truck on safe path", "begin_time": "2026-07-15T09:05:00+00:00", "end_time": "2026-07-15T09:07:00+00:00", "hazard_coefficient": 0.0056, "hazard_class": "SAFE", "is_critical": false, "route_type": "PI-GNN_REROUTE"}}, {"type": "Feature", "geometry": {"type": "LineString", "coordinates": [[76.427436, 10.332239], [76.427061, 10.332206]]}, "properties": {"segment_id": "REROUTE-SEG-932", "scenario_stage": 5, "stage_label": "Reroute Executed", "description": "PI-GNN offline reroute manoeuvre complete \u2014 truck on safe path", "begin_time": "2026-07-15T09:05:00+00:00", "end_time": "2026-07-15T09:07:00+00:00", "hazard_coefficient": 0.0056, "hazard_class": "SAFE", "is_critical": false, "route_type": "PI-GNN_REROUTE"}}, {"type": "Feature", "geometry": {"type": "LineString", "coordinates": [[76.427061, 10.332206], [76.426695, 10.332184]]}, "properties": {"segment_id": "REROUTE-SEG-933", "scenario_stage": 5, "stage_label": "Reroute Executed", "description": "PI-GNN offline reroute manoeuvre complete \u2014 truck on safe path", "begin_time": "2026-07-15T09:05:00+00:00", "end_time": "2026-07-15T09:07:00+00:00", "hazard_coefficient": 0.0056, "hazard_class": "SAFE", "is_critical": false, "route_type": "PI-GNN_REROUTE"}}, {"type": "Feature", "geometry": {"type": "LineString", "coordinates": [[76.426695, 10.332184], [76.42642, 10.332115]]}, "properties": {"segment_id": "REROUTE-SEG-934", "scenario_stage": 5, "stage_label": "Reroute Executed", "description": "PI-GNN offline reroute manoeuvre complete \u2014 truck on safe path", "begin_time": "2026-07-15T09:05:00+00:00", "end_time": "2026-07-15T09:07:00+00:00", "hazard_coefficient": 0.0056, "hazard_class": "SAFE", "is_critical": false, "route_type": "PI-GNN_REROUTE"}}, {"type": "Feature", "geometry": {"type": "LineString", "coordinates": [[76.42642, 10.332115], [76.426303, 10.332099]]}, "properties": {"segment_id": "REROUTE-SEG-935", "scenario_stage": 5, "stage_label": "Reroute Executed", "description": "PI-GNN offline reroute manoeuvre complete \u2014 truck on safe path", "begin_time": "2026-07-15T09:05:00+00:00", "end_time": "2026-07-15T09:07:00+00:00", "hazard_coefficient": 0.0056, "hazard_class": "SAFE", "is_critical": false, "route_type": "PI-GNN_REROUTE"}}, {"type": "Feature", "geometry": {"type": "LineString", "coordinates": [[76.426303, 10.332099], [76.426086, 10.332088]]}, "properties": {"segment_id": "REROUTE-SEG-936", "scenario_stage": 5, "stage_label": "Reroute Executed", "description": "PI-GNN offline reroute manoeuvre complete \u2014 truck on safe path", "begin_time": "2026-07-15T09:05:00+00:00", "end_time": "2026-07-15T09:07:00+00:00", "hazard_coefficient": 0.0056, "hazard_class": "SAFE", "is_critical": false, "route_type": "PI-GNN_REROUTE"}}, {"type": "Feature", "geometry": {"type": "LineString", "coordinates": [[76.426086, 10.332088], [76.426046, 10.332094]]}, "properties": {"segment_id": "REROUTE-SEG-937", "scenario_stage": 5, "stage_label": "Reroute Executed", "description": "PI-GNN offline reroute manoeuvre complete \u2014 truck on safe path", "begin_time": "2026-07-15T09:05:00+00:00", "end_time": "2026-07-15T09:07:00+00:00", "hazard_coefficient": 0.0056, "hazard_class": "SAFE", "is_critical": false, "route_type": "PI-GNN_REROUTE"}}, {"type": "Feature", "geometry": {"type": "LineString", "coordinates": [[76.426046, 10.332094], [76.425979, 10.332082]]}, "properties": {"segment_id": "REROUTE-SEG-938", "scenario_stage": 5, "stage_label": "Reroute Executed", "description": "PI-GNN offline reroute manoeuvre complete \u2014 truck on safe path", "begin_time": "2026-07-15T09:05:00+00:00", "end_time": "2026-07-15T09:07:00+00:00", "hazard_coefficient": 0.0056, "hazard_class": "SAFE", "is_critical": false, "route_type": "PI-GNN_REROUTE"}}, {"type": "Feature", "geometry": {"type": "LineString", "coordinates": [[76.425979, 10.332082], [76.425949, 10.332086]]}, "properties": {"segment_id": "REROUTE-SEG-939", "scenario_stage": 5, "stage_label": "Reroute Executed", "description": "PI-GNN offline reroute manoeuvre complete \u2014 truck on safe path", "begin_time": "2026-07-15T09:05:00+00:00", "end_time": "2026-07-15T09:07:00+00:00", "hazard_coefficient": 0.0056, "hazard_class": "SAFE", "is_critical": false, "route_type": "PI-GNN_REROUTE"}}, {"type": "Feature", "geometry": {"type": "LineString", "coordinates": [[76.425949, 10.332086], [76.425872, 10.332095]]}, "properties": {"segment_id": "REROUTE-SEG-940", "scenario_stage": 5, "stage_label": "Reroute Executed", "description": "PI-GNN offline reroute manoeuvre complete \u2014 truck on safe path", "begin_time": "2026-07-15T09:05:00+00:00", "end_time": "2026-07-15T09:07:00+00:00", "hazard_coefficient": 0.0056, "hazard_class": "SAFE", "is_critical": false, "route_type": "PI-GNN_REROUTE"}}, {"type": "Feature", "geometry": {"type": "LineString", "coordinates": [[76.425872, 10.332095], [76.425653, 10.332115]]}, "properties": {"segment_id": "REROUTE-SEG-941", "scenario_stage": 5, "stage_label": "Reroute Executed", "description": "PI-GNN offline reroute manoeuvre complete \u2014 truck on safe path", "begin_time": "2026-07-15T09:05:00+00:00", "end_time": "2026-07-15T09:07:00+00:00", "hazard_coefficient": 0.0056, "hazard_class": "SAFE", "is_critical": false, "route_type": "PI-GNN_REROUTE"}}, {"type": "Feature", "geometry": {"type": "LineString", "coordinates": [[76.425653, 10.332115], [76.425474, 10.332155]]}, "properties": {"segment_id": "REROUTE-SEG-942", "scenario_stage": 5, "stage_label": "Reroute Executed", "description": "PI-GNN offline reroute manoeuvre complete \u2014 truck on safe path", "begin_time": "2026-07-15T09:05:00+00:00", "end_time": "2026-07-15T09:07:00+00:00", "hazard_coefficient": 0.0056, "hazard_class": "SAFE", "is_critical": false, "route_type": "PI-GNN_REROUTE"}}, {"type": "Feature", "geometry": {"type": "LineString", "coordinates": [[76.425474, 10.332155], [76.425383, 10.332178]]}, "properties": {"segment_id": "REROUTE-SEG-943", "scenario_stage": 5, "stage_label": "Reroute Executed", "description": "PI-GNN offline reroute manoeuvre complete \u2014 truck on safe path", "begin_time": "2026-07-15T09:05:00+00:00", "end_time": "2026-07-15T09:07:00+00:00", "hazard_coefficient": 0.0056, "hazard_class": "SAFE", "is_critical": false, "route_type": "PI-GNN_REROUTE"}}, {"type": "Feature", "geometry": {"type": "LineString", "coordinates": [[76.425383, 10.332178], [76.425175, 10.332231]]}, "properties": {"segment_id": "REROUTE-SEG-944", "scenario_stage": 5, "stage_label": "Reroute Executed", "description": "PI-GNN offline reroute manoeuvre complete \u2014 truck on safe path", "begin_time": "2026-07-15T09:05:00+00:00", "end_time": "2026-07-15T09:07:00+00:00", "hazard_coefficient": 0.0056, "hazard_class": "SAFE", "is_critical": false, "route_type": "PI-GNN_REROUTE"}}, {"type": "Feature", "geometry": {"type": "LineString", "coordinates": [[76.425175, 10.332231], [76.424981, 10.332269]]}, "properties": {"segment_id": "REROUTE-SEG-945", "scenario_stage": 5, "stage_label": "Reroute Executed", "description": "PI-GNN offline reroute manoeuvre complete \u2014 truck on safe path", "begin_time": "2026-07-15T09:05:00+00:00", "end_time": "2026-07-15T09:07:00+00:00", "hazard_coefficient": 0.0056, "hazard_class": "SAFE", "is_critical": false, "route_type": "PI-GNN_REROUTE"}}, {"type": "Feature", "geometry": {"type": "LineString", "coordinates": [[76.424981, 10.332269], [76.424798, 10.33232]]}, "properties": {"segment_id": "REROUTE-SEG-946", "scenario_stage": 5, "stage_label": "Reroute Executed", "description": "PI-GNN offline reroute manoeuvre complete \u2014 truck on safe path", "begin_time": "2026-07-15T09:05:00+00:00", "end_time": "2026-07-15T09:07:00+00:00", "hazard_coefficient": 0.0056, "hazard_class": "SAFE", "is_critical": false, "route_type": "PI-GNN_REROUTE"}}, {"type": "Feature", "geometry": {"type": "LineString", "coordinates": [[76.424798, 10.33232], [76.424517, 10.332385]]}, "properties": {"segment_id": "REROUTE-SEG-947", "scenario_stage": 5, "stage_label": "Reroute Executed", "description": "PI-GNN offline reroute manoeuvre complete \u2014 truck on safe path", "begin_time": "2026-07-15T09:05:00+00:00", "end_time": "2026-07-15T09:07:00+00:00", "hazard_coefficient": 0.0056, "hazard_class": "SAFE", "is_critical": false, "route_type": "PI-GNN_REROUTE"}}, {"type": "Feature", "geometry": {"type": "LineString", "coordinates": [[76.424517, 10.332385], [76.424259, 10.332484]]}, "properties": {"segment_id": "REROUTE-SEG-948", "scenario_stage": 5, "stage_label": "Reroute Executed", "description": "PI-GNN offline reroute manoeuvre complete \u2014 truck on safe path", "begin_time": "2026-07-15T09:05:00+00:00", "end_time": "2026-07-15T09:07:00+00:00", "hazard_coefficient": 0.0056, "hazard_class": "SAFE", "is_critical": false, "route_type": "PI-GNN_REROUTE"}}, {"type": "Feature", "geometry": {"type": "LineString", "coordinates": [[76.424259, 10.332484], [76.423991, 10.332566]]}, "properties": {"segment_id": "REROUTE-SEG-949", "scenario_stage": 5, "stage_label": "Reroute Executed", "description": "PI-GNN offline reroute manoeuvre complete \u2014 truck on safe path", "begin_time": "2026-07-15T09:05:00+00:00", "end_time": "2026-07-15T09:07:00+00:00", "hazard_coefficient": 0.0056, "hazard_class": "SAFE", "is_critical": false, "route_type": "PI-GNN_REROUTE"}}, {"type": "Feature", "geometry": {"type": "LineString", "coordinates": [[76.423991, 10.332566], [76.423727, 10.332648]]}, "properties": {"segment_id": "REROUTE-SEG-950", "scenario_stage": 5, "stage_label": "Reroute Executed", "description": "PI-GNN offline reroute manoeuvre complete \u2014 truck on safe path", "begin_time": "2026-07-15T09:05:00+00:00", "end_time": "2026-07-15T09:07:00+00:00", "hazard_coefficient": 0.0056, "hazard_class": "SAFE", "is_critical": false, "route_type": "PI-GNN_REROUTE"}}, {"type": "Feature", "geometry": {"type": "LineString", "coordinates": [[76.423727, 10.332648], [76.423455, 10.33268]]}, "properties": {"segment_id": "REROUTE-SEG-951", "scenario_stage": 5, "stage_label": "Reroute Executed", "description": "PI-GNN offline reroute manoeuvre complete \u2014 truck on safe path", "begin_time": "2026-07-15T09:05:00+00:00", "end_time": "2026-07-15T09:07:00+00:00", "hazard_coefficient": 0.0056, "hazard_class": "SAFE", "is_critical": false, "route_type": "PI-GNN_REROUTE"}}, {"type": "Feature", "geometry": {"type": "LineString", "coordinates": [[76.423455, 10.33268], [76.423236, 10.332719]]}, "properties": {"segment_id": "REROUTE-SEG-952", "scenario_stage": 5, "stage_label": "Reroute Executed", "description": "PI-GNN offline reroute manoeuvre complete \u2014 truck on safe path", "begin_time": "2026-07-15T09:05:00+00:00", "end_time": "2026-07-15T09:07:00+00:00", "hazard_coefficient": 0.0056, "hazard_class": "SAFE", "is_critical": false, "route_type": "PI-GNN_REROUTE"}}, {"type": "Feature", "geometry": {"type": "LineString", "coordinates": [[76.423236, 10.332719], [76.423105, 10.332798]]}, "properties": {"segment_id": "REROUTE-SEG-953", "scenario_stage": 5, "stage_label": "Reroute Executed", "description": "PI-GNN offline reroute manoeuvre complete \u2014 truck on safe path", "begin_time": "2026-07-15T09:05:00+00:00", "end_time": "2026-07-15T09:07:00+00:00", "hazard_coefficient": 0.0056, "hazard_class": "SAFE", "is_critical": false, "route_type": "PI-GNN_REROUTE"}}, {"type": "Feature", "geometry": {"type": "LineString", "coordinates": [[76.423105, 10.332798], [76.422944, 10.332895]]}, "properties": {"segment_id": "REROUTE-SEG-954", "scenario_stage": 5, "stage_label": "Reroute Executed", "description": "PI-GNN offline reroute manoeuvre complete \u2014 truck on safe path", "begin_time": "2026-07-15T09:05:00+00:00", "end_time": "2026-07-15T09:07:00+00:00", "hazard_coefficient": 0.0056, "hazard_class": "SAFE", "is_critical": false, "route_type": "PI-GNN_REROUTE"}}, {"type": "Feature", "geometry": {"type": "LineString", "coordinates": [[76.422944, 10.332895], [76.422709, 10.33303]]}, "properties": {"segment_id": "REROUTE-SEG-955", "scenario_stage": 5, "stage_label": "Reroute Executed", "description": "PI-GNN offline reroute manoeuvre complete \u2014 truck on safe path", "begin_time": "2026-07-15T09:05:00+00:00", "end_time": "2026-07-15T09:07:00+00:00", "hazard_coefficient": 0.0056, "hazard_class": "SAFE", "is_critical": false, "route_type": "PI-GNN_REROUTE"}}, {"type": "Feature", "geometry": {"type": "LineString", "coordinates": [[76.422709, 10.33303], [76.422647, 10.333036]]}, "properties": {"segment_id": "REROUTE-SEG-956", "scenario_stage": 5, "stage_label": "Reroute Executed", "description": "PI-GNN offline reroute manoeuvre complete \u2014 truck on safe path", "begin_time": "2026-07-15T09:05:00+00:00", "end_time": "2026-07-15T09:07:00+00:00", "hazard_coefficient": 0.0056, "hazard_class": "SAFE", "is_critical": false, "route_type": "PI-GNN_REROUTE"}}, {"type": "Feature", "geometry": {"type": "LineString", "coordinates": [[76.422647, 10.333036], [76.422502, 10.333044]]}, "properties": {"segment_id": "REROUTE-SEG-957", "scenario_stage": 5, "stage_label": "Reroute Executed", "description": "PI-GNN offline reroute manoeuvre complete \u2014 truck on safe path", "begin_time": "2026-07-15T09:05:00+00:00", "end_time": "2026-07-15T09:07:00+00:00", "hazard_coefficient": 0.0056, "hazard_class": "SAFE", "is_critical": false, "route_type": "PI-GNN_REROUTE"}}, {"type": "Feature", "geometry": {"type": "LineString", "coordinates": [[76.422502, 10.333044], [76.422374, 10.333079]]}, "properties": {"segment_id": "REROUTE-SEG-958", "scenario_stage": 5, "stage_label": "Reroute Executed", "description": "PI-GNN offline reroute manoeuvre complete \u2014 truck on safe path", "begin_time": "2026-07-15T09:05:00+00:00", "end_time": "2026-07-15T09:07:00+00:00", "hazard_coefficient": 0.0056, "hazard_class": "SAFE", "is_critical": false, "route_type": "PI-GNN_REROUTE"}}, {"type": "Feature", "geometry": {"type": "LineString", "coordinates": [[76.422374, 10.333079], [76.421435, 10.333649]]}, "properties": {"segment_id": "REROUTE-SEG-959", "scenario_stage": 5, "stage_label": "Reroute Executed", "description": "PI-GNN offline reroute manoeuvre complete \u2014 truck on safe path", "begin_time": "2026-07-15T09:05:00+00:00", "end_time": "2026-07-15T09:07:00+00:00", "hazard_coefficient": 0.0056, "hazard_class": "SAFE", "is_critical": false, "route_type": "PI-GNN_REROUTE"}}, {"type": "Feature", "geometry": {"type": "LineString", "coordinates": [[76.421435, 10.333649], [76.421054, 10.334006]]}, "properties": {"segment_id": "REROUTE-SEG-960", "scenario_stage": 5, "stage_label": "Reroute Executed", "description": "PI-GNN offline reroute manoeuvre complete \u2014 truck on safe path", "begin_time": "2026-07-15T09:05:00+00:00", "end_time": "2026-07-15T09:07:00+00:00", "hazard_coefficient": 0.0056, "hazard_class": "SAFE", "is_critical": false, "route_type": "PI-GNN_REROUTE"}}, {"type": "Feature", "geometry": {"type": "LineString", "coordinates": [[76.421054, 10.334006], [76.420968, 10.334075]]}, "properties": {"segment_id": "REROUTE-SEG-961", "scenario_stage": 5, "stage_label": "Reroute Executed", "description": "PI-GNN offline reroute manoeuvre complete \u2014 truck on safe path", "begin_time": "2026-07-15T09:05:00+00:00", "end_time": "2026-07-15T09:07:00+00:00", "hazard_coefficient": 0.0056, "hazard_class": "SAFE", "is_critical": false, "route_type": "PI-GNN_REROUTE"}}, {"type": "Feature", "geometry": {"type": "LineString", "coordinates": [[76.420968, 10.334075], [76.420708, 10.334257]]}, "properties": {"segment_id": "REROUTE-SEG-962", "scenario_stage": 5, "stage_label": "Reroute Executed", "description": "PI-GNN offline reroute manoeuvre complete \u2014 truck on safe path", "begin_time": "2026-07-15T09:05:00+00:00", "end_time": "2026-07-15T09:07:00+00:00", "hazard_coefficient": 0.0056, "hazard_class": "SAFE", "is_critical": false, "route_type": "PI-GNN_REROUTE"}}, {"type": "Feature", "geometry": {"type": "LineString", "coordinates": [[76.420708, 10.334257], [76.420392, 10.33443]]}, "properties": {"segment_id": "REROUTE-SEG-963", "scenario_stage": 5, "stage_label": "Reroute Executed", "description": "PI-GNN offline reroute manoeuvre complete \u2014 truck on safe path", "begin_time": "2026-07-15T09:05:00+00:00", "end_time": "2026-07-15T09:07:00+00:00", "hazard_coefficient": 0.0056, "hazard_class": "SAFE", "is_critical": false, "route_type": "PI-GNN_REROUTE"}}, {"type": "Feature", "geometry": {"type": "LineString", "coordinates": [[76.420392, 10.33443], [76.420363, 10.334459]]}, "properties": {"segment_id": "REROUTE-SEG-964", "scenario_stage": 5, "stage_label": "Reroute Executed", "description": "PI-GNN offline reroute manoeuvre complete \u2014 truck on safe path", "begin_time": "2026-07-15T09:05:00+00:00", "end_time": "2026-07-15T09:07:00+00:00", "hazard_coefficient": 0.0056, "hazard_class": "SAFE", "is_critical": false, "route_type": "PI-GNN_REROUTE"}}, {"type": "Feature", "geometry": {"type": "LineString", "coordinates": [[76.420363, 10.334459], [76.420283, 10.334537]]}, "properties": {"segment_id": "REROUTE-SEG-965", "scenario_stage": 5, "stage_label": "Reroute Executed", "description": "PI-GNN offline reroute manoeuvre complete \u2014 truck on safe path", "begin_time": "2026-07-15T09:05:00+00:00", "end_time": "2026-07-15T09:07:00+00:00", "hazard_coefficient": 0.0056, "hazard_class": "SAFE", "is_critical": false, "route_type": "PI-GNN_REROUTE"}}, {"type": "Feature", "geometry": {"type": "LineString", "coordinates": [[76.420283, 10.334537], [76.420247, 10.334718]]}, "properties": {"segment_id": "REROUTE-SEG-966", "scenario_stage": 5, "stage_label": "Reroute Executed", "description": "PI-GNN offline reroute manoeuvre complete \u2014 truck on safe path", "begin_time": "2026-07-15T09:05:00+00:00", "end_time": "2026-07-15T09:07:00+00:00", "hazard_coefficient": 0.0056, "hazard_class": "SAFE", "is_critical": false, "route_type": "PI-GNN_REROUTE"}}, {"type": "Feature", "geometry": {"type": "LineString", "coordinates": [[76.420247, 10.334718], [76.420231, 10.334853]]}, "properties": {"segment_id": "REROUTE-SEG-967", "scenario_stage": 5, "stage_label": "Reroute Executed", "description": "PI-GNN offline reroute manoeuvre complete \u2014 truck on safe path", "begin_time": "2026-07-15T09:05:00+00:00", "end_time": "2026-07-15T09:07:00+00:00", "hazard_coefficient": 0.0056, "hazard_class": "SAFE", "is_critical": false, "route_type": "PI-GNN_REROUTE"}}, {"type": "Feature", "geometry": {"type": "LineString", "coordinates": [[76.420231, 10.334853], [76.420126, 10.335627]]}, "properties": {"segment_id": "REROUTE-SEG-968", "scenario_stage": 5, "stage_label": "Reroute Executed", "description": "PI-GNN offline reroute manoeuvre complete \u2014 truck on safe path", "begin_time": "2026-07-15T09:05:00+00:00", "end_time": "2026-07-15T09:07:00+00:00", "hazard_coefficient": 0.0056, "hazard_class": "SAFE", "is_critical": false, "route_type": "PI-GNN_REROUTE"}}, {"type": "Feature", "geometry": {"type": "LineString", "coordinates": [[76.420126, 10.335627], [76.420094, 10.335723]]}, "properties": {"segment_id": "REROUTE-SEG-969", "scenario_stage": 5, "stage_label": "Reroute Executed", "description": "PI-GNN offline reroute manoeuvre complete \u2014 truck on safe path", "begin_time": "2026-07-15T09:05:00+00:00", "end_time": "2026-07-15T09:07:00+00:00", "hazard_coefficient": 0.0056, "hazard_class": "SAFE", "is_critical": false, "route_type": "PI-GNN_REROUTE"}}, {"type": "Feature", "geometry": {"type": "LineString", "coordinates": [[76.420094, 10.335723], [76.419785, 10.336084]]}, "properties": {"segment_id": "REROUTE-SEG-970", "scenario_stage": 5, "stage_label": "Reroute Executed", "description": "PI-GNN offline reroute manoeuvre complete \u2014 truck on safe path", "begin_time": "2026-07-15T09:05:00+00:00", "end_time": "2026-07-15T09:07:00+00:00", "hazard_coefficient": 0.0056, "hazard_class": "SAFE", "is_critical": false, "route_type": "PI-GNN_REROUTE"}}, {"type": "Feature", "geometry": {"type": "LineString", "coordinates": [[76.419785, 10.336084], [76.419629, 10.336267]]}, "properties": {"segment_id": "REROUTE-SEG-971", "scenario_stage": 5, "stage_label": "Reroute Executed", "description": "PI-GNN offline reroute manoeuvre complete \u2014 truck on safe path", "begin_time": "2026-07-15T09:05:00+00:00", "end_time": "2026-07-15T09:07:00+00:00", "hazard_coefficient": 0.0056, "hazard_class": "SAFE", "is_critical": false, "route_type": "PI-GNN_REROUTE"}}, {"type": "Feature", "geometry": {"type": "LineString", "coordinates": [[76.419629, 10.336267], [76.419508, 10.336491]]}, "properties": {"segment_id": "REROUTE-SEG-972", "scenario_stage": 5, "stage_label": "Reroute Executed", "description": "PI-GNN offline reroute manoeuvre complete \u2014 truck on safe path", "begin_time": "2026-07-15T09:05:00+00:00", "end_time": "2026-07-15T09:07:00+00:00", "hazard_coefficient": 0.0056, "hazard_class": "SAFE", "is_critical": false, "route_type": "PI-GNN_REROUTE"}}, {"type": "Feature", "geometry": {"type": "LineString", "coordinates": [[76.419508, 10.336491], [76.419481, 10.336868]]}, "properties": {"segment_id": "REROUTE-SEG-973", "scenario_stage": 5, "stage_label": "Reroute Executed", "description": "PI-GNN offline reroute manoeuvre complete \u2014 truck on safe path", "begin_time": "2026-07-15T09:05:00+00:00", "end_time": "2026-07-15T09:07:00+00:00", "hazard_coefficient": 0.0056, "hazard_class": "SAFE", "is_critical": false, "route_type": "PI-GNN_REROUTE"}}, {"type": "Feature", "geometry": {"type": "LineString", "coordinates": [[76.419481, 10.336868], [76.419378, 10.336993]]}, "properties": {"segment_id": "REROUTE-SEG-974", "scenario_stage": 5, "stage_label": "Reroute Executed", "description": "PI-GNN offline reroute manoeuvre complete \u2014 truck on safe path", "begin_time": "2026-07-15T09:05:00+00:00", "end_time": "2026-07-15T09:07:00+00:00", "hazard_coefficient": 0.0056, "hazard_class": "SAFE", "is_critical": false, "route_type": "PI-GNN_REROUTE"}}, {"type": "Feature", "geometry": {"type": "LineString", "coordinates": [[76.419378, 10.336993], [76.418508, 10.337464]]}, "properties": {"segment_id": "REROUTE-SEG-975", "scenario_stage": 5, "stage_label": "Reroute Executed", "description": "PI-GNN offline reroute manoeuvre complete \u2014 truck on safe path", "begin_time": "2026-07-15T09:05:00+00:00", "end_time": "2026-07-15T09:07:00+00:00", "hazard_coefficient": 0.0056, "hazard_class": "SAFE", "is_critical": false, "route_type": "PI-GNN_REROUTE"}}, {"type": "Feature", "geometry": {"type": "LineString", "coordinates": [[76.418508, 10.337464], [76.418321, 10.337565]]}, "properties": {"segment_id": "REROUTE-SEG-976", "scenario_stage": 5, "stage_label": "Reroute Executed", "description": "PI-GNN offline reroute manoeuvre complete \u2014 truck on safe path", "begin_time": "2026-07-15T09:05:00+00:00", "end_time": "2026-07-15T09:07:00+00:00", "hazard_coefficient": 0.0056, "hazard_class": "SAFE", "is_critical": false, "route_type": "PI-GNN_REROUTE"}}, {"type": "Feature", "geometry": {"type": "LineString", "coordinates": [[76.418321, 10.337565], [76.417905, 10.337737]]}, "properties": {"segment_id": "REROUTE-SEG-977", "scenario_stage": 5, "stage_label": "Reroute Executed", "description": "PI-GNN offline reroute manoeuvre complete \u2014 truck on safe path", "begin_time": "2026-07-15T09:05:00+00:00", "end_time": "2026-07-15T09:07:00+00:00", "hazard_coefficient": 0.0056, "hazard_class": "SAFE", "is_critical": false, "route_type": "PI-GNN_REROUTE"}}, {"type": "Feature", "geometry": {"type": "LineString", "coordinates": [[76.417905, 10.337737], [76.417731, 10.337768]]}, "properties": {"segment_id": "REROUTE-SEG-978", "scenario_stage": 5, "stage_label": "Reroute Executed", "description": "PI-GNN offline reroute manoeuvre complete \u2014 truck on safe path", "begin_time": "2026-07-15T09:05:00+00:00", "end_time": "2026-07-15T09:07:00+00:00", "hazard_coefficient": 0.0056, "hazard_class": "SAFE", "is_critical": false, "route_type": "PI-GNN_REROUTE"}}, {"type": "Feature", "geometry": {"type": "LineString", "coordinates": [[76.417731, 10.337768], [76.417467, 10.337837]]}, "properties": {"segment_id": "REROUTE-SEG-979", "scenario_stage": 5, "stage_label": "Reroute Executed", "description": "PI-GNN offline reroute manoeuvre complete \u2014 truck on safe path", "begin_time": "2026-07-15T09:05:00+00:00", "end_time": "2026-07-15T09:07:00+00:00", "hazard_coefficient": 0.0056, "hazard_class": "SAFE", "is_critical": false, "route_type": "PI-GNN_REROUTE"}}, {"type": "Feature", "geometry": {"type": "LineString", "coordinates": [[76.417467, 10.337837], [76.417355, 10.337874]]}, "properties": {"segment_id": "REROUTE-SEG-980", "scenario_stage": 5, "stage_label": "Reroute Executed", "description": "PI-GNN offline reroute manoeuvre complete \u2014 truck on safe path", "begin_time": "2026-07-15T09:05:00+00:00", "end_time": "2026-07-15T09:07:00+00:00", "hazard_coefficient": 0.0056, "hazard_class": "SAFE", "is_critical": false, "route_type": "PI-GNN_REROUTE"}}, {"type": "Feature", "geometry": {"type": "LineString", "coordinates": [[76.417355, 10.337874], [76.417266, 10.33798]]}, "properties": {"segment_id": "REROUTE-SEG-981", "scenario_stage": 5, "stage_label": "Reroute Executed", "description": "PI-GNN offline reroute manoeuvre complete \u2014 truck on safe path", "begin_time": "2026-07-15T09:05:00+00:00", "end_time": "2026-07-15T09:07:00+00:00", "hazard_coefficient": 0.0056, "hazard_class": "SAFE", "is_critical": false, "route_type": "PI-GNN_REROUTE"}}, {"type": "Feature", "geometry": {"type": "LineString", "coordinates": [[76.417266, 10.33798], [76.417139, 10.338041]]}, "properties": {"segment_id": "REROUTE-SEG-982", "scenario_stage": 5, "stage_label": "Reroute Executed", "description": "PI-GNN offline reroute manoeuvre complete \u2014 truck on safe path", "begin_time": "2026-07-15T09:05:00+00:00", "end_time": "2026-07-15T09:07:00+00:00", "hazard_coefficient": 0.0056, "hazard_class": "SAFE", "is_critical": false, "route_type": "PI-GNN_REROUTE"}}, {"type": "Feature", "geometry": {"type": "LineString", "coordinates": [[76.417139, 10.338041], [76.416868, 10.33811]]}, "properties": {"segment_id": "REROUTE-SEG-983", "scenario_stage": 5, "stage_label": "Reroute Executed", "description": "PI-GNN offline reroute manoeuvre complete \u2014 truck on safe path", "begin_time": "2026-07-15T09:05:00+00:00", "end_time": "2026-07-15T09:07:00+00:00", "hazard_coefficient": 0.0056, "hazard_class": "SAFE", "is_critical": false, "route_type": "PI-GNN_REROUTE"}}, {"type": "Feature", "geometry": {"type": "LineString", "coordinates": [[76.416868, 10.33811], [76.416787, 10.338173]]}, "properties": {"segment_id": "REROUTE-SEG-984", "scenario_stage": 5, "stage_label": "Reroute Executed", "description": "PI-GNN offline reroute manoeuvre complete \u2014 truck on safe path", "begin_time": "2026-07-15T09:05:00+00:00", "end_time": "2026-07-15T09:07:00+00:00", "hazard_coefficient": 0.0056, "hazard_class": "SAFE", "is_critical": false, "route_type": "PI-GNN_REROUTE"}}, {"type": "Feature", "geometry": {"type": "LineString", "coordinates": [[76.416787, 10.338173], [76.416704, 10.338268]]}, "properties": {"segment_id": "REROUTE-SEG-985", "scenario_stage": 5, "stage_label": "Reroute Executed", "description": "PI-GNN offline reroute manoeuvre complete \u2014 truck on safe path", "begin_time": "2026-07-15T09:05:00+00:00", "end_time": "2026-07-15T09:07:00+00:00", "hazard_coefficient": 0.0056, "hazard_class": "SAFE", "is_critical": false, "route_type": "PI-GNN_REROUTE"}}, {"type": "Feature", "geometry": {"type": "LineString", "coordinates": [[76.416704, 10.338268], [76.416728, 10.33859]]}, "properties": {"segment_id": "REROUTE-SEG-986", "scenario_stage": 5, "stage_label": "Reroute Executed", "description": "PI-GNN offline reroute manoeuvre complete \u2014 truck on safe path", "begin_time": "2026-07-15T09:05:00+00:00", "end_time": "2026-07-15T09:07:00+00:00", "hazard_coefficient": 0.0056, "hazard_class": "SAFE", "is_critical": false, "route_type": "PI-GNN_REROUTE"}}, {"type": "Feature", "geometry": {"type": "LineString", "coordinates": [[76.416728, 10.33859], [76.416806, 10.338744]]}, "properties": {"segment_id": "REROUTE-SEG-987", "scenario_stage": 5, "stage_label": "Reroute Executed", "description": "PI-GNN offline reroute manoeuvre complete \u2014 truck on safe path", "begin_time": "2026-07-15T09:05:00+00:00", "end_time": "2026-07-15T09:07:00+00:00", "hazard_coefficient": 0.0056, "hazard_class": "SAFE", "is_critical": false, "route_type": "PI-GNN_REROUTE"}}, {"type": "Feature", "geometry": {"type": "LineString", "coordinates": [[76.416806, 10.338744], [76.417786, 10.34006]]}, "properties": {"segment_id": "REROUTE-SEG-988", "scenario_stage": 5, "stage_label": "Reroute Executed", "description": "PI-GNN offline reroute manoeuvre complete \u2014 truck on safe path", "begin_time": "2026-07-15T09:05:00+00:00", "end_time": "2026-07-15T09:07:00+00:00", "hazard_coefficient": 0.0056, "hazard_class": "SAFE", "is_critical": false, "route_type": "PI-GNN_REROUTE"}}, {"type": "Feature", "geometry": {"type": "LineString", "coordinates": [[76.417786, 10.34006], [76.417848, 10.34064]]}, "properties": {"segment_id": "REROUTE-SEG-989", "scenario_stage": 5, "stage_label": "Reroute Executed", "description": "PI-GNN offline reroute manoeuvre complete \u2014 truck on safe path", "begin_time": "2026-07-15T09:05:00+00:00", "end_time": "2026-07-15T09:07:00+00:00", "hazard_coefficient": 0.0056, "hazard_class": "SAFE", "is_critical": false, "route_type": "PI-GNN_REROUTE"}}, {"type": "Feature", "geometry": {"type": "LineString", "coordinates": [[76.417848, 10.34064], [76.417563, 10.341623]]}, "properties": {"segment_id": "REROUTE-SEG-990", "scenario_stage": 5, "stage_label": "Reroute Executed", "description": "PI-GNN offline reroute manoeuvre complete \u2014 truck on safe path", "begin_time": "2026-07-15T09:05:00+00:00", "end_time": "2026-07-15T09:07:00+00:00", "hazard_coefficient": 0.0056, "hazard_class": "SAFE", "is_critical": false, "route_type": "PI-GNN_REROUTE"}}, {"type": "Feature", "geometry": {"type": "LineString", "coordinates": [[76.417563, 10.341623], [76.417507, 10.341815]]}, "properties": {"segment_id": "REROUTE-SEG-991", "scenario_stage": 5, "stage_label": "Reroute Executed", "description": "PI-GNN offline reroute manoeuvre complete \u2014 truck on safe path", "begin_time": "2026-07-15T09:05:00+00:00", "end_time": "2026-07-15T09:07:00+00:00", "hazard_coefficient": 0.0056, "hazard_class": "SAFE", "is_critical": false, "route_type": "PI-GNN_REROUTE"}}, {"type": "Feature", "geometry": {"type": "LineString", "coordinates": [[76.417507, 10.341815], [76.417403, 10.342127]]}, "properties": {"segment_id": "REROUTE-SEG-992", "scenario_stage": 5, "stage_label": "Reroute Executed", "description": "PI-GNN offline reroute manoeuvre complete \u2014 truck on safe path", "begin_time": "2026-07-15T09:05:00+00:00", "end_time": "2026-07-15T09:07:00+00:00", "hazard_coefficient": 0.0056, "hazard_class": "SAFE", "is_critical": false, "route_type": "PI-GNN_REROUTE"}}, {"type": "Feature", "geometry": {"type": "LineString", "coordinates": [[76.417403, 10.342127], [76.417021, 10.342685]]}, "properties": {"segment_id": "REROUTE-SEG-993", "scenario_stage": 5, "stage_label": "Reroute Executed", "description": "PI-GNN offline reroute manoeuvre complete \u2014 truck on safe path", "begin_time": "2026-07-15T09:05:00+00:00", "end_time": "2026-07-15T09:07:00+00:00", "hazard_coefficient": 0.0056, "hazard_class": "SAFE", "is_critical": false, "route_type": "PI-GNN_REROUTE"}}, {"type": "Feature", "geometry": {"type": "LineString", "coordinates": [[76.417021, 10.342685], [76.416832, 10.342705]]}, "properties": {"segment_id": "REROUTE-SEG-994", "scenario_stage": 5, "stage_label": "Reroute Executed", "description": "PI-GNN offline reroute manoeuvre complete \u2014 truck on safe path", "begin_time": "2026-07-15T09:05:00+00:00", "end_time": "2026-07-15T09:07:00+00:00", "hazard_coefficient": 0.0056, "hazard_class": "SAFE", "is_critical": false, "route_type": "PI-GNN_REROUTE"}}, {"type": "Feature", "geometry": {"type": "LineString", "coordinates": [[76.416832, 10.342705], [76.416467, 10.342674]]}, "properties": {"segment_id": "REROUTE-SEG-995", "scenario_stage": 5, "stage_label": "Reroute Executed", "description": "PI-GNN offline reroute manoeuvre complete \u2014 truck on safe path", "begin_time": "2026-07-15T09:05:00+00:00", "end_time": "2026-07-15T09:07:00+00:00", "hazard_coefficient": 0.0056, "hazard_class": "SAFE", "is_critical": false, "route_type": "PI-GNN_REROUTE"}}, {"type": "Feature", "geometry": {"type": "LineString", "coordinates": [[76.416467, 10.342674], [76.415727, 10.342653]]}, "properties": {"segment_id": "REROUTE-SEG-996", "scenario_stage": 5, "stage_label": "Reroute Executed", "description": "PI-GNN offline reroute manoeuvre complete \u2014 truck on safe path", "begin_time": "2026-07-15T09:05:00+00:00", "end_time": "2026-07-15T09:07:00+00:00", "hazard_coefficient": 0.0056, "hazard_class": "SAFE", "is_critical": false, "route_type": "PI-GNN_REROUTE"}}, {"type": "Feature", "geometry": {"type": "LineString", "coordinates": [[76.415727, 10.342653], [76.415277, 10.342677]]}, "properties": {"segment_id": "REROUTE-SEG-997", "scenario_stage": 5, "stage_label": "Reroute Executed", "description": "PI-GNN offline reroute manoeuvre complete \u2014 truck on safe path", "begin_time": "2026-07-15T09:05:00+00:00", "end_time": "2026-07-15T09:07:00+00:00", "hazard_coefficient": 0.0056, "hazard_class": "SAFE", "is_critical": false, "route_type": "PI-GNN_REROUTE"}}, {"type": "Feature", "geometry": {"type": "LineString", "coordinates": [[76.415277, 10.342677], [76.41505, 10.342695]]}, "properties": {"segment_id": "REROUTE-SEG-998", "scenario_stage": 5, "stage_label": "Reroute Executed", "description": "PI-GNN offline reroute manoeuvre complete \u2014 truck on safe path", "begin_time": "2026-07-15T09:05:00+00:00", "end_time": "2026-07-15T09:07:00+00:00", "hazard_coefficient": 0.0056, "hazard_class": "SAFE", "is_critical": false, "route_type": "PI-GNN_REROUTE"}}, {"type": "Feature", "geometry": {"type": "LineString", "coordinates": [[76.41505, 10.342695], [76.41486, 10.3428]]}, "properties": {"segment_id": "REROUTE-SEG-999", "scenario_stage": 5, "stage_label": "Reroute Executed", "description": "PI-GNN offline reroute manoeuvre complete \u2014 truck on safe path", "begin_time": "2026-07-15T09:05:00+00:00", "end_time": "2026-07-15T09:07:00+00:00", "hazard_coefficient": 0.0056, "hazard_class": "SAFE", "is_critical": false, "route_type": "PI-GNN_REROUTE"}}, {"type": "Feature", "geometry": {"type": "LineString", "coordinates": [[76.41486, 10.3428], [76.414784, 10.342946]]}, "properties": {"segment_id": "REROUTE-SEG-1000", "scenario_stage": 5, "stage_label": "Reroute Executed", "description": "PI-GNN offline reroute manoeuvre complete \u2014 truck on safe path", "begin_time": "2026-07-15T09:05:00+00:00", "end_time": "2026-07-15T09:07:00+00:00", "hazard_coefficient": 0.0056, "hazard_class": "SAFE", "is_critical": false, "route_type": "PI-GNN_REROUTE"}}, {"type": "Feature", "geometry": {"type": "LineString", "coordinates": [[76.414784, 10.342946], [76.414697, 10.343112]]}, "properties": {"segment_id": "REROUTE-SEG-1001", "scenario_stage": 5, "stage_label": "Reroute Executed", "description": "PI-GNN offline reroute manoeuvre complete \u2014 truck on safe path", "begin_time": "2026-07-15T09:05:00+00:00", "end_time": "2026-07-15T09:07:00+00:00", "hazard_coefficient": 0.0056, "hazard_class": "SAFE", "is_critical": false, "route_type": "PI-GNN_REROUTE"}}, {"type": "Feature", "geometry": {"type": "LineString", "coordinates": [[76.414697, 10.343112], [76.414624, 10.343289]]}, "properties": {"segment_id": "REROUTE-SEG-1002", "scenario_stage": 5, "stage_label": "Reroute Executed", "description": "PI-GNN offline reroute manoeuvre complete \u2014 truck on safe path", "begin_time": "2026-07-15T09:05:00+00:00", "end_time": "2026-07-15T09:07:00+00:00", "hazard_coefficient": 0.0056, "hazard_class": "SAFE", "is_critical": false, "route_type": "PI-GNN_REROUTE"}}, {"type": "Feature", "geometry": {"type": "LineString", "coordinates": [[76.414624, 10.343289], [76.414574, 10.343412]]}, "properties": {"segment_id": "REROUTE-SEG-1003", "scenario_stage": 5, "stage_label": "Reroute Executed", "description": "PI-GNN offline reroute manoeuvre complete \u2014 truck on safe path", "begin_time": "2026-07-15T09:05:00+00:00", "end_time": "2026-07-15T09:07:00+00:00", "hazard_coefficient": 0.0056, "hazard_class": "SAFE", "is_critical": false, "route_type": "PI-GNN_REROUTE"}}, {"type": "Feature", "geometry": {"type": "LineString", "coordinates": [[76.414574, 10.343412], [76.414414, 10.343784]]}, "properties": {"segment_id": "REROUTE-SEG-1004", "scenario_stage": 5, "stage_label": "Reroute Executed", "description": "PI-GNN offline reroute manoeuvre complete \u2014 truck on safe path", "begin_time": "2026-07-15T09:05:00+00:00", "end_time": "2026-07-15T09:07:00+00:00", "hazard_coefficient": 0.0056, "hazard_class": "SAFE", "is_critical": false, "route_type": "PI-GNN_REROUTE"}}, {"type": "Feature", "geometry": {"type": "LineString", "coordinates": [[76.414414, 10.343784], [76.414219, 10.343922]]}, "properties": {"segment_id": "REROUTE-SEG-1005", "scenario_stage": 5, "stage_label": "Reroute Executed", "description": "PI-GNN offline reroute manoeuvre complete \u2014 truck on safe path", "begin_time": "2026-07-15T09:05:00+00:00", "end_time": "2026-07-15T09:07:00+00:00", "hazard_coefficient": 0.0056, "hazard_class": "SAFE", "is_critical": false, "route_type": "PI-GNN_REROUTE"}}, {"type": "Feature", "geometry": {"type": "LineString", "coordinates": [[76.414219, 10.343922], [76.413989, 10.344032]]}, "properties": {"segment_id": "REROUTE-SEG-1006", "scenario_stage": 5, "stage_label": "Reroute Executed", "description": "PI-GNN offline reroute manoeuvre complete \u2014 truck on safe path", "begin_time": "2026-07-15T09:05:00+00:00", "end_time": "2026-07-15T09:07:00+00:00", "hazard_coefficient": 0.0056, "hazard_class": "SAFE", "is_critical": false, "route_type": "PI-GNN_REROUTE"}}, {"type": "Feature", "geometry": {"type": "LineString", "coordinates": [[76.413989, 10.344032], [76.413496, 10.344085]]}, "properties": {"segment_id": "REROUTE-SEG-1007", "scenario_stage": 5, "stage_label": "Reroute Executed", "description": "PI-GNN offline reroute manoeuvre complete \u2014 truck on safe path", "begin_time": "2026-07-15T09:05:00+00:00", "end_time": "2026-07-15T09:07:00+00:00", "hazard_coefficient": 0.0056, "hazard_class": "SAFE", "is_critical": false, "route_type": "PI-GNN_REROUTE"}}, {"type": "Feature", "geometry": {"type": "LineString", "coordinates": [[76.413496, 10.344085], [76.41299, 10.344109]]}, "properties": {"segment_id": "REROUTE-SEG-1008", "scenario_stage": 5, "stage_label": "Reroute Executed", "description": "PI-GNN offline reroute manoeuvre complete \u2014 truck on safe path", "begin_time": "2026-07-15T09:05:00+00:00", "end_time": "2026-07-15T09:07:00+00:00", "hazard_coefficient": 0.0056, "hazard_class": "SAFE", "is_critical": false, "route_type": "PI-GNN_REROUTE"}}, {"type": "Feature", "geometry": {"type": "LineString", "coordinates": [[76.41299, 10.344109], [76.412367, 10.344283]]}, "properties": {"segment_id": "REROUTE-SEG-1009", "scenario_stage": 5, "stage_label": "Reroute Executed", "description": "PI-GNN offline reroute manoeuvre complete \u2014 truck on safe path", "begin_time": "2026-07-15T09:05:00+00:00", "end_time": "2026-07-15T09:07:00+00:00", "hazard_coefficient": 0.0056, "hazard_class": "SAFE", "is_critical": false, "route_type": "PI-GNN_REROUTE"}}, {"type": "Feature", "geometry": {"type": "LineString", "coordinates": [[76.412367, 10.344283], [76.412232, 10.344326]]}, "properties": {"segment_id": "REROUTE-SEG-1010", "scenario_stage": 5, "stage_label": "Reroute Executed", "description": "PI-GNN offline reroute manoeuvre complete \u2014 truck on safe path", "begin_time": "2026-07-15T09:05:00+00:00", "end_time": "2026-07-15T09:07:00+00:00", "hazard_coefficient": 0.0056, "hazard_class": "SAFE", "is_critical": false, "route_type": "PI-GNN_REROUTE"}}, {"type": "Feature", "geometry": {"type": "LineString", "coordinates": [[76.412232, 10.344326], [76.412168, 10.344412]]}, "properties": {"segment_id": "REROUTE-SEG-1011", "scenario_stage": 5, "stage_label": "Reroute Executed", "description": "PI-GNN offline reroute manoeuvre complete \u2014 truck on safe path", "begin_time": "2026-07-15T09:05:00+00:00", "end_time": "2026-07-15T09:07:00+00:00", "hazard_coefficient": 0.0056, "hazard_class": "SAFE", "is_critical": false, "route_type": "PI-GNN_REROUTE"}}, {"type": "Feature", "geometry": {"type": "LineString", "coordinates": [[76.412168, 10.344412], [76.412106, 10.344541]]}, "properties": {"segment_id": "REROUTE-SEG-1012", "scenario_stage": 5, "stage_label": "Reroute Executed", "description": "PI-GNN offline reroute manoeuvre complete \u2014 truck on safe path", "begin_time": "2026-07-15T09:05:00+00:00", "end_time": "2026-07-15T09:07:00+00:00", "hazard_coefficient": 0.0056, "hazard_class": "SAFE", "is_critical": false, "route_type": "PI-GNN_REROUTE"}}, {"type": "Feature", "geometry": {"type": "LineString", "coordinates": [[76.412106, 10.344541], [76.411971, 10.344627]]}, "properties": {"segment_id": "REROUTE-SEG-1013", "scenario_stage": 5, "stage_label": "Reroute Executed", "description": "PI-GNN offline reroute manoeuvre complete \u2014 truck on safe path", "begin_time": "2026-07-15T09:05:00+00:00", "end_time": "2026-07-15T09:07:00+00:00", "hazard_coefficient": 0.0056, "hazard_class": "SAFE", "is_critical": false, "route_type": "PI-GNN_REROUTE"}}, {"type": "Feature", "geometry": {"type": "LineString", "coordinates": [[76.411971, 10.344627], [76.411746, 10.344711]]}, "properties": {"segment_id": "REROUTE-SEG-1014", "scenario_stage": 5, "stage_label": "Reroute Executed", "description": "PI-GNN offline reroute manoeuvre complete \u2014 truck on safe path", "begin_time": "2026-07-15T09:05:00+00:00", "end_time": "2026-07-15T09:07:00+00:00", "hazard_coefficient": 0.0056, "hazard_class": "SAFE", "is_critical": false, "route_type": "PI-GNN_REROUTE"}}, {"type": "Feature", "geometry": {"type": "LineString", "coordinates": [[76.411746, 10.344711], [76.411925, 10.344758]]}, "properties": {"segment_id": "REROUTE-SEG-1015", "scenario_stage": 5, "stage_label": "Reroute Executed", "description": "PI-GNN offline reroute manoeuvre complete \u2014 truck on safe path", "begin_time": "2026-07-15T09:05:00+00:00", "end_time": "2026-07-15T09:07:00+00:00", "hazard_coefficient": 0.0056, "hazard_class": "SAFE", "is_critical": false, "route_type": "PI-GNN_REROUTE"}}, {"type": "Feature", "geometry": {"type": "LineString", "coordinates": [[76.411925, 10.344758], [76.412971, 10.345032]]}, "properties": {"segment_id": "REROUTE-SEG-1016", "scenario_stage": 5, "stage_label": "Reroute Executed", "description": "PI-GNN offline reroute manoeuvre complete \u2014 truck on safe path", "begin_time": "2026-07-15T09:05:00+00:00", "end_time": "2026-07-15T09:07:00+00:00", "hazard_coefficient": 0.0056, "hazard_class": "SAFE", "is_critical": false, "route_type": "PI-GNN_REROUTE"}}, {"type": "Feature", "geometry": {"type": "LineString", "coordinates": [[76.412971, 10.345032], [76.413434, 10.345504]]}, "properties": {"segment_id": "REROUTE-SEG-1017", "scenario_stage": 5, "stage_label": "Reroute Executed", "description": "PI-GNN offline reroute manoeuvre complete \u2014 truck on safe path", "begin_time": "2026-07-15T09:05:00+00:00", "end_time": "2026-07-15T09:07:00+00:00", "hazard_coefficient": 0.0056, "hazard_class": "SAFE", "is_critical": false, "route_type": "PI-GNN_REROUTE"}}, {"type": "Feature", "geometry": {"type": "LineString", "coordinates": [[76.413434, 10.345504], [76.413683, 10.345757]]}, "properties": {"segment_id": "REROUTE-SEG-1018", "scenario_stage": 5, "stage_label": "Reroute Executed", "description": "PI-GNN offline reroute manoeuvre complete \u2014 truck on safe path", "begin_time": "2026-07-15T09:05:00+00:00", "end_time": "2026-07-15T09:07:00+00:00", "hazard_coefficient": 0.0056, "hazard_class": "SAFE", "is_critical": false, "route_type": "PI-GNN_REROUTE"}}, {"type": "Feature", "geometry": {"type": "LineString", "coordinates": [[76.413683, 10.345757], [76.413829, 10.345906]]}, "properties": {"segment_id": "REROUTE-SEG-1019", "scenario_stage": 5, "stage_label": "Reroute Executed", "description": "PI-GNN offline reroute manoeuvre complete \u2014 truck on safe path", "begin_time": "2026-07-15T09:05:00+00:00", "end_time": "2026-07-15T09:07:00+00:00", "hazard_coefficient": 0.0056, "hazard_class": "SAFE", "is_critical": false, "route_type": "PI-GNN_REROUTE"}}, {"type": "Feature", "geometry": {"type": "LineString", "coordinates": [[76.413829, 10.345906], [76.414185, 10.346617]]}, "properties": {"segment_id": "REROUTE-SEG-1020", "scenario_stage": 5, "stage_label": "Reroute Executed", "description": "PI-GNN offline reroute manoeuvre complete \u2014 truck on safe path", "begin_time": "2026-07-15T09:05:00+00:00", "end_time": "2026-07-15T09:07:00+00:00", "hazard_coefficient": 0.0056, "hazard_class": "SAFE", "is_critical": false, "route_type": "PI-GNN_REROUTE"}}, {"type": "Feature", "geometry": {"type": "LineString", "coordinates": [[76.414185, 10.346617], [76.414234, 10.346716]]}, "properties": {"segment_id": "REROUTE-SEG-1021", "scenario_stage": 5, "stage_label": "Reroute Executed", "description": "PI-GNN offline reroute manoeuvre complete \u2014 truck on safe path", "begin_time": "2026-07-15T09:05:00+00:00", "end_time": "2026-07-15T09:07:00+00:00", "hazard_coefficient": 0.0056, "hazard_class": "SAFE", "is_critical": false, "route_type": "PI-GNN_REROUTE"}}, {"type": "Feature", "geometry": {"type": "LineString", "coordinates": [[76.414234, 10.346716], [76.414159, 10.347036]]}, "properties": {"segment_id": "REROUTE-SEG-1022", "scenario_stage": 5, "stage_label": "Reroute Executed", "description": "PI-GNN offline reroute manoeuvre complete \u2014 truck on safe path", "begin_time": "2026-07-15T09:05:00+00:00", "end_time": "2026-07-15T09:07:00+00:00", "hazard_coefficient": 0.0056, "hazard_class": "SAFE", "is_critical": false, "route_type": "PI-GNN_REROUTE"}}, {"type": "Feature", "geometry": {"type": "LineString", "coordinates": [[76.414159, 10.347036], [76.414099, 10.347291]]}, "properties": {"segment_id": "REROUTE-SEG-1023", "scenario_stage": 5, "stage_label": "Reroute Executed", "description": "PI-GNN offline reroute manoeuvre complete \u2014 truck on safe path", "begin_time": "2026-07-15T09:05:00+00:00", "end_time": "2026-07-15T09:07:00+00:00", "hazard_coefficient": 0.0056, "hazard_class": "SAFE", "is_critical": false, "route_type": "PI-GNN_REROUTE"}}, {"type": "Feature", "geometry": {"type": "LineString", "coordinates": [[76.414099, 10.347291], [76.41353, 10.348268]]}, "properties": {"segment_id": "REROUTE-SEG-1024", "scenario_stage": 5, "stage_label": "Reroute Executed", "description": "PI-GNN offline reroute manoeuvre complete \u2014 truck on safe path", "begin_time": "2026-07-15T09:05:00+00:00", "end_time": "2026-07-15T09:07:00+00:00", "hazard_coefficient": 0.0056, "hazard_class": "SAFE", "is_critical": false, "route_type": "PI-GNN_REROUTE"}}, {"type": "Feature", "geometry": {"type": "LineString", "coordinates": [[76.41353, 10.348268], [76.413817, 10.348913]]}, "properties": {"segment_id": "REROUTE-SEG-1025", "scenario_stage": 5, "stage_label": "Reroute Executed", "description": "PI-GNN offline reroute manoeuvre complete \u2014 truck on safe path", "begin_time": "2026-07-15T09:05:00+00:00", "end_time": "2026-07-15T09:07:00+00:00", "hazard_coefficient": 0.0056, "hazard_class": "SAFE", "is_critical": false, "route_type": "PI-GNN_REROUTE"}}, {"type": "Feature", "geometry": {"type": "LineString", "coordinates": [[76.413817, 10.348913], [76.413997, 10.349459]]}, "properties": {"segment_id": "REROUTE-SEG-1026", "scenario_stage": 5, "stage_label": "Reroute Executed", "description": "PI-GNN offline reroute manoeuvre complete \u2014 truck on safe path", "begin_time": "2026-07-15T09:05:00+00:00", "end_time": "2026-07-15T09:07:00+00:00", "hazard_coefficient": 0.0056, "hazard_class": "SAFE", "is_critical": false, "route_type": "PI-GNN_REROUTE"}}, {"type": "Feature", "geometry": {"type": "LineString", "coordinates": [[76.413997, 10.349459], [76.413609, 10.350386]]}, "properties": {"segment_id": "REROUTE-SEG-1027", "scenario_stage": 5, "stage_label": "Reroute Executed", "description": "PI-GNN offline reroute manoeuvre complete \u2014 truck on safe path", "begin_time": "2026-07-15T09:05:00+00:00", "end_time": "2026-07-15T09:07:00+00:00", "hazard_coefficient": 0.0056, "hazard_class": "SAFE", "is_critical": false, "route_type": "PI-GNN_REROUTE"}}, {"type": "Feature", "geometry": {"type": "LineString", "coordinates": [[76.413609, 10.350386], [76.41351, 10.350748]]}, "properties": {"segment_id": "REROUTE-SEG-1028", "scenario_stage": 5, "stage_label": "Reroute Executed", "description": "PI-GNN offline reroute manoeuvre complete \u2014 truck on safe path", "begin_time": "2026-07-15T09:05:00+00:00", "end_time": "2026-07-15T09:07:00+00:00", "hazard_coefficient": 0.0056, "hazard_class": "SAFE", "is_critical": false, "route_type": "PI-GNN_REROUTE"}}, {"type": "Feature", "geometry": {"type": "LineString", "coordinates": [[76.41351, 10.350748], [76.413453, 10.350958]]}, "properties": {"segment_id": "REROUTE-SEG-1029", "scenario_stage": 5, "stage_label": "Reroute Executed", "description": "PI-GNN offline reroute manoeuvre complete \u2014 truck on safe path", "begin_time": "2026-07-15T09:05:00+00:00", "end_time": "2026-07-15T09:07:00+00:00", "hazard_coefficient": 0.0056, "hazard_class": "SAFE", "is_critical": false, "route_type": "PI-GNN_REROUTE"}}, {"type": "Feature", "geometry": {"type": "LineString", "coordinates": [[76.413453, 10.350958], [76.413377, 10.351233]]}, "properties": {"segment_id": "REROUTE-SEG-1030", "scenario_stage": 5, "stage_label": "Reroute Executed", "description": "PI-GNN offline reroute manoeuvre complete \u2014 truck on safe path", "begin_time": "2026-07-15T09:05:00+00:00", "end_time": "2026-07-15T09:07:00+00:00", "hazard_coefficient": 0.0056, "hazard_class": "SAFE", "is_critical": false, "route_type": "PI-GNN_REROUTE"}}, {"type": "Feature", "geometry": {"type": "LineString", "coordinates": [[76.413377, 10.351233], [76.412562, 10.352735]]}, "properties": {"segment_id": "REROUTE-SEG-1031", "scenario_stage": 5, "stage_label": "Reroute Executed", "description": "PI-GNN offline reroute manoeuvre complete \u2014 truck on safe path", "begin_time": "2026-07-15T09:05:00+00:00", "end_time": "2026-07-15T09:07:00+00:00", "hazard_coefficient": 0.0056, "hazard_class": "SAFE", "is_critical": false, "route_type": "PI-GNN_REROUTE"}}, {"type": "Feature", "geometry": {"type": "LineString", "coordinates": [[76.412562, 10.352735], [76.412551, 10.352754]]}, "properties": {"segment_id": "REROUTE-SEG-1032", "scenario_stage": 5, "stage_label": "Reroute Executed", "description": "PI-GNN offline reroute manoeuvre complete \u2014 truck on safe path", "begin_time": "2026-07-15T09:05:00+00:00", "end_time": "2026-07-15T09:07:00+00:00", "hazard_coefficient": 0.0056, "hazard_class": "SAFE", "is_critical": false, "route_type": "PI-GNN_REROUTE"}}, {"type": "Feature", "geometry": {"type": "LineString", "coordinates": [[76.412551, 10.352754], [76.412423, 10.352976]]}, "properties": {"segment_id": "REROUTE-SEG-1033", "scenario_stage": 5, "stage_label": "Reroute Executed", "description": "PI-GNN offline reroute manoeuvre complete \u2014 truck on safe path", "begin_time": "2026-07-15T09:05:00+00:00", "end_time": "2026-07-15T09:07:00+00:00", "hazard_coefficient": 0.0056, "hazard_class": "SAFE", "is_critical": false, "route_type": "PI-GNN_REROUTE"}}, {"type": "Feature", "geometry": {"type": "LineString", "coordinates": [[76.412423, 10.352976], [76.41242, 10.35298]]}, "properties": {"segment_id": "REROUTE-SEG-1034", "scenario_stage": 5, "stage_label": "Reroute Executed", "description": "PI-GNN offline reroute manoeuvre complete \u2014 truck on safe path", "begin_time": "2026-07-15T09:05:00+00:00", "end_time": "2026-07-15T09:07:00+00:00", "hazard_coefficient": 0.0056, "hazard_class": "SAFE", "is_critical": false, "route_type": "PI-GNN_REROUTE"}}, {"type": "Feature", "geometry": {"type": "LineString", "coordinates": [[76.41242, 10.35298], [76.411995, 10.353953]]}, "properties": {"segment_id": "REROUTE-SEG-1035", "scenario_stage": 5, "stage_label": "Reroute Executed", "description": "PI-GNN offline reroute manoeuvre complete \u2014 truck on safe path", "begin_time": "2026-07-15T09:05:00+00:00", "end_time": "2026-07-15T09:07:00+00:00", "hazard_coefficient": 0.0056, "hazard_class": "SAFE", "is_critical": false, "route_type": "PI-GNN_REROUTE"}}, {"type": "Feature", "geometry": {"type": "LineString", "coordinates": [[76.411995, 10.353953], [76.411759, 10.354452]]}, "properties": {"segment_id": "REROUTE-SEG-1036", "scenario_stage": 5, "stage_label": "Reroute Executed", "description": "PI-GNN offline reroute manoeuvre complete \u2014 truck on safe path", "begin_time": "2026-07-15T09:05:00+00:00", "end_time": "2026-07-15T09:07:00+00:00", "hazard_coefficient": 0.0056, "hazard_class": "SAFE", "is_critical": false, "route_type": "PI-GNN_REROUTE"}}, {"type": "Feature", "geometry": {"type": "LineString", "coordinates": [[76.411759, 10.354452], [76.41238, 10.356685]]}, "properties": {"segment_id": "REROUTE-SEG-1037", "scenario_stage": 5, "stage_label": "Reroute Executed", "description": "PI-GNN offline reroute manoeuvre complete \u2014 truck on safe path", "begin_time": "2026-07-15T09:05:00+00:00", "end_time": "2026-07-15T09:07:00+00:00", "hazard_coefficient": 0.0056, "hazard_class": "SAFE", "is_critical": false, "route_type": "PI-GNN_REROUTE"}}, {"type": "Feature", "geometry": {"type": "LineString", "coordinates": [[76.41238, 10.356685], [76.412407, 10.356814]]}, "properties": {"segment_id": "REROUTE-SEG-1038", "scenario_stage": 5, "stage_label": "Reroute Executed", "description": "PI-GNN offline reroute manoeuvre complete \u2014 truck on safe path", "begin_time": "2026-07-15T09:05:00+00:00", "end_time": "2026-07-15T09:07:00+00:00", "hazard_coefficient": 0.0056, "hazard_class": "SAFE", "is_critical": false, "route_type": "PI-GNN_REROUTE"}}, {"type": "Feature", "geometry": {"type": "LineString", "coordinates": [[76.412407, 10.356814], [76.412579, 10.357588]]}, "properties": {"segment_id": "REROUTE-SEG-1039", "scenario_stage": 5, "stage_label": "Reroute Executed", "description": "PI-GNN offline reroute manoeuvre complete \u2014 truck on safe path", "begin_time": "2026-07-15T09:05:00+00:00", "end_time": "2026-07-15T09:07:00+00:00", "hazard_coefficient": 0.0056, "hazard_class": "SAFE", "is_critical": false, "route_type": "PI-GNN_REROUTE"}}, {"type": "Feature", "geometry": {"type": "LineString", "coordinates": [[76.412579, 10.357588], [76.412704, 10.358146]]}, "properties": {"segment_id": "REROUTE-SEG-1040", "scenario_stage": 5, "stage_label": "Reroute Executed", "description": "PI-GNN offline reroute manoeuvre complete \u2014 truck on safe path", "begin_time": "2026-07-15T09:05:00+00:00", "end_time": "2026-07-15T09:07:00+00:00", "hazard_coefficient": 0.0056, "hazard_class": "SAFE", "is_critical": false, "route_type": "PI-GNN_REROUTE"}}, {"type": "Feature", "geometry": {"type": "LineString", "coordinates": [[76.412704, 10.358146], [76.413612, 10.357897]]}, "properties": {"segment_id": "REROUTE-SEG-1041", "scenario_stage": 5, "stage_label": "Reroute Executed", "description": "PI-GNN offline reroute manoeuvre complete \u2014 truck on safe path", "begin_time": "2026-07-15T09:05:00+00:00", "end_time": "2026-07-15T09:07:00+00:00", "hazard_coefficient": 0.0056, "hazard_class": "SAFE", "is_critical": false, "route_type": "PI-GNN_REROUTE"}}, {"type": "Feature", "geometry": {"type": "LineString", "coordinates": [[76.413612, 10.357897], [76.414085, 10.357786]]}, "properties": {"segment_id": "REROUTE-SEG-1042", "scenario_stage": 5, "stage_label": "Reroute Executed", "description": "PI-GNN offline reroute manoeuvre complete \u2014 truck on safe path", "begin_time": "2026-07-15T09:05:00+00:00", "end_time": "2026-07-15T09:07:00+00:00", "hazard_coefficient": 0.0056, "hazard_class": "SAFE", "is_critical": false, "route_type": "PI-GNN_REROUTE"}}, {"type": "Feature", "geometry": {"type": "LineString", "coordinates": [[76.414085, 10.357786], [76.414404, 10.35771]]}, "properties": {"segment_id": "REROUTE-SEG-1043", "scenario_stage": 5, "stage_label": "Reroute Executed", "description": "PI-GNN offline reroute manoeuvre complete \u2014 truck on safe path", "begin_time": "2026-07-15T09:05:00+00:00", "end_time": "2026-07-15T09:07:00+00:00", "hazard_coefficient": 0.0056, "hazard_class": "SAFE", "is_critical": false, "route_type": "PI-GNN_REROUTE"}}, {"type": "Feature", "geometry": {"type": "LineString", "coordinates": [[76.414404, 10.35771], [76.414536, 10.357582]]}, "properties": {"segment_id": "REROUTE-SEG-1044", "scenario_stage": 5, "stage_label": "Reroute Executed", "description": "PI-GNN offline reroute manoeuvre complete \u2014 truck on safe path", "begin_time": "2026-07-15T09:05:00+00:00", "end_time": "2026-07-15T09:07:00+00:00", "hazard_coefficient": 0.0056, "hazard_class": "SAFE", "is_critical": false, "route_type": "PI-GNN_REROUTE"}}, {"type": "Feature", "geometry": {"type": "LineString", "coordinates": [[76.414536, 10.357582], [76.41466, 10.357291]]}, "properties": {"segment_id": "REROUTE-SEG-1045", "scenario_stage": 5, "stage_label": "Reroute Executed", "description": "PI-GNN offline reroute manoeuvre complete \u2014 truck on safe path", "begin_time": "2026-07-15T09:05:00+00:00", "end_time": "2026-07-15T09:07:00+00:00", "hazard_coefficient": 0.0056, "hazard_class": "SAFE", "is_critical": false, "route_type": "PI-GNN_REROUTE"}}, {"type": "Feature", "geometry": {"type": "LineString", "coordinates": [[76.41466, 10.357291], [76.414712, 10.357154]]}, "properties": {"segment_id": "REROUTE-SEG-1046", "scenario_stage": 5, "stage_label": "Reroute Executed", "description": "PI-GNN offline reroute manoeuvre complete \u2014 truck on safe path", "begin_time": "2026-07-15T09:05:00+00:00", "end_time": "2026-07-15T09:07:00+00:00", "hazard_coefficient": 0.0056, "hazard_class": "SAFE", "is_critical": false, "route_type": "PI-GNN_REROUTE"}}, {"type": "Feature", "geometry": {"type": "LineString", "coordinates": [[76.414712, 10.357154], [76.414827, 10.357042]]}, "properties": {"segment_id": "REROUTE-SEG-1047", "scenario_stage": 5, "stage_label": "Reroute Executed", "description": "PI-GNN offline reroute manoeuvre complete \u2014 truck on safe path", "begin_time": "2026-07-15T09:05:00+00:00", "end_time": "2026-07-15T09:07:00+00:00", "hazard_coefficient": 0.0056, "hazard_class": "SAFE", "is_critical": false, "route_type": "PI-GNN_REROUTE"}}, {"type": "Feature", "geometry": {"type": "LineString", "coordinates": [[76.414827, 10.357042], [76.414965, 10.35689]]}, "properties": {"segment_id": "REROUTE-SEG-1048", "scenario_stage": 5, "stage_label": "Reroute Executed", "description": "PI-GNN offline reroute manoeuvre complete \u2014 truck on safe path", "begin_time": "2026-07-15T09:05:00+00:00", "end_time": "2026-07-15T09:07:00+00:00", "hazard_coefficient": 0.0056, "hazard_class": "SAFE", "is_critical": false, "route_type": "PI-GNN_REROUTE"}}, {"type": "Feature", "geometry": {"type": "LineString", "coordinates": [[76.414965, 10.35689], [76.415089, 10.356811]]}, "properties": {"segment_id": "REROUTE-SEG-1049", "scenario_stage": 5, "stage_label": "Reroute Executed", "description": "PI-GNN offline reroute manoeuvre complete \u2014 truck on safe path", "begin_time": "2026-07-15T09:05:00+00:00", "end_time": "2026-07-15T09:07:00+00:00", "hazard_coefficient": 0.0056, "hazard_class": "SAFE", "is_critical": false, "route_type": "PI-GNN_REROUTE"}}, {"type": "Feature", "geometry": {"type": "LineString", "coordinates": [[76.415089, 10.356811], [76.415239, 10.356663]]}, "properties": {"segment_id": "REROUTE-SEG-1050", "scenario_stage": 5, "stage_label": "Reroute Executed", "description": "PI-GNN offline reroute manoeuvre complete \u2014 truck on safe path", "begin_time": "2026-07-15T09:05:00+00:00", "end_time": "2026-07-15T09:07:00+00:00", "hazard_coefficient": 0.0056, "hazard_class": "SAFE", "is_critical": false, "route_type": "PI-GNN_REROUTE"}}, {"type": "Feature", "geometry": {"type": "LineString", "coordinates": [[76.415239, 10.356663], [76.415416, 10.356568]]}, "properties": {"segment_id": "REROUTE-SEG-1051", "scenario_stage": 5, "stage_label": "Reroute Executed", "description": "PI-GNN offline reroute manoeuvre complete \u2014 truck on safe path", "begin_time": "2026-07-15T09:05:00+00:00", "end_time": "2026-07-15T09:07:00+00:00", "hazard_coefficient": 0.0056, "hazard_class": "SAFE", "is_critical": false, "route_type": "PI-GNN_REROUTE"}}, {"type": "Feature", "geometry": {"type": "LineString", "coordinates": [[76.415416, 10.356568], [76.415468, 10.356517]]}, "properties": {"segment_id": "REROUTE-SEG-1052", "scenario_stage": 5, "stage_label": "Reroute Executed", "description": "PI-GNN offline reroute manoeuvre complete \u2014 truck on safe path", "begin_time": "2026-07-15T09:05:00+00:00", "end_time": "2026-07-15T09:07:00+00:00", "hazard_coefficient": 0.0056, "hazard_class": "SAFE", "is_critical": false, "route_type": "PI-GNN_REROUTE"}}, {"type": "Feature", "geometry": {"type": "LineString", "coordinates": [[76.415468, 10.356517], [76.415539, 10.356447]]}, "properties": {"segment_id": "REROUTE-SEG-1053", "scenario_stage": 5, "stage_label": "Reroute Executed", "description": "PI-GNN offline reroute manoeuvre complete \u2014 truck on safe path", "begin_time": "2026-07-15T09:05:00+00:00", "end_time": "2026-07-15T09:07:00+00:00", "hazard_coefficient": 0.0056, "hazard_class": "SAFE", "is_critical": false, "route_type": "PI-GNN_REROUTE"}}, {"type": "Feature", "geometry": {"type": "LineString", "coordinates": [[76.415539, 10.356447], [76.415572, 10.356326]]}, "properties": {"segment_id": "REROUTE-SEG-1054", "scenario_stage": 5, "stage_label": "Reroute Executed", "description": "PI-GNN offline reroute manoeuvre complete \u2014 truck on safe path", "begin_time": "2026-07-15T09:05:00+00:00", "end_time": "2026-07-15T09:07:00+00:00", "hazard_coefficient": 0.0056, "hazard_class": "SAFE", "is_critical": false, "route_type": "PI-GNN_REROUTE"}}, {"type": "Feature", "geometry": {"type": "LineString", "coordinates": [[76.415572, 10.356326], [76.415518, 10.356104]]}, "properties": {"segment_id": "REROUTE-SEG-1055", "scenario_stage": 5, "stage_label": "Reroute Executed", "description": "PI-GNN offline reroute manoeuvre complete \u2014 truck on safe path", "begin_time": "2026-07-15T09:05:00+00:00", "end_time": "2026-07-15T09:07:00+00:00", "hazard_coefficient": 0.0056, "hazard_class": "SAFE", "is_critical": false, "route_type": "PI-GNN_REROUTE"}}, {"type": "Feature", "geometry": {"type": "LineString", "coordinates": [[76.415518, 10.356104], [76.415448, 10.35593]]}, "properties": {"segment_id": "REROUTE-SEG-1056", "scenario_stage": 5, "stage_label": "Reroute Executed", "description": "PI-GNN offline reroute manoeuvre complete \u2014 truck on safe path", "begin_time": "2026-07-15T09:05:00+00:00", "end_time": "2026-07-15T09:07:00+00:00", "hazard_coefficient": 0.0056, "hazard_class": "SAFE", "is_critical": false, "route_type": "PI-GNN_REROUTE"}}, {"type": "Feature", "geometry": {"type": "LineString", "coordinates": [[76.415448, 10.35593], [76.415647, 10.355719]]}, "properties": {"segment_id": "REROUTE-SEG-1057", "scenario_stage": 5, "stage_label": "Reroute Executed", "description": "PI-GNN offline reroute manoeuvre complete \u2014 truck on safe path", "begin_time": "2026-07-15T09:05:00+00:00", "end_time": "2026-07-15T09:07:00+00:00", "hazard_coefficient": 0.0056, "hazard_class": "SAFE", "is_critical": false, "route_type": "PI-GNN_REROUTE"}}, {"type": "Feature", "geometry": {"type": "LineString", "coordinates": [[76.415647, 10.355719], [76.416172, 10.355524]]}, "properties": {"segment_id": "REROUTE-SEG-1058", "scenario_stage": 5, "stage_label": "Reroute Executed", "description": "PI-GNN offline reroute manoeuvre complete \u2014 truck on safe path", "begin_time": "2026-07-15T09:05:00+00:00", "end_time": "2026-07-15T09:07:00+00:00", "hazard_coefficient": 0.0056, "hazard_class": "SAFE", "is_critical": false, "route_type": "PI-GNN_REROUTE"}}, {"type": "Feature", "geometry": {"type": "LineString", "coordinates": [[76.416172, 10.355524], [76.416451, 10.355423]]}, "properties": {"segment_id": "REROUTE-SEG-1059", "scenario_stage": 5, "stage_label": "Reroute Executed", "description": "PI-GNN offline reroute manoeuvre complete \u2014 truck on safe path", "begin_time": "2026-07-15T09:05:00+00:00", "end_time": "2026-07-15T09:07:00+00:00", "hazard_coefficient": 0.0056, "hazard_class": "SAFE", "is_critical": false, "route_type": "PI-GNN_REROUTE"}}, {"type": "Feature", "geometry": {"type": "LineString", "coordinates": [[76.416451, 10.355423], [76.41673, 10.355302]]}, "properties": {"segment_id": "REROUTE-SEG-1060", "scenario_stage": 5, "stage_label": "Reroute Executed", "description": "PI-GNN offline reroute manoeuvre complete \u2014 truck on safe path", "begin_time": "2026-07-15T09:05:00+00:00", "end_time": "2026-07-15T09:07:00+00:00", "hazard_coefficient": 0.0056, "hazard_class": "SAFE", "is_critical": false, "route_type": "PI-GNN_REROUTE"}}, {"type": "Feature", "geometry": {"type": "LineString", "coordinates": [[76.41673, 10.355302], [76.417283, 10.355006]]}, "properties": {"segment_id": "REROUTE-SEG-1061", "scenario_stage": 5, "stage_label": "Reroute Executed", "description": "PI-GNN offline reroute manoeuvre complete \u2014 truck on safe path", "begin_time": "2026-07-15T09:05:00+00:00", "end_time": "2026-07-15T09:07:00+00:00", "hazard_coefficient": 0.0056, "hazard_class": "SAFE", "is_critical": false, "route_type": "PI-GNN_REROUTE"}}, {"type": "Feature", "geometry": {"type": "LineString", "coordinates": [[76.417283, 10.355006], [76.417711, 10.354512]]}, "properties": {"segment_id": "REROUTE-SEG-1062", "scenario_stage": 5, "stage_label": "Reroute Executed", "description": "PI-GNN offline reroute manoeuvre complete \u2014 truck on safe path", "begin_time": "2026-07-15T09:05:00+00:00", "end_time": "2026-07-15T09:07:00+00:00", "hazard_coefficient": 0.0056, "hazard_class": "SAFE", "is_critical": false, "route_type": "PI-GNN_REROUTE"}}, {"type": "Feature", "geometry": {"type": "LineString", "coordinates": [[76.417711, 10.354512], [76.41812, 10.354268]]}, "properties": {"segment_id": "REROUTE-SEG-1063", "scenario_stage": 5, "stage_label": "Reroute Executed", "description": "PI-GNN offline reroute manoeuvre complete \u2014 truck on safe path", "begin_time": "2026-07-15T09:05:00+00:00", "end_time": "2026-07-15T09:07:00+00:00", "hazard_coefficient": 0.0056, "hazard_class": "SAFE", "is_critical": false, "route_type": "PI-GNN_REROUTE"}}, {"type": "Feature", "geometry": {"type": "LineString", "coordinates": [[76.41812, 10.354268], [76.418544, 10.353872]]}, "properties": {"segment_id": "REROUTE-SEG-1064", "scenario_stage": 5, "stage_label": "Reroute Executed", "description": "PI-GNN offline reroute manoeuvre complete \u2014 truck on safe path", "begin_time": "2026-07-15T09:05:00+00:00", "end_time": "2026-07-15T09:07:00+00:00", "hazard_coefficient": 0.0056, "hazard_class": "SAFE", "is_critical": false, "route_type": "PI-GNN_REROUTE"}}, {"type": "Feature", "geometry": {"type": "LineString", "coordinates": [[76.418544, 10.353872], [76.419219, 10.353196]]}, "properties": {"segment_id": "REROUTE-SEG-1065", "scenario_stage": 5, "stage_label": "Reroute Executed", "description": "PI-GNN offline reroute manoeuvre complete \u2014 truck on safe path", "begin_time": "2026-07-15T09:05:00+00:00", "end_time": "2026-07-15T09:07:00+00:00", "hazard_coefficient": 0.0056, "hazard_class": "SAFE", "is_critical": false, "route_type": "PI-GNN_REROUTE"}}, {"type": "Feature", "geometry": {"type": "LineString", "coordinates": [[76.419219, 10.353196], [76.419364, 10.353115]]}, "properties": {"segment_id": "REROUTE-SEG-1066", "scenario_stage": 5, "stage_label": "Reroute Executed", "description": "PI-GNN offline reroute manoeuvre complete \u2014 truck on safe path", "begin_time": "2026-07-15T09:05:00+00:00", "end_time": "2026-07-15T09:07:00+00:00", "hazard_coefficient": 0.0056, "hazard_class": "SAFE", "is_critical": false, "route_type": "PI-GNN_REROUTE"}}, {"type": "Feature", "geometry": {"type": "LineString", "coordinates": [[76.419364, 10.353115], [76.419858, 10.352832]]}, "properties": {"segment_id": "REROUTE-SEG-1067", "scenario_stage": 5, "stage_label": "Reroute Executed", "description": "PI-GNN offline reroute manoeuvre complete \u2014 truck on safe path", "begin_time": "2026-07-15T09:05:00+00:00", "end_time": "2026-07-15T09:07:00+00:00", "hazard_coefficient": 0.0056, "hazard_class": "SAFE", "is_critical": false, "route_type": "PI-GNN_REROUTE"}}, {"type": "Feature", "geometry": {"type": "LineString", "coordinates": [[76.419858, 10.352832], [76.420416, 10.352632]]}, "properties": {"segment_id": "REROUTE-SEG-1068", "scenario_stage": 5, "stage_label": "Reroute Executed", "description": "PI-GNN offline reroute manoeuvre complete \u2014 truck on safe path", "begin_time": "2026-07-15T09:05:00+00:00", "end_time": "2026-07-15T09:07:00+00:00", "hazard_coefficient": 0.0056, "hazard_class": "SAFE", "is_critical": false, "route_type": "PI-GNN_REROUTE"}}, {"type": "Feature", "geometry": {"type": "LineString", "coordinates": [[76.420416, 10.352632], [76.420652, 10.352527]]}, "properties": {"segment_id": "REROUTE-SEG-1069", "scenario_stage": 5, "stage_label": "Reroute Executed", "description": "PI-GNN offline reroute manoeuvre complete \u2014 truck on safe path", "begin_time": "2026-07-15T09:05:00+00:00", "end_time": "2026-07-15T09:07:00+00:00", "hazard_coefficient": 0.0056, "hazard_class": "SAFE", "is_critical": false, "route_type": "PI-GNN_REROUTE"}}, {"type": "Feature", "geometry": {"type": "LineString", "coordinates": [[76.420652, 10.352527], [76.421135, 10.352304]]}, "properties": {"segment_id": "REROUTE-SEG-1070", "scenario_stage": 5, "stage_label": "Reroute Executed", "description": "PI-GNN offline reroute manoeuvre complete \u2014 truck on safe path", "begin_time": "2026-07-15T09:05:00+00:00", "end_time": "2026-07-15T09:07:00+00:00", "hazard_coefficient": 0.0056, "hazard_class": "SAFE", "is_critical": false, "route_type": "PI-GNN_REROUTE"}}, {"type": "Feature", "geometry": {"type": "LineString", "coordinates": [[76.421135, 10.352304], [76.421939, 10.352035]]}, "properties": {"segment_id": "REROUTE-SEG-1071", "scenario_stage": 5, "stage_label": "Reroute Executed", "description": "PI-GNN offline reroute manoeuvre complete \u2014 truck on safe path", "begin_time": "2026-07-15T09:05:00+00:00", "end_time": "2026-07-15T09:07:00+00:00", "hazard_coefficient": 0.0056, "hazard_class": "SAFE", "is_critical": false, "route_type": "PI-GNN_REROUTE"}}, {"type": "Feature", "geometry": {"type": "LineString", "coordinates": [[76.421939, 10.352035], [76.422011, 10.352029]]}, "properties": {"segment_id": "REROUTE-SEG-1072", "scenario_stage": 5, "stage_label": "Reroute Executed", "description": "PI-GNN offline reroute manoeuvre complete \u2014 truck on safe path", "begin_time": "2026-07-15T09:05:00+00:00", "end_time": "2026-07-15T09:07:00+00:00", "hazard_coefficient": 0.0056, "hazard_class": "SAFE", "is_critical": false, "route_type": "PI-GNN_REROUTE"}}, {"type": "Feature", "geometry": {"type": "LineString", "coordinates": [[76.422011, 10.352029], [76.421954, 10.351955]]}, "properties": {"segment_id": "REROUTE-SEG-1073", "scenario_stage": 5, "stage_label": "Reroute Executed", "description": "PI-GNN offline reroute manoeuvre complete \u2014 truck on safe path", "begin_time": "2026-07-15T09:05:00+00:00", "end_time": "2026-07-15T09:07:00+00:00", "hazard_coefficient": 0.0056, "hazard_class": "SAFE", "is_critical": false, "route_type": "PI-GNN_REROUTE"}}, {"type": "Feature", "geometry": {"type": "LineString", "coordinates": [[76.421954, 10.351955], [76.421817, 10.351831]]}, "properties": {"segment_id": "REROUTE-SEG-1074", "scenario_stage": 5, "stage_label": "Reroute Executed", "description": "PI-GNN offline reroute manoeuvre complete \u2014 truck on safe path", "begin_time": "2026-07-15T09:05:00+00:00", "end_time": "2026-07-15T09:07:00+00:00", "hazard_coefficient": 0.0056, "hazard_class": "SAFE", "is_critical": false, "route_type": "PI-GNN_REROUTE"}}, {"type": "Feature", "geometry": {"type": "LineString", "coordinates": [[76.421817, 10.351831], [76.421636, 10.35172]]}, "properties": {"segment_id": "REROUTE-SEG-1075", "scenario_stage": 5, "stage_label": "Reroute Executed", "description": "PI-GNN offline reroute manoeuvre complete \u2014 truck on safe path", "begin_time": "2026-07-15T09:05:00+00:00", "end_time": "2026-07-15T09:07:00+00:00", "hazard_coefficient": 0.0056, "hazard_class": "SAFE", "is_critical": false, "route_type": "PI-GNN_REROUTE"}}, {"type": "Feature", "geometry": {"type": "LineString", "coordinates": [[76.421636, 10.35172], [76.421468, 10.351538]]}, "properties": {"segment_id": "REROUTE-SEG-1076", "scenario_stage": 5, "stage_label": "Reroute Executed", "description": "PI-GNN offline reroute manoeuvre complete \u2014 truck on safe path", "begin_time": "2026-07-15T09:05:00+00:00", "end_time": "2026-07-15T09:07:00+00:00", "hazard_coefficient": 0.0056, "hazard_class": "SAFE", "is_critical": false, "route_type": "PI-GNN_REROUTE"}}, {"type": "Feature", "geometry": {"type": "LineString", "coordinates": [[76.421468, 10.351538], [76.421372, 10.351484]]}, "properties": {"segment_id": "REROUTE-SEG-1077", "scenario_stage": 5, "stage_label": "Reroute Executed", "description": "PI-GNN offline reroute manoeuvre complete \u2014 truck on safe path", "begin_time": "2026-07-15T09:05:00+00:00", "end_time": "2026-07-15T09:07:00+00:00", "hazard_coefficient": 0.0056, "hazard_class": "SAFE", "is_critical": false, "route_type": "PI-GNN_REROUTE"}}, {"type": "Feature", "geometry": {"type": "LineString", "coordinates": [[76.421372, 10.351484], [76.421212, 10.3514]]}, "properties": {"segment_id": "REROUTE-SEG-1078", "scenario_stage": 5, "stage_label": "Reroute Executed", "description": "PI-GNN offline reroute manoeuvre complete \u2014 truck on safe path", "begin_time": "2026-07-15T09:05:00+00:00", "end_time": "2026-07-15T09:07:00+00:00", "hazard_coefficient": 0.0056, "hazard_class": "SAFE", "is_critical": false, "route_type": "PI-GNN_REROUTE"}}, {"type": "Feature", "geometry": {"type": "LineString", "coordinates": [[76.421212, 10.3514], [76.421109, 10.351364]]}, "properties": {"segment_id": "REROUTE-SEG-1079", "scenario_stage": 5, "stage_label": "Reroute Executed", "description": "PI-GNN offline reroute manoeuvre complete \u2014 truck on safe path", "begin_time": "2026-07-15T09:05:00+00:00", "end_time": "2026-07-15T09:07:00+00:00", "hazard_coefficient": 0.0056, "hazard_class": "SAFE", "is_critical": false, "route_type": "PI-GNN_REROUTE"}}, {"type": "Feature", "geometry": {"type": "LineString", "coordinates": [[76.421109, 10.351364], [76.421044, 10.351289]]}, "properties": {"segment_id": "REROUTE-SEG-1080", "scenario_stage": 5, "stage_label": "Reroute Executed", "description": "PI-GNN offline reroute manoeuvre complete \u2014 truck on safe path", "begin_time": "2026-07-15T09:05:00+00:00", "end_time": "2026-07-15T09:07:00+00:00", "hazard_coefficient": 0.0056, "hazard_class": "SAFE", "is_critical": false, "route_type": "PI-GNN_REROUTE"}}, {"type": "Feature", "geometry": {"type": "LineString", "coordinates": [[76.421044, 10.351289], [76.420962, 10.351138]]}, "properties": {"segment_id": "REROUTE-SEG-1081", "scenario_stage": 5, "stage_label": "Reroute Executed", "description": "PI-GNN offline reroute manoeuvre complete \u2014 truck on safe path", "begin_time": "2026-07-15T09:05:00+00:00", "end_time": "2026-07-15T09:07:00+00:00", "hazard_coefficient": 0.0056, "hazard_class": "SAFE", "is_critical": false, "route_type": "PI-GNN_REROUTE"}}, {"type": "Feature", "geometry": {"type": "LineString", "coordinates": [[76.420962, 10.351138], [76.420962, 10.351138]]}, "properties": {"segment_id": "REROUTE-SEG-1082", "scenario_stage": 5, "stage_label": "Reroute Executed", "description": "PI-GNN offline reroute manoeuvre complete \u2014 truck on safe path", "begin_time": "2026-07-15T09:05:00+00:00", "end_time": "2026-07-15T09:07:00+00:00", "hazard_coefficient": 0.0056, "hazard_class": "SAFE", "is_critical": false, "route_type": "PI-GNN_REROUTE"}}, {"type": "Feature", "geometry": {"type": "LineString", "coordinates": [[76.420962, 10.351138], [76.421044, 10.351289]]}, "properties": {"segment_id": "REROUTE-SEG-1083", "scenario_stage": 5, "stage_label": "Reroute Executed", "description": "PI-GNN offline reroute manoeuvre complete \u2014 truck on safe path", "begin_time": "2026-07-15T09:05:00+00:00", "end_time": "2026-07-15T09:07:00+00:00", "hazard_coefficient": 0.0056, "hazard_class": "SAFE", "is_critical": false, "route_type": "PI-GNN_REROUTE"}}, {"type": "Feature", "geometry": {"type": "LineString", "coordinates": [[76.421044, 10.351289], [76.421109, 10.351364]]}, "properties": {"segment_id": "REROUTE-SEG-1084", "scenario_stage": 5, "stage_label": "Reroute Executed", "description": "PI-GNN offline reroute manoeuvre complete \u2014 truck on safe path", "begin_time": "2026-07-15T09:05:00+00:00", "end_time": "2026-07-15T09:07:00+00:00", "hazard_coefficient": 0.0056, "hazard_class": "SAFE", "is_critical": false, "route_type": "PI-GNN_REROUTE"}}, {"type": "Feature", "geometry": {"type": "LineString", "coordinates": [[76.421109, 10.351364], [76.421212, 10.3514]]}, "properties": {"segment_id": "REROUTE-SEG-1085", "scenario_stage": 5, "stage_label": "Reroute Executed", "description": "PI-GNN offline reroute manoeuvre complete \u2014 truck on safe path", "begin_time": "2026-07-15T09:05:00+00:00", "end_time": "2026-07-15T09:07:00+00:00", "hazard_coefficient": 0.0056, "hazard_class": "SAFE", "is_critical": false, "route_type": "PI-GNN_REROUTE"}}, {"type": "Feature", "geometry": {"type": "LineString", "coordinates": [[76.421212, 10.3514], [76.421372, 10.351484]]}, "properties": {"segment_id": "REROUTE-SEG-1086", "scenario_stage": 5, "stage_label": "Reroute Executed", "description": "PI-GNN offline reroute manoeuvre complete \u2014 truck on safe path", "begin_time": "2026-07-15T09:05:00+00:00", "end_time": "2026-07-15T09:07:00+00:00", "hazard_coefficient": 0.0056, "hazard_class": "SAFE", "is_critical": false, "route_type": "PI-GNN_REROUTE"}}, {"type": "Feature", "geometry": {"type": "LineString", "coordinates": [[76.421372, 10.351484], [76.421468, 10.351538]]}, "properties": {"segment_id": "REROUTE-SEG-1087", "scenario_stage": 5, "stage_label": "Reroute Executed", "description": "PI-GNN offline reroute manoeuvre complete \u2014 truck on safe path", "begin_time": "2026-07-15T09:05:00+00:00", "end_time": "2026-07-15T09:07:00+00:00", "hazard_coefficient": 0.0056, "hazard_class": "SAFE", "is_critical": false, "route_type": "PI-GNN_REROUTE"}}, {"type": "Feature", "geometry": {"type": "LineString", "coordinates": [[76.421468, 10.351538], [76.421636, 10.35172]]}, "properties": {"segment_id": "REROUTE-SEG-1088", "scenario_stage": 5, "stage_label": "Reroute Executed", "description": "PI-GNN offline reroute manoeuvre complete \u2014 truck on safe path", "begin_time": "2026-07-15T09:05:00+00:00", "end_time": "2026-07-15T09:07:00+00:00", "hazard_coefficient": 0.0056, "hazard_class": "SAFE", "is_critical": false, "route_type": "PI-GNN_REROUTE"}}, {"type": "Feature", "geometry": {"type": "LineString", "coordinates": [[76.421636, 10.35172], [76.421817, 10.351831]]}, "properties": {"segment_id": "REROUTE-SEG-1089", "scenario_stage": 5, "stage_label": "Reroute Executed", "description": "PI-GNN offline reroute manoeuvre complete \u2014 truck on safe path", "begin_time": "2026-07-15T09:05:00+00:00", "end_time": "2026-07-15T09:07:00+00:00", "hazard_coefficient": 0.0056, "hazard_class": "SAFE", "is_critical": false, "route_type": "PI-GNN_REROUTE"}}, {"type": "Feature", "geometry": {"type": "LineString", "coordinates": [[76.421817, 10.351831], [76.421954, 10.351955]]}, "properties": {"segment_id": "REROUTE-SEG-1090", "scenario_stage": 5, "stage_label": "Reroute Executed", "description": "PI-GNN offline reroute manoeuvre complete \u2014 truck on safe path", "begin_time": "2026-07-15T09:05:00+00:00", "end_time": "2026-07-15T09:07:00+00:00", "hazard_coefficient": 0.0056, "hazard_class": "SAFE", "is_critical": false, "route_type": "PI-GNN_REROUTE"}}, {"type": "Feature", "geometry": {"type": "LineString", "coordinates": [[76.421954, 10.351955], [76.422011, 10.352029]]}, "properties": {"segment_id": "REROUTE-SEG-1091", "scenario_stage": 5, "stage_label": "Reroute Executed", "description": "PI-GNN offline reroute manoeuvre complete \u2014 truck on safe path", "begin_time": "2026-07-15T09:05:00+00:00", "end_time": "2026-07-15T09:07:00+00:00", "hazard_coefficient": 0.0056, "hazard_class": "SAFE", "is_critical": false, "route_type": "PI-GNN_REROUTE"}}, {"type": "Feature", "geometry": {"type": "LineString", "coordinates": [[76.422011, 10.352029], [76.421939, 10.352035]]}, "properties": {"segment_id": "REROUTE-SEG-1092", "scenario_stage": 5, "stage_label": "Reroute Executed", "description": "PI-GNN offline reroute manoeuvre complete \u2014 truck on safe path", "begin_time": "2026-07-15T09:05:00+00:00", "end_time": "2026-07-15T09:07:00+00:00", "hazard_coefficient": 0.0056, "hazard_class": "SAFE", "is_critical": false, "route_type": "PI-GNN_REROUTE"}}, {"type": "Feature", "geometry": {"type": "LineString", "coordinates": [[76.421939, 10.352035], [76.421135, 10.352304]]}, "properties": {"segment_id": "REROUTE-SEG-1093", "scenario_stage": 5, "stage_label": "Reroute Executed", "description": "PI-GNN offline reroute manoeuvre complete \u2014 truck on safe path", "begin_time": "2026-07-15T09:05:00+00:00", "end_time": "2026-07-15T09:07:00+00:00", "hazard_coefficient": 0.0056, "hazard_class": "SAFE", "is_critical": false, "route_type": "PI-GNN_REROUTE"}}, {"type": "Feature", "geometry": {"type": "LineString", "coordinates": [[76.421135, 10.352304], [76.420652, 10.352527]]}, "properties": {"segment_id": "REROUTE-SEG-1094", "scenario_stage": 5, "stage_label": "Reroute Executed", "description": "PI-GNN offline reroute manoeuvre complete \u2014 truck on safe path", "begin_time": "2026-07-15T09:05:00+00:00", "end_time": "2026-07-15T09:07:00+00:00", "hazard_coefficient": 0.0056, "hazard_class": "SAFE", "is_critical": false, "route_type": "PI-GNN_REROUTE"}}, {"type": "Feature", "geometry": {"type": "LineString", "coordinates": [[76.420652, 10.352527], [76.420416, 10.352632]]}, "properties": {"segment_id": "REROUTE-SEG-1095", "scenario_stage": 5, "stage_label": "Reroute Executed", "description": "PI-GNN offline reroute manoeuvre complete \u2014 truck on safe path", "begin_time": "2026-07-15T09:05:00+00:00", "end_time": "2026-07-15T09:07:00+00:00", "hazard_coefficient": 0.0056, "hazard_class": "SAFE", "is_critical": false, "route_type": "PI-GNN_REROUTE"}}, {"type": "Feature", "geometry": {"type": "LineString", "coordinates": [[76.420416, 10.352632], [76.419858, 10.352832]]}, "properties": {"segment_id": "REROUTE-SEG-1096", "scenario_stage": 5, "stage_label": "Reroute Executed", "description": "PI-GNN offline reroute manoeuvre complete \u2014 truck on safe path", "begin_time": "2026-07-15T09:05:00+00:00", "end_time": "2026-07-15T09:07:00+00:00", "hazard_coefficient": 0.0056, "hazard_class": "SAFE", "is_critical": false, "route_type": "PI-GNN_REROUTE"}}, {"type": "Feature", "geometry": {"type": "LineString", "coordinates": [[76.419858, 10.352832], [76.419364, 10.353115]]}, "properties": {"segment_id": "REROUTE-SEG-1097", "scenario_stage": 5, "stage_label": "Reroute Executed", "description": "PI-GNN offline reroute manoeuvre complete \u2014 truck on safe path", "begin_time": "2026-07-15T09:05:00+00:00", "end_time": "2026-07-15T09:07:00+00:00", "hazard_coefficient": 0.0056, "hazard_class": "SAFE", "is_critical": false, "route_type": "PI-GNN_REROUTE"}}, {"type": "Feature", "geometry": {"type": "LineString", "coordinates": [[76.419364, 10.353115], [76.419219, 10.353196]]}, "properties": {"segment_id": "REROUTE-SEG-1098", "scenario_stage": 5, "stage_label": "Reroute Executed", "description": "PI-GNN offline reroute manoeuvre complete \u2014 truck on safe path", "begin_time": "2026-07-15T09:05:00+00:00", "end_time": "2026-07-15T09:07:00+00:00", "hazard_coefficient": 0.0056, "hazard_class": "SAFE", "is_critical": false, "route_type": "PI-GNN_REROUTE"}}, {"type": "Feature", "geometry": {"type": "LineString", "coordinates": [[76.419219, 10.353196], [76.418544, 10.353872]]}, "properties": {"segment_id": "REROUTE-SEG-1099", "scenario_stage": 5, "stage_label": "Reroute Executed", "description": "PI-GNN offline reroute manoeuvre complete \u2014 truck on safe path", "begin_time": "2026-07-15T09:05:00+00:00", "end_time": "2026-07-15T09:07:00+00:00", "hazard_coefficient": 0.0056, "hazard_class": "SAFE", "is_critical": false, "route_type": "PI-GNN_REROUTE"}}, {"type": "Feature", "geometry": {"type": "LineString", "coordinates": [[76.418544, 10.353872], [76.41812, 10.354268]]}, "properties": {"segment_id": "REROUTE-SEG-1100", "scenario_stage": 5, "stage_label": "Reroute Executed", "description": "PI-GNN offline reroute manoeuvre complete \u2014 truck on safe path", "begin_time": "2026-07-15T09:05:00+00:00", "end_time": "2026-07-15T09:07:00+00:00", "hazard_coefficient": 0.0056, "hazard_class": "SAFE", "is_critical": false, "route_type": "PI-GNN_REROUTE"}}, {"type": "Feature", "geometry": {"type": "LineString", "coordinates": [[76.41812, 10.354268], [76.417711, 10.354512]]}, "properties": {"segment_id": "REROUTE-SEG-1101", "scenario_stage": 5, "stage_label": "Reroute Executed", "description": "PI-GNN offline reroute manoeuvre complete \u2014 truck on safe path", "begin_time": "2026-07-15T09:05:00+00:00", "end_time": "2026-07-15T09:07:00+00:00", "hazard_coefficient": 0.0056, "hazard_class": "SAFE", "is_critical": false, "route_type": "PI-GNN_REROUTE"}}, {"type": "Feature", "geometry": {"type": "LineString", "coordinates": [[76.417711, 10.354512], [76.417283, 10.355006]]}, "properties": {"segment_id": "REROUTE-SEG-1102", "scenario_stage": 5, "stage_label": "Reroute Executed", "description": "PI-GNN offline reroute manoeuvre complete \u2014 truck on safe path", "begin_time": "2026-07-15T09:05:00+00:00", "end_time": "2026-07-15T09:07:00+00:00", "hazard_coefficient": 0.0056, "hazard_class": "SAFE", "is_critical": false, "route_type": "PI-GNN_REROUTE"}}, {"type": "Feature", "geometry": {"type": "LineString", "coordinates": [[76.417283, 10.355006], [76.41673, 10.355302]]}, "properties": {"segment_id": "REROUTE-SEG-1103", "scenario_stage": 5, "stage_label": "Reroute Executed", "description": "PI-GNN offline reroute manoeuvre complete \u2014 truck on safe path", "begin_time": "2026-07-15T09:05:00+00:00", "end_time": "2026-07-15T09:07:00+00:00", "hazard_coefficient": 0.0056, "hazard_class": "SAFE", "is_critical": false, "route_type": "PI-GNN_REROUTE"}}, {"type": "Feature", "geometry": {"type": "LineString", "coordinates": [[76.41673, 10.355302], [76.416451, 10.355423]]}, "properties": {"segment_id": "REROUTE-SEG-1104", "scenario_stage": 5, "stage_label": "Reroute Executed", "description": "PI-GNN offline reroute manoeuvre complete \u2014 truck on safe path", "begin_time": "2026-07-15T09:05:00+00:00", "end_time": "2026-07-15T09:07:00+00:00", "hazard_coefficient": 0.0056, "hazard_class": "SAFE", "is_critical": false, "route_type": "PI-GNN_REROUTE"}}, {"type": "Feature", "geometry": {"type": "LineString", "coordinates": [[76.416451, 10.355423], [76.416172, 10.355524]]}, "properties": {"segment_id": "REROUTE-SEG-1105", "scenario_stage": 5, "stage_label": "Reroute Executed", "description": "PI-GNN offline reroute manoeuvre complete \u2014 truck on safe path", "begin_time": "2026-07-15T09:05:00+00:00", "end_time": "2026-07-15T09:07:00+00:00", "hazard_coefficient": 0.0056, "hazard_class": "SAFE", "is_critical": false, "route_type": "PI-GNN_REROUTE"}}, {"type": "Feature", "geometry": {"type": "LineString", "coordinates": [[76.416172, 10.355524], [76.415647, 10.355719]]}, "properties": {"segment_id": "REROUTE-SEG-1106", "scenario_stage": 5, "stage_label": "Reroute Executed", "description": "PI-GNN offline reroute manoeuvre complete \u2014 truck on safe path", "begin_time": "2026-07-15T09:05:00+00:00", "end_time": "2026-07-15T09:07:00+00:00", "hazard_coefficient": 0.0056, "hazard_class": "SAFE", "is_critical": false, "route_type": "PI-GNN_REROUTE"}}, {"type": "Feature", "geometry": {"type": "LineString", "coordinates": [[76.415647, 10.355719], [76.415448, 10.35593]]}, "properties": {"segment_id": "REROUTE-SEG-1107", "scenario_stage": 5, "stage_label": "Reroute Executed", "description": "PI-GNN offline reroute manoeuvre complete \u2014 truck on safe path", "begin_time": "2026-07-15T09:05:00+00:00", "end_time": "2026-07-15T09:07:00+00:00", "hazard_coefficient": 0.0056, "hazard_class": "SAFE", "is_critical": false, "route_type": "PI-GNN_REROUTE"}}, {"type": "Feature", "geometry": {"type": "LineString", "coordinates": [[76.415448, 10.35593], [76.415518, 10.356104]]}, "properties": {"segment_id": "REROUTE-SEG-1108", "scenario_stage": 5, "stage_label": "Reroute Executed", "description": "PI-GNN offline reroute manoeuvre complete \u2014 truck on safe path", "begin_time": "2026-07-15T09:05:00+00:00", "end_time": "2026-07-15T09:07:00+00:00", "hazard_coefficient": 0.0056, "hazard_class": "SAFE", "is_critical": false, "route_type": "PI-GNN_REROUTE"}}, {"type": "Feature", "geometry": {"type": "LineString", "coordinates": [[76.415518, 10.356104], [76.415572, 10.356326]]}, "properties": {"segment_id": "REROUTE-SEG-1109", "scenario_stage": 5, "stage_label": "Reroute Executed", "description": "PI-GNN offline reroute manoeuvre complete \u2014 truck on safe path", "begin_time": "2026-07-15T09:05:00+00:00", "end_time": "2026-07-15T09:07:00+00:00", "hazard_coefficient": 0.0056, "hazard_class": "SAFE", "is_critical": false, "route_type": "PI-GNN_REROUTE"}}, {"type": "Feature", "geometry": {"type": "LineString", "coordinates": [[76.415572, 10.356326], [76.415539, 10.356447]]}, "properties": {"segment_id": "REROUTE-SEG-1110", "scenario_stage": 5, "stage_label": "Reroute Executed", "description": "PI-GNN offline reroute manoeuvre complete \u2014 truck on safe path", "begin_time": "2026-07-15T09:05:00+00:00", "end_time": "2026-07-15T09:07:00+00:00", "hazard_coefficient": 0.0056, "hazard_class": "SAFE", "is_critical": false, "route_type": "PI-GNN_REROUTE"}}, {"type": "Feature", "geometry": {"type": "LineString", "coordinates": [[76.415539, 10.356447], [76.415468, 10.356517]]}, "properties": {"segment_id": "REROUTE-SEG-1111", "scenario_stage": 5, "stage_label": "Reroute Executed", "description": "PI-GNN offline reroute manoeuvre complete \u2014 truck on safe path", "begin_time": "2026-07-15T09:05:00+00:00", "end_time": "2026-07-15T09:07:00+00:00", "hazard_coefficient": 0.0056, "hazard_class": "SAFE", "is_critical": false, "route_type": "PI-GNN_REROUTE"}}, {"type": "Feature", "geometry": {"type": "LineString", "coordinates": [[76.415468, 10.356517], [76.415416, 10.356568]]}, "properties": {"segment_id": "REROUTE-SEG-1112", "scenario_stage": 5, "stage_label": "Reroute Executed", "description": "PI-GNN offline reroute manoeuvre complete \u2014 truck on safe path", "begin_time": "2026-07-15T09:05:00+00:00", "end_time": "2026-07-15T09:07:00+00:00", "hazard_coefficient": 0.0056, "hazard_class": "SAFE", "is_critical": false, "route_type": "PI-GNN_REROUTE"}}, {"type": "Feature", "geometry": {"type": "LineString", "coordinates": [[76.415416, 10.356568], [76.415239, 10.356663]]}, "properties": {"segment_id": "REROUTE-SEG-1113", "scenario_stage": 5, "stage_label": "Reroute Executed", "description": "PI-GNN offline reroute manoeuvre complete \u2014 truck on safe path", "begin_time": "2026-07-15T09:05:00+00:00", "end_time": "2026-07-15T09:07:00+00:00", "hazard_coefficient": 0.0056, "hazard_class": "SAFE", "is_critical": false, "route_type": "PI-GNN_REROUTE"}}, {"type": "Feature", "geometry": {"type": "LineString", "coordinates": [[76.415239, 10.356663], [76.415089, 10.356811]]}, "properties": {"segment_id": "REROUTE-SEG-1114", "scenario_stage": 5, "stage_label": "Reroute Executed", "description": "PI-GNN offline reroute manoeuvre complete \u2014 truck on safe path", "begin_time": "2026-07-15T09:05:00+00:00", "end_time": "2026-07-15T09:07:00+00:00", "hazard_coefficient": 0.0056, "hazard_class": "SAFE", "is_critical": false, "route_type": "PI-GNN_REROUTE"}}, {"type": "Feature", "geometry": {"type": "LineString", "coordinates": [[76.415089, 10.356811], [76.414965, 10.35689]]}, "properties": {"segment_id": "REROUTE-SEG-1115", "scenario_stage": 5, "stage_label": "Reroute Executed", "description": "PI-GNN offline reroute manoeuvre complete \u2014 truck on safe path", "begin_time": "2026-07-15T09:05:00+00:00", "end_time": "2026-07-15T09:07:00+00:00", "hazard_coefficient": 0.0056, "hazard_class": "SAFE", "is_critical": false, "route_type": "PI-GNN_REROUTE"}}, {"type": "Feature", "geometry": {"type": "LineString", "coordinates": [[76.414965, 10.35689], [76.414827, 10.357042]]}, "properties": {"segment_id": "REROUTE-SEG-1116", "scenario_stage": 5, "stage_label": "Reroute Executed", "description": "PI-GNN offline reroute manoeuvre complete \u2014 truck on safe path", "begin_time": "2026-07-15T09:05:00+00:00", "end_time": "2026-07-15T09:07:00+00:00", "hazard_coefficient": 0.0056, "hazard_class": "SAFE", "is_critical": false, "route_type": "PI-GNN_REROUTE"}}, {"type": "Feature", "geometry": {"type": "LineString", "coordinates": [[76.414827, 10.357042], [76.414712, 10.357154]]}, "properties": {"segment_id": "REROUTE-SEG-1117", "scenario_stage": 5, "stage_label": "Reroute Executed", "description": "PI-GNN offline reroute manoeuvre complete \u2014 truck on safe path", "begin_time": "2026-07-15T09:05:00+00:00", "end_time": "2026-07-15T09:07:00+00:00", "hazard_coefficient": 0.0056, "hazard_class": "SAFE", "is_critical": false, "route_type": "PI-GNN_REROUTE"}}, {"type": "Feature", "geometry": {"type": "LineString", "coordinates": [[76.414712, 10.357154], [76.41466, 10.357291]]}, "properties": {"segment_id": "REROUTE-SEG-1118", "scenario_stage": 5, "stage_label": "Reroute Executed", "description": "PI-GNN offline reroute manoeuvre complete \u2014 truck on safe path", "begin_time": "2026-07-15T09:05:00+00:00", "end_time": "2026-07-15T09:07:00+00:00", "hazard_coefficient": 0.0056, "hazard_class": "SAFE", "is_critical": false, "route_type": "PI-GNN_REROUTE"}}, {"type": "Feature", "geometry": {"type": "LineString", "coordinates": [[76.41466, 10.357291], [76.414536, 10.357582]]}, "properties": {"segment_id": "REROUTE-SEG-1119", "scenario_stage": 5, "stage_label": "Reroute Executed", "description": "PI-GNN offline reroute manoeuvre complete \u2014 truck on safe path", "begin_time": "2026-07-15T09:05:00+00:00", "end_time": "2026-07-15T09:07:00+00:00", "hazard_coefficient": 0.0056, "hazard_class": "SAFE", "is_critical": false, "route_type": "PI-GNN_REROUTE"}}, {"type": "Feature", "geometry": {"type": "LineString", "coordinates": [[76.414536, 10.357582], [76.414404, 10.35771]]}, "properties": {"segment_id": "REROUTE-SEG-1120", "scenario_stage": 5, "stage_label": "Reroute Executed", "description": "PI-GNN offline reroute manoeuvre complete \u2014 truck on safe path", "begin_time": "2026-07-15T09:05:00+00:00", "end_time": "2026-07-15T09:07:00+00:00", "hazard_coefficient": 0.0056, "hazard_class": "SAFE", "is_critical": false, "route_type": "PI-GNN_REROUTE"}}, {"type": "Feature", "geometry": {"type": "LineString", "coordinates": [[76.414404, 10.35771], [76.414085, 10.357786]]}, "properties": {"segment_id": "REROUTE-SEG-1121", "scenario_stage": 5, "stage_label": "Reroute Executed", "description": "PI-GNN offline reroute manoeuvre complete \u2014 truck on safe path", "begin_time": "2026-07-15T09:05:00+00:00", "end_time": "2026-07-15T09:07:00+00:00", "hazard_coefficient": 0.0056, "hazard_class": "SAFE", "is_critical": false, "route_type": "PI-GNN_REROUTE"}}, {"type": "Feature", "geometry": {"type": "LineString", "coordinates": [[76.414085, 10.357786], [76.413612, 10.357897]]}, "properties": {"segment_id": "REROUTE-SEG-1122", "scenario_stage": 5, "stage_label": "Reroute Executed", "description": "PI-GNN offline reroute manoeuvre complete \u2014 truck on safe path", "begin_time": "2026-07-15T09:05:00+00:00", "end_time": "2026-07-15T09:07:00+00:00", "hazard_coefficient": 0.0056, "hazard_class": "SAFE", "is_critical": false, "route_type": "PI-GNN_REROUTE"}}, {"type": "Feature", "geometry": {"type": "LineString", "coordinates": [[76.413612, 10.357897], [76.412704, 10.358146]]}, "properties": {"segment_id": "REROUTE-SEG-1123", "scenario_stage": 5, "stage_label": "Reroute Executed", "description": "PI-GNN offline reroute manoeuvre complete \u2014 truck on safe path", "begin_time": "2026-07-15T09:05:00+00:00", "end_time": "2026-07-15T09:07:00+00:00", "hazard_coefficient": 0.0056, "hazard_class": "SAFE", "is_critical": false, "route_type": "PI-GNN_REROUTE"}}, {"type": "Feature", "geometry": {"type": "LineString", "coordinates": [[76.412704, 10.358146], [76.412537, 10.358488]]}, "properties": {"segment_id": "REROUTE-SEG-1124", "scenario_stage": 5, "stage_label": "Reroute Executed", "description": "PI-GNN offline reroute manoeuvre complete \u2014 truck on safe path", "begin_time": "2026-07-15T09:05:00+00:00", "end_time": "2026-07-15T09:07:00+00:00", "hazard_coefficient": 0.0056, "hazard_class": "SAFE", "is_critical": false, "route_type": "PI-GNN_REROUTE"}}, {"type": "Feature", "geometry": {"type": "LineString", "coordinates": [[76.412537, 10.358488], [76.412516, 10.358531]]}, "properties": {"segment_id": "REROUTE-SEG-1125", "scenario_stage": 5, "stage_label": "Reroute Executed", "description": "PI-GNN offline reroute manoeuvre complete \u2014 truck on safe path", "begin_time": "2026-07-15T09:05:00+00:00", "end_time": "2026-07-15T09:07:00+00:00", "hazard_coefficient": 0.0056, "hazard_class": "SAFE", "is_critical": false, "route_type": "PI-GNN_REROUTE"}}, {"type": "Feature", "geometry": {"type": "LineString", "coordinates": [[76.412516, 10.358531], [76.412499, 10.358567]]}, "properties": {"segment_id": "REROUTE-SEG-1126", "scenario_stage": 5, "stage_label": "Reroute Executed", "description": "PI-GNN offline reroute manoeuvre complete \u2014 truck on safe path", "begin_time": "2026-07-15T09:05:00+00:00", "end_time": "2026-07-15T09:07:00+00:00", "hazard_coefficient": 0.0056, "hazard_class": "SAFE", "is_critical": false, "route_type": "PI-GNN_REROUTE"}}, {"type": "Feature", "geometry": {"type": "LineString", "coordinates": [[76.412499, 10.358567], [76.412189, 10.359]]}, "properties": {"segment_id": "REROUTE-SEG-1127", "scenario_stage": 5, "stage_label": "Reroute Executed", "description": "PI-GNN offline reroute manoeuvre complete \u2014 truck on safe path", "begin_time": "2026-07-15T09:05:00+00:00", "end_time": "2026-07-15T09:07:00+00:00", "hazard_coefficient": 0.0056, "hazard_class": "SAFE", "is_critical": false, "route_type": "PI-GNN_REROUTE"}}, {"type": "Feature", "geometry": {"type": "LineString", "coordinates": [[76.412189, 10.359], [76.412014, 10.359299]]}, "properties": {"segment_id": "REROUTE-SEG-1128", "scenario_stage": 5, "stage_label": "Reroute Executed", "description": "PI-GNN offline reroute manoeuvre complete \u2014 truck on safe path", "begin_time": "2026-07-15T09:05:00+00:00", "end_time": "2026-07-15T09:07:00+00:00", "hazard_coefficient": 0.0056, "hazard_class": "SAFE", "is_critical": false, "route_type": "PI-GNN_REROUTE"}}, {"type": "Feature", "geometry": {"type": "LineString", "coordinates": [[76.412014, 10.359299], [76.411964, 10.359378]]}, "properties": {"segment_id": "REROUTE-SEG-1129", "scenario_stage": 5, "stage_label": "Reroute Executed", "description": "PI-GNN offline reroute manoeuvre complete \u2014 truck on safe path", "begin_time": "2026-07-15T09:05:00+00:00", "end_time": "2026-07-15T09:07:00+00:00", "hazard_coefficient": 0.0056, "hazard_class": "SAFE", "is_critical": false, "route_type": "PI-GNN_REROUTE"}}, {"type": "Feature", "geometry": {"type": "LineString", "coordinates": [[76.411964, 10.359378], [76.411833, 10.359587]]}, "properties": {"segment_id": "REROUTE-SEG-1130", "scenario_stage": 5, "stage_label": "Reroute Executed", "description": "PI-GNN offline reroute manoeuvre complete \u2014 truck on safe path", "begin_time": "2026-07-15T09:05:00+00:00", "end_time": "2026-07-15T09:07:00+00:00", "hazard_coefficient": 0.0056, "hazard_class": "SAFE", "is_critical": false, "route_type": "PI-GNN_REROUTE"}}, {"type": "Feature", "geometry": {"type": "LineString", "coordinates": [[76.411833, 10.359587], [76.411668, 10.359811]]}, "properties": {"segment_id": "REROUTE-SEG-1131", "scenario_stage": 5, "stage_label": "Reroute Executed", "description": "PI-GNN offline reroute manoeuvre complete \u2014 truck on safe path", "begin_time": "2026-07-15T09:05:00+00:00", "end_time": "2026-07-15T09:07:00+00:00", "hazard_coefficient": 0.0056, "hazard_class": "SAFE", "is_critical": false, "route_type": "PI-GNN_REROUTE"}}, {"type": "Feature", "geometry": {"type": "LineString", "coordinates": [[76.411668, 10.359811], [76.411484, 10.360061]]}, "properties": {"segment_id": "REROUTE-SEG-1132", "scenario_stage": 5, "stage_label": "Reroute Executed", "description": "PI-GNN offline reroute manoeuvre complete \u2014 truck on safe path", "begin_time": "2026-07-15T09:05:00+00:00", "end_time": "2026-07-15T09:07:00+00:00", "hazard_coefficient": 0.0056, "hazard_class": "SAFE", "is_critical": false, "route_type": "PI-GNN_REROUTE"}}, {"type": "Feature", "geometry": {"type": "LineString", "coordinates": [[76.411484, 10.360061], [76.411322, 10.360277]]}, "properties": {"segment_id": "REROUTE-SEG-1133", "scenario_stage": 5, "stage_label": "Reroute Executed", "description": "PI-GNN offline reroute manoeuvre complete \u2014 truck on safe path", "begin_time": "2026-07-15T09:05:00+00:00", "end_time": "2026-07-15T09:07:00+00:00", "hazard_coefficient": 0.0056, "hazard_class": "SAFE", "is_critical": false, "route_type": "PI-GNN_REROUTE"}}, {"type": "Feature", "geometry": {"type": "LineString", "coordinates": [[76.411322, 10.360277], [76.411137, 10.360526]]}, "properties": {"segment_id": "REROUTE-SEG-1134", "scenario_stage": 5, "stage_label": "Reroute Executed", "description": "PI-GNN offline reroute manoeuvre complete \u2014 truck on safe path", "begin_time": "2026-07-15T09:05:00+00:00", "end_time": "2026-07-15T09:07:00+00:00", "hazard_coefficient": 0.0056, "hazard_class": "SAFE", "is_critical": false, "route_type": "PI-GNN_REROUTE"}}, {"type": "Feature", "geometry": {"type": "LineString", "coordinates": [[76.411137, 10.360526], [76.410888, 10.36079]]}, "properties": {"segment_id": "REROUTE-SEG-1135", "scenario_stage": 5, "stage_label": "Reroute Executed", "description": "PI-GNN offline reroute manoeuvre complete \u2014 truck on safe path", "begin_time": "2026-07-15T09:05:00+00:00", "end_time": "2026-07-15T09:07:00+00:00", "hazard_coefficient": 0.0056, "hazard_class": "SAFE", "is_critical": false, "route_type": "PI-GNN_REROUTE"}}, {"type": "Feature", "geometry": {"type": "LineString", "coordinates": [[76.410888, 10.36079], [76.410736, 10.360967]]}, "properties": {"segment_id": "REROUTE-SEG-1136", "scenario_stage": 5, "stage_label": "Reroute Executed", "description": "PI-GNN offline reroute manoeuvre complete \u2014 truck on safe path", "begin_time": "2026-07-15T09:05:00+00:00", "end_time": "2026-07-15T09:07:00+00:00", "hazard_coefficient": 0.0056, "hazard_class": "SAFE", "is_critical": false, "route_type": "PI-GNN_REROUTE"}}, {"type": "Feature", "geometry": {"type": "LineString", "coordinates": [[76.410736, 10.360967], [76.410619, 10.36113]]}, "properties": {"segment_id": "REROUTE-SEG-1137", "scenario_stage": 5, "stage_label": "Reroute Executed", "description": "PI-GNN offline reroute manoeuvre complete \u2014 truck on safe path", "begin_time": "2026-07-15T09:05:00+00:00", "end_time": "2026-07-15T09:07:00+00:00", "hazard_coefficient": 0.0056, "hazard_class": "SAFE", "is_critical": false, "route_type": "PI-GNN_REROUTE"}}, {"type": "Feature", "geometry": {"type": "LineString", "coordinates": [[76.410619, 10.36113], [76.41045, 10.361424]]}, "properties": {"segment_id": "REROUTE-SEG-1138", "scenario_stage": 5, "stage_label": "Reroute Executed", "description": "PI-GNN offline reroute manoeuvre complete \u2014 truck on safe path", "begin_time": "2026-07-15T09:05:00+00:00", "end_time": "2026-07-15T09:07:00+00:00", "hazard_coefficient": 0.0056, "hazard_class": "SAFE", "is_critical": false, "route_type": "PI-GNN_REROUTE"}}, {"type": "Feature", "geometry": {"type": "LineString", "coordinates": [[76.41045, 10.361424], [76.410295, 10.361756]]}, "properties": {"segment_id": "REROUTE-SEG-1139", "scenario_stage": 5, "stage_label": "Reroute Executed", "description": "PI-GNN offline reroute manoeuvre complete \u2014 truck on safe path", "begin_time": "2026-07-15T09:05:00+00:00", "end_time": "2026-07-15T09:07:00+00:00", "hazard_coefficient": 0.0056, "hazard_class": "SAFE", "is_critical": false, "route_type": "PI-GNN_REROUTE"}}, {"type": "Feature", "geometry": {"type": "LineString", "coordinates": [[76.410295, 10.361756], [76.410141, 10.362033]]}, "properties": {"segment_id": "REROUTE-SEG-1140", "scenario_stage": 5, "stage_label": "Reroute Executed", "description": "PI-GNN offline reroute manoeuvre complete \u2014 truck on safe path", "begin_time": "2026-07-15T09:05:00+00:00", "end_time": "2026-07-15T09:07:00+00:00", "hazard_coefficient": 0.0056, "hazard_class": "SAFE", "is_critical": false, "route_type": "PI-GNN_REROUTE"}}, {"type": "Feature", "geometry": {"type": "LineString", "coordinates": [[76.410141, 10.362033], [76.410025, 10.362262]]}, "properties": {"segment_id": "REROUTE-SEG-1141", "scenario_stage": 5, "stage_label": "Reroute Executed", "description": "PI-GNN offline reroute manoeuvre complete \u2014 truck on safe path", "begin_time": "2026-07-15T09:05:00+00:00", "end_time": "2026-07-15T09:07:00+00:00", "hazard_coefficient": 0.0056, "hazard_class": "SAFE", "is_critical": false, "route_type": "PI-GNN_REROUTE"}}, {"type": "Feature", "geometry": {"type": "LineString", "coordinates": [[76.410025, 10.362262], [76.409897, 10.362331]]}, "properties": {"segment_id": "REROUTE-SEG-1142", "scenario_stage": 5, "stage_label": "Reroute Executed", "description": "PI-GNN offline reroute manoeuvre complete \u2014 truck on safe path", "begin_time": "2026-07-15T09:05:00+00:00", "end_time": "2026-07-15T09:07:00+00:00", "hazard_coefficient": 0.0056, "hazard_class": "SAFE", "is_critical": false, "route_type": "PI-GNN_REROUTE"}}, {"type": "Feature", "geometry": {"type": "LineString", "coordinates": [[76.409897, 10.362331], [76.409775, 10.362373]]}, "properties": {"segment_id": "REROUTE-SEG-1143", "scenario_stage": 5, "stage_label": "Reroute Executed", "description": "PI-GNN offline reroute manoeuvre complete \u2014 truck on safe path", "begin_time": "2026-07-15T09:05:00+00:00", "end_time": "2026-07-15T09:07:00+00:00", "hazard_coefficient": 0.0056, "hazard_class": "SAFE", "is_critical": false, "route_type": "PI-GNN_REROUTE"}}, {"type": "Feature", "geometry": {"type": "LineString", "coordinates": [[76.409775, 10.362373], [76.40946, 10.36246]]}, "properties": {"segment_id": "REROUTE-SEG-1144", "scenario_stage": 5, "stage_label": "Reroute Executed", "description": "PI-GNN offline reroute manoeuvre complete \u2014 truck on safe path", "begin_time": "2026-07-15T09:05:00+00:00", "end_time": "2026-07-15T09:07:00+00:00", "hazard_coefficient": 0.0056, "hazard_class": "SAFE", "is_critical": false, "route_type": "PI-GNN_REROUTE"}}, {"type": "Feature", "geometry": {"type": "LineString", "coordinates": [[76.40946, 10.36246], [76.409164, 10.362545]]}, "properties": {"segment_id": "REROUTE-SEG-1145", "scenario_stage": 5, "stage_label": "Reroute Executed", "description": "PI-GNN offline reroute manoeuvre complete \u2014 truck on safe path", "begin_time": "2026-07-15T09:05:00+00:00", "end_time": "2026-07-15T09:07:00+00:00", "hazard_coefficient": 0.0056, "hazard_class": "SAFE", "is_critical": false, "route_type": "PI-GNN_REROUTE"}}, {"type": "Feature", "geometry": {"type": "LineString", "coordinates": [[76.409164, 10.362545], [76.409044, 10.362594]]}, "properties": {"segment_id": "REROUTE-SEG-1146", "scenario_stage": 5, "stage_label": "Reroute Executed", "description": "PI-GNN offline reroute manoeuvre complete \u2014 truck on safe path", "begin_time": "2026-07-15T09:05:00+00:00", "end_time": "2026-07-15T09:07:00+00:00", "hazard_coefficient": 0.0056, "hazard_class": "SAFE", "is_critical": false, "route_type": "PI-GNN_REROUTE"}}, {"type": "Feature", "geometry": {"type": "LineString", "coordinates": [[76.409044, 10.362594], [76.408924, 10.362676]]}, "properties": {"segment_id": "REROUTE-SEG-1147", "scenario_stage": 5, "stage_label": "Reroute Executed", "description": "PI-GNN offline reroute manoeuvre complete \u2014 truck on safe path", "begin_time": "2026-07-15T09:05:00+00:00", "end_time": "2026-07-15T09:07:00+00:00", "hazard_coefficient": 0.0056, "hazard_class": "SAFE", "is_critical": false, "route_type": "PI-GNN_REROUTE"}}, {"type": "Feature", "geometry": {"type": "LineString", "coordinates": [[76.408924, 10.362676], [76.408805, 10.362777]]}, "properties": {"segment_id": "REROUTE-SEG-1148", "scenario_stage": 5, "stage_label": "Reroute Executed", "description": "PI-GNN offline reroute manoeuvre complete \u2014 truck on safe path", "begin_time": "2026-07-15T09:05:00+00:00", "end_time": "2026-07-15T09:07:00+00:00", "hazard_coefficient": 0.0056, "hazard_class": "SAFE", "is_critical": false, "route_type": "PI-GNN_REROUTE"}}, {"type": "Feature", "geometry": {"type": "LineString", "coordinates": [[76.408805, 10.362777], [76.408692, 10.362891]]}, "properties": {"segment_id": "REROUTE-SEG-1149", "scenario_stage": 5, "stage_label": "Reroute Executed", "description": "PI-GNN offline reroute manoeuvre complete \u2014 truck on safe path", "begin_time": "2026-07-15T09:05:00+00:00", "end_time": "2026-07-15T09:07:00+00:00", "hazard_coefficient": 0.0056, "hazard_class": "SAFE", "is_critical": false, "route_type": "PI-GNN_REROUTE"}}, {"type": "Feature", "geometry": {"type": "LineString", "coordinates": [[76.408692, 10.362891], [76.408529, 10.363048]]}, "properties": {"segment_id": "REROUTE-SEG-1150", "scenario_stage": 5, "stage_label": "Reroute Executed", "description": "PI-GNN offline reroute manoeuvre complete \u2014 truck on safe path", "begin_time": "2026-07-15T09:05:00+00:00", "end_time": "2026-07-15T09:07:00+00:00", "hazard_coefficient": 0.0056, "hazard_class": "SAFE", "is_critical": false, "route_type": "PI-GNN_REROUTE"}}, {"type": "Feature", "geometry": {"type": "LineString", "coordinates": [[76.408529, 10.363048], [76.408353, 10.363231]]}, "properties": {"segment_id": "REROUTE-SEG-1151", "scenario_stage": 5, "stage_label": "Reroute Executed", "description": "PI-GNN offline reroute manoeuvre complete \u2014 truck on safe path", "begin_time": "2026-07-15T09:05:00+00:00", "end_time": "2026-07-15T09:07:00+00:00", "hazard_coefficient": 0.0056, "hazard_class": "SAFE", "is_critical": false, "route_type": "PI-GNN_REROUTE"}}, {"type": "Feature", "geometry": {"type": "LineString", "coordinates": [[76.408353, 10.363231], [76.40832, 10.363265]]}, "properties": {"segment_id": "REROUTE-SEG-1152", "scenario_stage": 5, "stage_label": "Reroute Executed", "description": "PI-GNN offline reroute manoeuvre complete \u2014 truck on safe path", "begin_time": "2026-07-15T09:05:00+00:00", "end_time": "2026-07-15T09:07:00+00:00", "hazard_coefficient": 0.0056, "hazard_class": "SAFE", "is_critical": false, "route_type": "PI-GNN_REROUTE"}}, {"type": "Feature", "geometry": {"type": "LineString", "coordinates": [[76.40832, 10.363265], [76.408108, 10.363481]]}, "properties": {"segment_id": "REROUTE-SEG-1153", "scenario_stage": 5, "stage_label": "Reroute Executed", "description": "PI-GNN offline reroute manoeuvre complete \u2014 truck on safe path", "begin_time": "2026-07-15T09:05:00+00:00", "end_time": "2026-07-15T09:07:00+00:00", "hazard_coefficient": 0.0056, "hazard_class": "SAFE", "is_critical": false, "route_type": "PI-GNN_REROUTE"}}, {"type": "Feature", "geometry": {"type": "LineString", "coordinates": [[76.408108, 10.363481], [76.407929, 10.363634]]}, "properties": {"segment_id": "REROUTE-SEG-1154", "scenario_stage": 5, "stage_label": "Reroute Executed", "description": "PI-GNN offline reroute manoeuvre complete \u2014 truck on safe path", "begin_time": "2026-07-15T09:05:00+00:00", "end_time": "2026-07-15T09:07:00+00:00", "hazard_coefficient": 0.0056, "hazard_class": "SAFE", "is_critical": false, "route_type": "PI-GNN_REROUTE"}}, {"type": "Feature", "geometry": {"type": "LineString", "coordinates": [[76.407929, 10.363634], [76.407712, 10.363818]]}, "properties": {"segment_id": "REROUTE-SEG-1155", "scenario_stage": 5, "stage_label": "Reroute Executed", "description": "PI-GNN offline reroute manoeuvre complete \u2014 truck on safe path", "begin_time": "2026-07-15T09:05:00+00:00", "end_time": "2026-07-15T09:07:00+00:00", "hazard_coefficient": 0.0056, "hazard_class": "SAFE", "is_critical": false, "route_type": "PI-GNN_REROUTE"}}, {"type": "Feature", "geometry": {"type": "LineString", "coordinates": [[76.407712, 10.363818], [76.407687, 10.363839]]}, "properties": {"segment_id": "REROUTE-SEG-1156", "scenario_stage": 5, "stage_label": "Reroute Executed", "description": "PI-GNN offline reroute manoeuvre complete \u2014 truck on safe path", "begin_time": "2026-07-15T09:05:00+00:00", "end_time": "2026-07-15T09:07:00+00:00", "hazard_coefficient": 0.0056, "hazard_class": "SAFE", "is_critical": false, "route_type": "PI-GNN_REROUTE"}}, {"type": "Feature", "geometry": {"type": "LineString", "coordinates": [[76.407687, 10.363839], [76.407453, 10.364023]]}, "properties": {"segment_id": "REROUTE-SEG-1157", "scenario_stage": 5, "stage_label": "Reroute Executed", "description": "PI-GNN offline reroute manoeuvre complete \u2014 truck on safe path", "begin_time": "2026-07-15T09:05:00+00:00", "end_time": "2026-07-15T09:07:00+00:00", "hazard_coefficient": 0.0056, "hazard_class": "SAFE", "is_critical": false, "route_type": "PI-GNN_REROUTE"}}, {"type": "Feature", "geometry": {"type": "LineString", "coordinates": [[76.407453, 10.364023], [76.407326, 10.364119]]}, "properties": {"segment_id": "REROUTE-SEG-1158", "scenario_stage": 5, "stage_label": "Reroute Executed", "description": "PI-GNN offline reroute manoeuvre complete \u2014 truck on safe path", "begin_time": "2026-07-15T09:05:00+00:00", "end_time": "2026-07-15T09:07:00+00:00", "hazard_coefficient": 0.0056, "hazard_class": "SAFE", "is_critical": false, "route_type": "PI-GNN_REROUTE"}}, {"type": "Feature", "geometry": {"type": "LineString", "coordinates": [[76.407326, 10.364119], [76.407171, 10.36424]]}, "properties": {"segment_id": "REROUTE-SEG-1159", "scenario_stage": 5, "stage_label": "Reroute Executed", "description": "PI-GNN offline reroute manoeuvre complete \u2014 truck on safe path", "begin_time": "2026-07-15T09:05:00+00:00", "end_time": "2026-07-15T09:07:00+00:00", "hazard_coefficient": 0.0056, "hazard_class": "SAFE", "is_critical": false, "route_type": "PI-GNN_REROUTE"}}, {"type": "Feature", "geometry": {"type": "LineString", "coordinates": [[76.407171, 10.36424], [76.406921, 10.364448]]}, "properties": {"segment_id": "REROUTE-SEG-1160", "scenario_stage": 5, "stage_label": "Reroute Executed", "description": "PI-GNN offline reroute manoeuvre complete \u2014 truck on safe path", "begin_time": "2026-07-15T09:05:00+00:00", "end_time": "2026-07-15T09:07:00+00:00", "hazard_coefficient": 0.0056, "hazard_class": "SAFE", "is_critical": false, "route_type": "PI-GNN_REROUTE"}}, {"type": "Feature", "geometry": {"type": "LineString", "coordinates": [[76.406921, 10.364448], [76.406766, 10.3646]]}, "properties": {"segment_id": "REROUTE-SEG-1161", "scenario_stage": 5, "stage_label": "Reroute Executed", "description": "PI-GNN offline reroute manoeuvre complete \u2014 truck on safe path", "begin_time": "2026-07-15T09:05:00+00:00", "end_time": "2026-07-15T09:07:00+00:00", "hazard_coefficient": 0.0056, "hazard_class": "SAFE", "is_critical": false, "route_type": "PI-GNN_REROUTE"}}, {"type": "Feature", "geometry": {"type": "LineString", "coordinates": [[76.406766, 10.3646], [76.406549, 10.364836]]}, "properties": {"segment_id": "REROUTE-SEG-1162", "scenario_stage": 5, "stage_label": "Reroute Executed", "description": "PI-GNN offline reroute manoeuvre complete \u2014 truck on safe path", "begin_time": "2026-07-15T09:05:00+00:00", "end_time": "2026-07-15T09:07:00+00:00", "hazard_coefficient": 0.0056, "hazard_class": "SAFE", "is_critical": false, "route_type": "PI-GNN_REROUTE"}}, {"type": "Feature", "geometry": {"type": "LineString", "coordinates": [[76.406549, 10.364836], [76.406393, 10.365003]]}, "properties": {"segment_id": "REROUTE-SEG-1163", "scenario_stage": 5, "stage_label": "Reroute Executed", "description": "PI-GNN offline reroute manoeuvre complete \u2014 truck on safe path", "begin_time": "2026-07-15T09:05:00+00:00", "end_time": "2026-07-15T09:07:00+00:00", "hazard_coefficient": 0.0056, "hazard_class": "SAFE", "is_critical": false, "route_type": "PI-GNN_REROUTE"}}, {"type": "Feature", "geometry": {"type": "LineString", "coordinates": [[76.406393, 10.365003], [76.406346, 10.365054]]}, "properties": {"segment_id": "REROUTE-SEG-1164", "scenario_stage": 5, "stage_label": "Reroute Executed", "description": "PI-GNN offline reroute manoeuvre complete \u2014 truck on safe path", "begin_time": "2026-07-15T09:05:00+00:00", "end_time": "2026-07-15T09:07:00+00:00", "hazard_coefficient": 0.0056, "hazard_class": "SAFE", "is_critical": false, "route_type": "PI-GNN_REROUTE"}}, {"type": "Feature", "geometry": {"type": "LineString", "coordinates": [[76.406346, 10.365054], [76.406223, 10.365177]]}, "properties": {"segment_id": "REROUTE-SEG-1165", "scenario_stage": 5, "stage_label": "Reroute Executed", "description": "PI-GNN offline reroute manoeuvre complete \u2014 truck on safe path", "begin_time": "2026-07-15T09:05:00+00:00", "end_time": "2026-07-15T09:07:00+00:00", "hazard_coefficient": 0.0056, "hazard_class": "SAFE", "is_critical": false, "route_type": "PI-GNN_REROUTE"}}, {"type": "Feature", "geometry": {"type": "LineString", "coordinates": [[76.406223, 10.365177], [76.40598, 10.365401]]}, "properties": {"segment_id": "REROUTE-SEG-1166", "scenario_stage": 5, "stage_label": "Reroute Executed", "description": "PI-GNN offline reroute manoeuvre complete \u2014 truck on safe path", "begin_time": "2026-07-15T09:05:00+00:00", "end_time": "2026-07-15T09:07:00+00:00", "hazard_coefficient": 0.0056, "hazard_class": "SAFE", "is_critical": false, "route_type": "PI-GNN_REROUTE"}}, {"type": "Feature", "geometry": {"type": "LineString", "coordinates": [[76.40598, 10.365401], [76.405915, 10.365457]]}, "properties": {"segment_id": "REROUTE-SEG-1167", "scenario_stage": 5, "stage_label": "Reroute Executed", "description": "PI-GNN offline reroute manoeuvre complete \u2014 truck on safe path", "begin_time": "2026-07-15T09:05:00+00:00", "end_time": "2026-07-15T09:07:00+00:00", "hazard_coefficient": 0.0056, "hazard_class": "SAFE", "is_critical": false, "route_type": "PI-GNN_REROUTE"}}, {"type": "Feature", "geometry": {"type": "LineString", "coordinates": [[76.405915, 10.365457], [76.405725, 10.365621]]}, "properties": {"segment_id": "REROUTE-SEG-1168", "scenario_stage": 5, "stage_label": "Reroute Executed", "description": "PI-GNN offline reroute manoeuvre complete \u2014 truck on safe path", "begin_time": "2026-07-15T09:05:00+00:00", "end_time": "2026-07-15T09:07:00+00:00", "hazard_coefficient": 0.0056, "hazard_class": "SAFE", "is_critical": false, "route_type": "PI-GNN_REROUTE"}}, {"type": "Feature", "geometry": {"type": "LineString", "coordinates": [[76.405725, 10.365621], [76.40571, 10.365633]]}, "properties": {"segment_id": "REROUTE-SEG-1169", "scenario_stage": 5, "stage_label": "Reroute Executed", "description": "PI-GNN offline reroute manoeuvre complete \u2014 truck on safe path", "begin_time": "2026-07-15T09:05:00+00:00", "end_time": "2026-07-15T09:07:00+00:00", "hazard_coefficient": 0.0056, "hazard_class": "SAFE", "is_critical": false, "route_type": "PI-GNN_REROUTE"}}, {"type": "Feature", "geometry": {"type": "LineString", "coordinates": [[76.40571, 10.365633], [76.405686, 10.365653]]}, "properties": {"segment_id": "REROUTE-SEG-1170", "scenario_stage": 5, "stage_label": "Reroute Executed", "description": "PI-GNN offline reroute manoeuvre complete \u2014 truck on safe path", "begin_time": "2026-07-15T09:05:00+00:00", "end_time": "2026-07-15T09:07:00+00:00", "hazard_coefficient": 0.0056, "hazard_class": "SAFE", "is_critical": false, "route_type": "PI-GNN_REROUTE"}}, {"type": "Feature", "geometry": {"type": "LineString", "coordinates": [[76.405686, 10.365653], [76.40565, 10.365683]]}, "properties": {"segment_id": "REROUTE-SEG-1171", "scenario_stage": 5, "stage_label": "Reroute Executed", "description": "PI-GNN offline reroute manoeuvre complete \u2014 truck on safe path", "begin_time": "2026-07-15T09:05:00+00:00", "end_time": "2026-07-15T09:07:00+00:00", "hazard_coefficient": 0.0056, "hazard_class": "SAFE", "is_critical": false, "route_type": "PI-GNN_REROUTE"}}, {"type": "Feature", "geometry": {"type": "LineString", "coordinates": [[76.40565, 10.365683], [76.405485, 10.365818]]}, "properties": {"segment_id": "REROUTE-SEG-1172", "scenario_stage": 5, "stage_label": "Reroute Executed", "description": "PI-GNN offline reroute manoeuvre complete \u2014 truck on safe path", "begin_time": "2026-07-15T09:05:00+00:00", "end_time": "2026-07-15T09:07:00+00:00", "hazard_coefficient": 0.0056, "hazard_class": "SAFE", "is_critical": false, "route_type": "PI-GNN_REROUTE"}}, {"type": "Feature", "geometry": {"type": "LineString", "coordinates": [[76.405485, 10.365818], [76.405344, 10.365911]]}, "properties": {"segment_id": "REROUTE-SEG-1173", "scenario_stage": 5, "stage_label": "Reroute Executed", "description": "PI-GNN offline reroute manoeuvre complete \u2014 truck on safe path", "begin_time": "2026-07-15T09:05:00+00:00", "end_time": "2026-07-15T09:07:00+00:00", "hazard_coefficient": 0.0056, "hazard_class": "SAFE", "is_critical": false, "route_type": "PI-GNN_REROUTE"}}, {"type": "Feature", "geometry": {"type": "LineString", "coordinates": [[76.405344, 10.365911], [76.405165, 10.366002]]}, "properties": {"segment_id": "REROUTE-SEG-1174", "scenario_stage": 5, "stage_label": "Reroute Executed", "description": "PI-GNN offline reroute manoeuvre complete \u2014 truck on safe path", "begin_time": "2026-07-15T09:05:00+00:00", "end_time": "2026-07-15T09:07:00+00:00", "hazard_coefficient": 0.0056, "hazard_class": "SAFE", "is_critical": false, "route_type": "PI-GNN_REROUTE"}}, {"type": "Feature", "geometry": {"type": "LineString", "coordinates": [[76.405165, 10.366002], [76.404965, 10.366087]]}, "properties": {"segment_id": "REROUTE-SEG-1175", "scenario_stage": 5, "stage_label": "Reroute Executed", "description": "PI-GNN offline reroute manoeuvre complete \u2014 truck on safe path", "begin_time": "2026-07-15T09:05:00+00:00", "end_time": "2026-07-15T09:07:00+00:00", "hazard_coefficient": 0.0056, "hazard_class": "SAFE", "is_critical": false, "route_type": "PI-GNN_REROUTE"}}, {"type": "Feature", "geometry": {"type": "LineString", "coordinates": [[76.404965, 10.366087], [76.404746, 10.366166]]}, "properties": {"segment_id": "REROUTE-SEG-1176", "scenario_stage": 5, "stage_label": "Reroute Executed", "description": "PI-GNN offline reroute manoeuvre complete \u2014 truck on safe path", "begin_time": "2026-07-15T09:05:00+00:00", "end_time": "2026-07-15T09:07:00+00:00", "hazard_coefficient": 0.0056, "hazard_class": "SAFE", "is_critical": false, "route_type": "PI-GNN_REROUTE"}}, {"type": "Feature", "geometry": {"type": "LineString", "coordinates": [[76.404746, 10.366166], [76.404251, 10.366341]]}, "properties": {"segment_id": "REROUTE-SEG-1177", "scenario_stage": 5, "stage_label": "Reroute Executed", "description": "PI-GNN offline reroute manoeuvre complete \u2014 truck on safe path", "begin_time": "2026-07-15T09:05:00+00:00", "end_time": "2026-07-15T09:07:00+00:00", "hazard_coefficient": 0.0056, "hazard_class": "SAFE", "is_critical": false, "route_type": "PI-GNN_REROUTE"}}, {"type": "Feature", "geometry": {"type": "LineString", "coordinates": [[76.404251, 10.366341], [76.403948, 10.366463]]}, "properties": {"segment_id": "REROUTE-SEG-1178", "scenario_stage": 5, "stage_label": "Reroute Executed", "description": "PI-GNN offline reroute manoeuvre complete \u2014 truck on safe path", "begin_time": "2026-07-15T09:05:00+00:00", "end_time": "2026-07-15T09:07:00+00:00", "hazard_coefficient": 0.0056, "hazard_class": "SAFE", "is_critical": false, "route_type": "PI-GNN_REROUTE"}}, {"type": "Feature", "geometry": {"type": "LineString", "coordinates": [[76.403948, 10.366463], [76.403567, 10.366618]]}, "properties": {"segment_id": "REROUTE-SEG-1179", "scenario_stage": 5, "stage_label": "Reroute Executed", "description": "PI-GNN offline reroute manoeuvre complete \u2014 truck on safe path", "begin_time": "2026-07-15T09:05:00+00:00", "end_time": "2026-07-15T09:07:00+00:00", "hazard_coefficient": 0.0056, "hazard_class": "SAFE", "is_critical": false, "route_type": "PI-GNN_REROUTE"}}, {"type": "Feature", "geometry": {"type": "LineString", "coordinates": [[76.403567, 10.366618], [76.403247, 10.36673]]}, "properties": {"segment_id": "REROUTE-SEG-1180", "scenario_stage": 5, "stage_label": "Reroute Executed", "description": "PI-GNN offline reroute manoeuvre complete \u2014 truck on safe path", "begin_time": "2026-07-15T09:05:00+00:00", "end_time": "2026-07-15T09:07:00+00:00", "hazard_coefficient": 0.0056, "hazard_class": "SAFE", "is_critical": false, "route_type": "PI-GNN_REROUTE"}}, {"type": "Feature", "geometry": {"type": "LineString", "coordinates": [[76.403247, 10.36673], [76.402766, 10.366921]]}, "properties": {"segment_id": "REROUTE-SEG-1181", "scenario_stage": 5, "stage_label": "Reroute Executed", "description": "PI-GNN offline reroute manoeuvre complete \u2014 truck on safe path", "begin_time": "2026-07-15T09:05:00+00:00", "end_time": "2026-07-15T09:07:00+00:00", "hazard_coefficient": 0.0056, "hazard_class": "SAFE", "is_critical": false, "route_type": "PI-GNN_REROUTE"}}, {"type": "Feature", "geometry": {"type": "LineString", "coordinates": [[76.402766, 10.366921], [76.402425, 10.367055]]}, "properties": {"segment_id": "REROUTE-SEG-1182", "scenario_stage": 5, "stage_label": "Reroute Executed", "description": "PI-GNN offline reroute manoeuvre complete \u2014 truck on safe path", "begin_time": "2026-07-15T09:05:00+00:00", "end_time": "2026-07-15T09:07:00+00:00", "hazard_coefficient": 0.0056, "hazard_class": "SAFE", "is_critical": false, "route_type": "PI-GNN_REROUTE"}}, {"type": "Feature", "geometry": {"type": "LineString", "coordinates": [[76.402425, 10.367055], [76.402245, 10.367124]]}, "properties": {"segment_id": "REROUTE-SEG-1183", "scenario_stage": 5, "stage_label": "Reroute Executed", "description": "PI-GNN offline reroute manoeuvre complete \u2014 truck on safe path", "begin_time": "2026-07-15T09:05:00+00:00", "end_time": "2026-07-15T09:07:00+00:00", "hazard_coefficient": 0.0056, "hazard_class": "SAFE", "is_critical": false, "route_type": "PI-GNN_REROUTE"}}, {"type": "Feature", "geometry": {"type": "LineString", "coordinates": [[76.402245, 10.367124], [76.402133, 10.367167]]}, "properties": {"segment_id": "REROUTE-SEG-1184", "scenario_stage": 5, "stage_label": "Reroute Executed", "description": "PI-GNN offline reroute manoeuvre complete \u2014 truck on safe path", "begin_time": "2026-07-15T09:05:00+00:00", "end_time": "2026-07-15T09:07:00+00:00", "hazard_coefficient": 0.0056, "hazard_class": "SAFE", "is_critical": false, "route_type": "PI-GNN_REROUTE"}}, {"type": "Feature", "geometry": {"type": "LineString", "coordinates": [[76.402133, 10.367167], [76.401976, 10.367224]]}, "properties": {"segment_id": "REROUTE-SEG-1185", "scenario_stage": 5, "stage_label": "Reroute Executed", "description": "PI-GNN offline reroute manoeuvre complete \u2014 truck on safe path", "begin_time": "2026-07-15T09:05:00+00:00", "end_time": "2026-07-15T09:07:00+00:00", "hazard_coefficient": 0.0056, "hazard_class": "SAFE", "is_critical": false, "route_type": "PI-GNN_REROUTE"}}, {"type": "Feature", "geometry": {"type": "LineString", "coordinates": [[76.401976, 10.367224], [76.401805, 10.367286]]}, "properties": {"segment_id": "REROUTE-SEG-1186", "scenario_stage": 5, "stage_label": "Reroute Executed", "description": "PI-GNN offline reroute manoeuvre complete \u2014 truck on safe path", "begin_time": "2026-07-15T09:05:00+00:00", "end_time": "2026-07-15T09:07:00+00:00", "hazard_coefficient": 0.0056, "hazard_class": "SAFE", "is_critical": false, "route_type": "PI-GNN_REROUTE"}}, {"type": "Feature", "geometry": {"type": "LineString", "coordinates": [[76.401805, 10.367286], [76.401349, 10.36745]]}, "properties": {"segment_id": "REROUTE-SEG-1187", "scenario_stage": 5, "stage_label": "Reroute Executed", "description": "PI-GNN offline reroute manoeuvre complete \u2014 truck on safe path", "begin_time": "2026-07-15T09:05:00+00:00", "end_time": "2026-07-15T09:07:00+00:00", "hazard_coefficient": 0.0056, "hazard_class": "SAFE", "is_critical": false, "route_type": "PI-GNN_REROUTE"}}, {"type": "Feature", "geometry": {"type": "LineString", "coordinates": [[76.401349, 10.36745], [76.401047, 10.367558]]}, "properties": {"segment_id": "REROUTE-SEG-1188", "scenario_stage": 5, "stage_label": "Reroute Executed", "description": "PI-GNN offline reroute manoeuvre complete \u2014 truck on safe path", "begin_time": "2026-07-15T09:05:00+00:00", "end_time": "2026-07-15T09:07:00+00:00", "hazard_coefficient": 0.0056, "hazard_class": "SAFE", "is_critical": false, "route_type": "PI-GNN_REROUTE"}}, {"type": "Feature", "geometry": {"type": "LineString", "coordinates": [[76.401047, 10.367558], [76.400793, 10.367662]]}, "properties": {"segment_id": "REROUTE-SEG-1189", "scenario_stage": 5, "stage_label": "Reroute Executed", "description": "PI-GNN offline reroute manoeuvre complete \u2014 truck on safe path", "begin_time": "2026-07-15T09:05:00+00:00", "end_time": "2026-07-15T09:07:00+00:00", "hazard_coefficient": 0.0056, "hazard_class": "SAFE", "is_critical": false, "route_type": "PI-GNN_REROUTE"}}, {"type": "Feature", "geometry": {"type": "LineString", "coordinates": [[76.400793, 10.367662], [76.400309, 10.367877]]}, "properties": {"segment_id": "REROUTE-SEG-1190", "scenario_stage": 5, "stage_label": "Reroute Executed", "description": "PI-GNN offline reroute manoeuvre complete \u2014 truck on safe path", "begin_time": "2026-07-15T09:05:00+00:00", "end_time": "2026-07-15T09:07:00+00:00", "hazard_coefficient": 0.0056, "hazard_class": "SAFE", "is_critical": false, "route_type": "PI-GNN_REROUTE"}}, {"type": "Feature", "geometry": {"type": "LineString", "coordinates": [[76.400309, 10.367877], [76.400133, 10.367955]]}, "properties": {"segment_id": "REROUTE-SEG-1191", "scenario_stage": 5, "stage_label": "Reroute Executed", "description": "PI-GNN offline reroute manoeuvre complete \u2014 truck on safe path", "begin_time": "2026-07-15T09:05:00+00:00", "end_time": "2026-07-15T09:07:00+00:00", "hazard_coefficient": 0.0056, "hazard_class": "SAFE", "is_critical": false, "route_type": "PI-GNN_REROUTE"}}, {"type": "Feature", "geometry": {"type": "LineString", "coordinates": [[76.400133, 10.367955], [76.399838, 10.368075]]}, "properties": {"segment_id": "REROUTE-SEG-1192", "scenario_stage": 5, "stage_label": "Reroute Executed", "description": "PI-GNN offline reroute manoeuvre complete \u2014 truck on safe path", "begin_time": "2026-07-15T09:05:00+00:00", "end_time": "2026-07-15T09:07:00+00:00", "hazard_coefficient": 0.0056, "hazard_class": "SAFE", "is_critical": false, "route_type": "PI-GNN_REROUTE"}}, {"type": "Feature", "geometry": {"type": "LineString", "coordinates": [[76.399838, 10.368075], [76.399661, 10.368143]]}, "properties": {"segment_id": "REROUTE-SEG-1193", "scenario_stage": 5, "stage_label": "Reroute Executed", "description": "PI-GNN offline reroute manoeuvre complete \u2014 truck on safe path", "begin_time": "2026-07-15T09:05:00+00:00", "end_time": "2026-07-15T09:07:00+00:00", "hazard_coefficient": 0.0056, "hazard_class": "SAFE", "is_critical": false, "route_type": "PI-GNN_REROUTE"}}, {"type": "Feature", "geometry": {"type": "LineString", "coordinates": [[76.399661, 10.368143], [76.399429, 10.368232]]}, "properties": {"segment_id": "REROUTE-SEG-1194", "scenario_stage": 5, "stage_label": "Reroute Executed", "description": "PI-GNN offline reroute manoeuvre complete \u2014 truck on safe path", "begin_time": "2026-07-15T09:05:00+00:00", "end_time": "2026-07-15T09:07:00+00:00", "hazard_coefficient": 0.0056, "hazard_class": "SAFE", "is_critical": false, "route_type": "PI-GNN_REROUTE"}}, {"type": "Feature", "geometry": {"type": "LineString", "coordinates": [[76.399429, 10.368232], [76.399052, 10.368403]]}, "properties": {"segment_id": "REROUTE-SEG-1195", "scenario_stage": 5, "stage_label": "Reroute Executed", "description": "PI-GNN offline reroute manoeuvre complete \u2014 truck on safe path", "begin_time": "2026-07-15T09:05:00+00:00", "end_time": "2026-07-15T09:07:00+00:00", "hazard_coefficient": 0.0056, "hazard_class": "SAFE", "is_critical": false, "route_type": "PI-GNN_REROUTE"}}, {"type": "Feature", "geometry": {"type": "LineString", "coordinates": [[76.399052, 10.368403], [76.398759, 10.368558]]}, "properties": {"segment_id": "REROUTE-SEG-1196", "scenario_stage": 5, "stage_label": "Reroute Executed", "description": "PI-GNN offline reroute manoeuvre complete \u2014 truck on safe path", "begin_time": "2026-07-15T09:05:00+00:00", "end_time": "2026-07-15T09:07:00+00:00", "hazard_coefficient": 0.0056, "hazard_class": "SAFE", "is_critical": false, "route_type": "PI-GNN_REROUTE"}}, {"type": "Feature", "geometry": {"type": "LineString", "coordinates": [[76.398759, 10.368558], [76.397952, 10.368984]]}, "properties": {"segment_id": "REROUTE-SEG-1197", "scenario_stage": 5, "stage_label": "Reroute Executed", "description": "PI-GNN offline reroute manoeuvre complete \u2014 truck on safe path", "begin_time": "2026-07-15T09:05:00+00:00", "end_time": "2026-07-15T09:07:00+00:00", "hazard_coefficient": 0.0056, "hazard_class": "SAFE", "is_critical": false, "route_type": "PI-GNN_REROUTE"}}, {"type": "Feature", "geometry": {"type": "LineString", "coordinates": [[76.397952, 10.368984], [76.397555, 10.369191]]}, "properties": {"segment_id": "REROUTE-SEG-1198", "scenario_stage": 5, "stage_label": "Reroute Executed", "description": "PI-GNN offline reroute manoeuvre complete \u2014 truck on safe path", "begin_time": "2026-07-15T09:05:00+00:00", "end_time": "2026-07-15T09:07:00+00:00", "hazard_coefficient": 0.0056, "hazard_class": "SAFE", "is_critical": false, "route_type": "PI-GNN_REROUTE"}}, {"type": "Feature", "geometry": {"type": "LineString", "coordinates": [[76.397555, 10.369191], [76.397337, 10.369302]]}, "properties": {"segment_id": "REROUTE-SEG-1199", "scenario_stage": 5, "stage_label": "Reroute Executed", "description": "PI-GNN offline reroute manoeuvre complete \u2014 truck on safe path", "begin_time": "2026-07-15T09:05:00+00:00", "end_time": "2026-07-15T09:07:00+00:00", "hazard_coefficient": 0.0056, "hazard_class": "SAFE", "is_critical": false, "route_type": "PI-GNN_REROUTE"}}, {"type": "Feature", "geometry": {"type": "LineString", "coordinates": [[76.397337, 10.369302], [76.396628, 10.369665]]}, "properties": {"segment_id": "REROUTE-SEG-1200", "scenario_stage": 5, "stage_label": "Reroute Executed", "description": "PI-GNN offline reroute manoeuvre complete \u2014 truck on safe path", "begin_time": "2026-07-15T09:05:00+00:00", "end_time": "2026-07-15T09:07:00+00:00", "hazard_coefficient": 0.0056, "hazard_class": "SAFE", "is_critical": false, "route_type": "PI-GNN_REROUTE"}}, {"type": "Feature", "geometry": {"type": "LineString", "coordinates": [[76.396628, 10.369665], [76.396513, 10.369725]]}, "properties": {"segment_id": "REROUTE-SEG-1201", "scenario_stage": 5, "stage_label": "Reroute Executed", "description": "PI-GNN offline reroute manoeuvre complete \u2014 truck on safe path", "begin_time": "2026-07-15T09:05:00+00:00", "end_time": "2026-07-15T09:07:00+00:00", "hazard_coefficient": 0.0056, "hazard_class": "SAFE", "is_critical": false, "route_type": "PI-GNN_REROUTE"}}, {"type": "Feature", "geometry": {"type": "LineString", "coordinates": [[76.396513, 10.369725], [76.396423, 10.369762]]}, "properties": {"segment_id": "REROUTE-SEG-1202", "scenario_stage": 5, "stage_label": "Reroute Executed", "description": "PI-GNN offline reroute manoeuvre complete \u2014 truck on safe path", "begin_time": "2026-07-15T09:05:00+00:00", "end_time": "2026-07-15T09:07:00+00:00", "hazard_coefficient": 0.0056, "hazard_class": "SAFE", "is_critical": false, "route_type": "PI-GNN_REROUTE"}}, {"type": "Feature", "geometry": {"type": "LineString", "coordinates": [[76.396423, 10.369762], [76.396395, 10.369773]]}, "properties": {"segment_id": "REROUTE-SEG-1203", "scenario_stage": 5, "stage_label": "Reroute Executed", "description": "PI-GNN offline reroute manoeuvre complete \u2014 truck on safe path", "begin_time": "2026-07-15T09:05:00+00:00", "end_time": "2026-07-15T09:07:00+00:00", "hazard_coefficient": 0.0056, "hazard_class": "SAFE", "is_critical": false, "route_type": "PI-GNN_REROUTE"}}, {"type": "Feature", "geometry": {"type": "LineString", "coordinates": [[76.396395, 10.369773], [76.396213, 10.36983]]}, "properties": {"segment_id": "REROUTE-SEG-1204", "scenario_stage": 5, "stage_label": "Reroute Executed", "description": "PI-GNN offline reroute manoeuvre complete \u2014 truck on safe path", "begin_time": "2026-07-15T09:05:00+00:00", "end_time": "2026-07-15T09:07:00+00:00", "hazard_coefficient": 0.0056, "hazard_class": "SAFE", "is_critical": false, "route_type": "PI-GNN_REROUTE"}}, {"type": "Feature", "geometry": {"type": "LineString", "coordinates": [[76.396213, 10.36983], [76.395996, 10.369895]]}, "properties": {"segment_id": "REROUTE-SEG-1205", "scenario_stage": 5, "stage_label": "Reroute Executed", "description": "PI-GNN offline reroute manoeuvre complete \u2014 truck on safe path", "begin_time": "2026-07-15T09:05:00+00:00", "end_time": "2026-07-15T09:07:00+00:00", "hazard_coefficient": 0.0056, "hazard_class": "SAFE", "is_critical": false, "route_type": "PI-GNN_REROUTE"}}, {"type": "Feature", "geometry": {"type": "LineString", "coordinates": [[76.395996, 10.369895], [76.395932, 10.369914]]}, "properties": {"segment_id": "REROUTE-SEG-1206", "scenario_stage": 5, "stage_label": "Reroute Executed", "description": "PI-GNN offline reroute manoeuvre complete \u2014 truck on safe path", "begin_time": "2026-07-15T09:05:00+00:00", "end_time": "2026-07-15T09:07:00+00:00", "hazard_coefficient": 0.0056, "hazard_class": "SAFE", "is_critical": false, "route_type": "PI-GNN_REROUTE"}}, {"type": "Feature", "geometry": {"type": "LineString", "coordinates": [[76.395932, 10.369914], [76.395786, 10.369967]]}, "properties": {"segment_id": "REROUTE-SEG-1207", "scenario_stage": 5, "stage_label": "Reroute Executed", "description": "PI-GNN offline reroute manoeuvre complete \u2014 truck on safe path", "begin_time": "2026-07-15T09:05:00+00:00", "end_time": "2026-07-15T09:07:00+00:00", "hazard_coefficient": 0.0056, "hazard_class": "SAFE", "is_critical": false, "route_type": "PI-GNN_REROUTE"}}, {"type": "Feature", "geometry": {"type": "LineString", "coordinates": [[76.395786, 10.369967], [76.395568, 10.370022]]}, "properties": {"segment_id": "REROUTE-SEG-1208", "scenario_stage": 5, "stage_label": "Reroute Executed", "description": "PI-GNN offline reroute manoeuvre complete \u2014 truck on safe path", "begin_time": "2026-07-15T09:05:00+00:00", "end_time": "2026-07-15T09:07:00+00:00", "hazard_coefficient": 0.0056, "hazard_class": "SAFE", "is_critical": false, "route_type": "PI-GNN_REROUTE"}}, {"type": "Feature", "geometry": {"type": "LineString", "coordinates": [[76.395568, 10.370022], [76.395446, 10.370047]]}, "properties": {"segment_id": "REROUTE-SEG-1209", "scenario_stage": 5, "stage_label": "Reroute Executed", "description": "PI-GNN offline reroute manoeuvre complete \u2014 truck on safe path", "begin_time": "2026-07-15T09:05:00+00:00", "end_time": "2026-07-15T09:07:00+00:00", "hazard_coefficient": 0.0056, "hazard_class": "SAFE", "is_critical": false, "route_type": "PI-GNN_REROUTE"}}, {"type": "Feature", "geometry": {"type": "LineString", "coordinates": [[76.395446, 10.370047], [76.39519, 10.370087]]}, "properties": {"segment_id": "REROUTE-SEG-1210", "scenario_stage": 5, "stage_label": "Reroute Executed", "description": "PI-GNN offline reroute manoeuvre complete \u2014 truck on safe path", "begin_time": "2026-07-15T09:05:00+00:00", "end_time": "2026-07-15T09:07:00+00:00", "hazard_coefficient": 0.0056, "hazard_class": "SAFE", "is_critical": false, "route_type": "PI-GNN_REROUTE"}}, {"type": "Feature", "geometry": {"type": "LineString", "coordinates": [[76.39519, 10.370087], [76.395134, 10.370096]]}, "properties": {"segment_id": "REROUTE-SEG-1211", "scenario_stage": 5, "stage_label": "Reroute Executed", "description": "PI-GNN offline reroute manoeuvre complete \u2014 truck on safe path", "begin_time": "2026-07-15T09:05:00+00:00", "end_time": "2026-07-15T09:07:00+00:00", "hazard_coefficient": 0.0056, "hazard_class": "SAFE", "is_critical": false, "route_type": "PI-GNN_REROUTE"}}, {"type": "Feature", "geometry": {"type": "LineString", "coordinates": [[76.395134, 10.370096], [76.394911, 10.370129]]}, "properties": {"segment_id": "REROUTE-SEG-1212", "scenario_stage": 5, "stage_label": "Reroute Executed", "description": "PI-GNN offline reroute manoeuvre complete \u2014 truck on safe path", "begin_time": "2026-07-15T09:05:00+00:00", "end_time": "2026-07-15T09:07:00+00:00", "hazard_coefficient": 0.0056, "hazard_class": "SAFE", "is_critical": false, "route_type": "PI-GNN_REROUTE"}}, {"type": "Feature", "geometry": {"type": "LineString", "coordinates": [[76.394911, 10.370129], [76.394657, 10.37015]]}, "properties": {"segment_id": "REROUTE-SEG-1213", "scenario_stage": 5, "stage_label": "Reroute Executed", "description": "PI-GNN offline reroute manoeuvre complete \u2014 truck on safe path", "begin_time": "2026-07-15T09:05:00+00:00", "end_time": "2026-07-15T09:07:00+00:00", "hazard_coefficient": 0.0056, "hazard_class": "SAFE", "is_critical": false, "route_type": "PI-GNN_REROUTE"}}, {"type": "Feature", "geometry": {"type": "LineString", "coordinates": [[76.394657, 10.37015], [76.39432, 10.37017]]}, "properties": {"segment_id": "REROUTE-SEG-1214", "scenario_stage": 5, "stage_label": "Reroute Executed", "description": "PI-GNN offline reroute manoeuvre complete \u2014 truck on safe path", "begin_time": "2026-07-15T09:05:00+00:00", "end_time": "2026-07-15T09:07:00+00:00", "hazard_coefficient": 0.0056, "hazard_class": "SAFE", "is_critical": false, "route_type": "PI-GNN_REROUTE"}}, {"type": "Feature", "geometry": {"type": "LineString", "coordinates": [[76.39432, 10.37017], [76.394146, 10.370197]]}, "properties": {"segment_id": "REROUTE-SEG-1215", "scenario_stage": 5, "stage_label": "Reroute Executed", "description": "PI-GNN offline reroute manoeuvre complete \u2014 truck on safe path", "begin_time": "2026-07-15T09:05:00+00:00", "end_time": "2026-07-15T09:07:00+00:00", "hazard_coefficient": 0.0056, "hazard_class": "SAFE", "is_critical": false, "route_type": "PI-GNN_REROUTE"}}, {"type": "Feature", "geometry": {"type": "LineString", "coordinates": [[76.394146, 10.370197], [76.394009, 10.370232]]}, "properties": {"segment_id": "REROUTE-SEG-1216", "scenario_stage": 5, "stage_label": "Reroute Executed", "description": "PI-GNN offline reroute manoeuvre complete \u2014 truck on safe path", "begin_time": "2026-07-15T09:05:00+00:00", "end_time": "2026-07-15T09:07:00+00:00", "hazard_coefficient": 0.0056, "hazard_class": "SAFE", "is_critical": false, "route_type": "PI-GNN_REROUTE"}}, {"type": "Feature", "geometry": {"type": "LineString", "coordinates": [[76.394009, 10.370232], [76.393854, 10.370286]]}, "properties": {"segment_id": "REROUTE-SEG-1217", "scenario_stage": 5, "stage_label": "Reroute Executed", "description": "PI-GNN offline reroute manoeuvre complete \u2014 truck on safe path", "begin_time": "2026-07-15T09:05:00+00:00", "end_time": "2026-07-15T09:07:00+00:00", "hazard_coefficient": 0.0056, "hazard_class": "SAFE", "is_critical": false, "route_type": "PI-GNN_REROUTE"}}, {"type": "Feature", "geometry": {"type": "LineString", "coordinates": [[76.393854, 10.370286], [76.393795, 10.37031]]}, "properties": {"segment_id": "REROUTE-SEG-1218", "scenario_stage": 5, "stage_label": "Reroute Executed", "description": "PI-GNN offline reroute manoeuvre complete \u2014 truck on safe path", "begin_time": "2026-07-15T09:05:00+00:00", "end_time": "2026-07-15T09:07:00+00:00", "hazard_coefficient": 0.0056, "hazard_class": "SAFE", "is_critical": false, "route_type": "PI-GNN_REROUTE"}}, {"type": "Feature", "geometry": {"type": "LineString", "coordinates": [[76.393795, 10.37031], [76.393663, 10.370363]]}, "properties": {"segment_id": "REROUTE-SEG-1219", "scenario_stage": 5, "stage_label": "Reroute Executed", "description": "PI-GNN offline reroute manoeuvre complete \u2014 truck on safe path", "begin_time": "2026-07-15T09:05:00+00:00", "end_time": "2026-07-15T09:07:00+00:00", "hazard_coefficient": 0.0056, "hazard_class": "SAFE", "is_critical": false, "route_type": "PI-GNN_REROUTE"}}, {"type": "Feature", "geometry": {"type": "LineString", "coordinates": [[76.393663, 10.370363], [76.393522, 10.370433]]}, "properties": {"segment_id": "REROUTE-SEG-1220", "scenario_stage": 5, "stage_label": "Reroute Executed", "description": "PI-GNN offline reroute manoeuvre complete \u2014 truck on safe path", "begin_time": "2026-07-15T09:05:00+00:00", "end_time": "2026-07-15T09:07:00+00:00", "hazard_coefficient": 0.0056, "hazard_class": "SAFE", "is_critical": false, "route_type": "PI-GNN_REROUTE"}}, {"type": "Feature", "geometry": {"type": "LineString", "coordinates": [[76.393522, 10.370433], [76.393333, 10.370523]]}, "properties": {"segment_id": "REROUTE-SEG-1221", "scenario_stage": 5, "stage_label": "Reroute Executed", "description": "PI-GNN offline reroute manoeuvre complete \u2014 truck on safe path", "begin_time": "2026-07-15T09:05:00+00:00", "end_time": "2026-07-15T09:07:00+00:00", "hazard_coefficient": 0.0056, "hazard_class": "SAFE", "is_critical": false, "route_type": "PI-GNN_REROUTE"}}, {"type": "Feature", "geometry": {"type": "LineString", "coordinates": [[76.393333, 10.370523], [76.393175, 10.370596]]}, "properties": {"segment_id": "REROUTE-SEG-1222", "scenario_stage": 5, "stage_label": "Reroute Executed", "description": "PI-GNN offline reroute manoeuvre complete \u2014 truck on safe path", "begin_time": "2026-07-15T09:05:00+00:00", "end_time": "2026-07-15T09:07:00+00:00", "hazard_coefficient": 0.0056, "hazard_class": "SAFE", "is_critical": false, "route_type": "PI-GNN_REROUTE"}}, {"type": "Feature", "geometry": {"type": "LineString", "coordinates": [[76.393175, 10.370596], [76.39299, 10.370666]]}, "properties": {"segment_id": "REROUTE-SEG-1223", "scenario_stage": 5, "stage_label": "Reroute Executed", "description": "PI-GNN offline reroute manoeuvre complete \u2014 truck on safe path", "begin_time": "2026-07-15T09:05:00+00:00", "end_time": "2026-07-15T09:07:00+00:00", "hazard_coefficient": 0.0056, "hazard_class": "SAFE", "is_critical": false, "route_type": "PI-GNN_REROUTE"}}, {"type": "Feature", "geometry": {"type": "LineString", "coordinates": [[76.39299, 10.370666], [76.392582, 10.370797]]}, "properties": {"segment_id": "REROUTE-SEG-1224", "scenario_stage": 5, "stage_label": "Reroute Executed", "description": "PI-GNN offline reroute manoeuvre complete \u2014 truck on safe path", "begin_time": "2026-07-15T09:05:00+00:00", "end_time": "2026-07-15T09:07:00+00:00", "hazard_coefficient": 0.0056, "hazard_class": "SAFE", "is_critical": false, "route_type": "PI-GNN_REROUTE"}}, {"type": "Feature", "geometry": {"type": "LineString", "coordinates": [[76.392582, 10.370797], [76.392522, 10.370822]]}, "properties": {"segment_id": "REROUTE-SEG-1225", "scenario_stage": 5, "stage_label": "Reroute Executed", "description": "PI-GNN offline reroute manoeuvre complete \u2014 truck on safe path", "begin_time": "2026-07-15T09:05:00+00:00", "end_time": "2026-07-15T09:07:00+00:00", "hazard_coefficient": 0.0056, "hazard_class": "SAFE", "is_critical": false, "route_type": "PI-GNN_REROUTE"}}, {"type": "Feature", "geometry": {"type": "LineString", "coordinates": [[76.392522, 10.370822], [76.39247, 10.370843]]}, "properties": {"segment_id": "REROUTE-SEG-1226", "scenario_stage": 5, "stage_label": "Reroute Executed", "description": "PI-GNN offline reroute manoeuvre complete \u2014 truck on safe path", "begin_time": "2026-07-15T09:05:00+00:00", "end_time": "2026-07-15T09:07:00+00:00", "hazard_coefficient": 0.0056, "hazard_class": "SAFE", "is_critical": false, "route_type": "PI-GNN_REROUTE"}}, {"type": "Feature", "geometry": {"type": "LineString", "coordinates": [[76.39247, 10.370843], [76.392224, 10.370949]]}, "properties": {"segment_id": "REROUTE-SEG-1227", "scenario_stage": 5, "stage_label": "Reroute Executed", "description": "PI-GNN offline reroute manoeuvre complete \u2014 truck on safe path", "begin_time": "2026-07-15T09:05:00+00:00", "end_time": "2026-07-15T09:07:00+00:00", "hazard_coefficient": 0.0056, "hazard_class": "SAFE", "is_critical": false, "route_type": "PI-GNN_REROUTE"}}, {"type": "Feature", "geometry": {"type": "LineString", "coordinates": [[76.392224, 10.370949], [76.39212, 10.370985]]}, "properties": {"segment_id": "REROUTE-SEG-1228", "scenario_stage": 5, "stage_label": "Reroute Executed", "description": "PI-GNN offline reroute manoeuvre complete \u2014 truck on safe path", "begin_time": "2026-07-15T09:05:00+00:00", "end_time": "2026-07-15T09:07:00+00:00", "hazard_coefficient": 0.0056, "hazard_class": "SAFE", "is_critical": false, "route_type": "PI-GNN_REROUTE"}}, {"type": "Feature", "geometry": {"type": "LineString", "coordinates": [[76.39212, 10.370985], [76.391906, 10.371058]]}, "properties": {"segment_id": "REROUTE-SEG-1229", "scenario_stage": 5, "stage_label": "Reroute Executed", "description": "PI-GNN offline reroute manoeuvre complete \u2014 truck on safe path", "begin_time": "2026-07-15T09:05:00+00:00", "end_time": "2026-07-15T09:07:00+00:00", "hazard_coefficient": 0.0056, "hazard_class": "SAFE", "is_critical": false, "route_type": "PI-GNN_REROUTE"}}, {"type": "Feature", "geometry": {"type": "LineString", "coordinates": [[76.391906, 10.371058], [76.391675, 10.371169]]}, "properties": {"segment_id": "REROUTE-SEG-1230", "scenario_stage": 5, "stage_label": "Reroute Executed", "description": "PI-GNN offline reroute manoeuvre complete \u2014 truck on safe path", "begin_time": "2026-07-15T09:05:00+00:00", "end_time": "2026-07-15T09:07:00+00:00", "hazard_coefficient": 0.0056, "hazard_class": "SAFE", "is_critical": false, "route_type": "PI-GNN_REROUTE"}}, {"type": "Feature", "geometry": {"type": "LineString", "coordinates": [[76.391675, 10.371169], [76.39141, 10.371299]]}, "properties": {"segment_id": "REROUTE-SEG-1231", "scenario_stage": 5, "stage_label": "Reroute Executed", "description": "PI-GNN offline reroute manoeuvre complete \u2014 truck on safe path", "begin_time": "2026-07-15T09:05:00+00:00", "end_time": "2026-07-15T09:07:00+00:00", "hazard_coefficient": 0.0056, "hazard_class": "SAFE", "is_critical": false, "route_type": "PI-GNN_REROUTE"}}, {"type": "Feature", "geometry": {"type": "LineString", "coordinates": [[76.39141, 10.371299], [76.391124, 10.371451]]}, "properties": {"segment_id": "REROUTE-SEG-1232", "scenario_stage": 5, "stage_label": "Reroute Executed", "description": "PI-GNN offline reroute manoeuvre complete \u2014 truck on safe path", "begin_time": "2026-07-15T09:05:00+00:00", "end_time": "2026-07-15T09:07:00+00:00", "hazard_coefficient": 0.0056, "hazard_class": "SAFE", "is_critical": false, "route_type": "PI-GNN_REROUTE"}}, {"type": "Feature", "geometry": {"type": "LineString", "coordinates": [[76.391124, 10.371451], [76.390977, 10.371532]]}, "properties": {"segment_id": "REROUTE-SEG-1233", "scenario_stage": 5, "stage_label": "Reroute Executed", "description": "PI-GNN offline reroute manoeuvre complete \u2014 truck on safe path", "begin_time": "2026-07-15T09:05:00+00:00", "end_time": "2026-07-15T09:07:00+00:00", "hazard_coefficient": 0.0056, "hazard_class": "SAFE", "is_critical": false, "route_type": "PI-GNN_REROUTE"}}, {"type": "Feature", "geometry": {"type": "LineString", "coordinates": [[76.390977, 10.371532], [76.390922, 10.371561]]}, "properties": {"segment_id": "REROUTE-SEG-1234", "scenario_stage": 5, "stage_label": "Reroute Executed", "description": "PI-GNN offline reroute manoeuvre complete \u2014 truck on safe path", "begin_time": "2026-07-15T09:05:00+00:00", "end_time": "2026-07-15T09:07:00+00:00", "hazard_coefficient": 0.0056, "hazard_class": "SAFE", "is_critical": false, "route_type": "PI-GNN_REROUTE"}}, {"type": "Feature", "geometry": {"type": "LineString", "coordinates": [[76.390922, 10.371561], [76.390798, 10.371625]]}, "properties": {"segment_id": "REROUTE-SEG-1235", "scenario_stage": 5, "stage_label": "Reroute Executed", "description": "PI-GNN offline reroute manoeuvre complete \u2014 truck on safe path", "begin_time": "2026-07-15T09:05:00+00:00", "end_time": "2026-07-15T09:07:00+00:00", "hazard_coefficient": 0.0056, "hazard_class": "SAFE", "is_critical": false, "route_type": "PI-GNN_REROUTE"}}, {"type": "Feature", "geometry": {"type": "LineString", "coordinates": [[76.390798, 10.371625], [76.390635, 10.37171]]}, "properties": {"segment_id": "REROUTE-SEG-1236", "scenario_stage": 5, "stage_label": "Reroute Executed", "description": "PI-GNN offline reroute manoeuvre complete \u2014 truck on safe path", "begin_time": "2026-07-15T09:05:00+00:00", "end_time": "2026-07-15T09:07:00+00:00", "hazard_coefficient": 0.0056, "hazard_class": "SAFE", "is_critical": false, "route_type": "PI-GNN_REROUTE"}}, {"type": "Feature", "geometry": {"type": "LineString", "coordinates": [[76.390635, 10.37171], [76.390424, 10.37184]]}, "properties": {"segment_id": "REROUTE-SEG-1237", "scenario_stage": 5, "stage_label": "Reroute Executed", "description": "PI-GNN offline reroute manoeuvre complete \u2014 truck on safe path", "begin_time": "2026-07-15T09:05:00+00:00", "end_time": "2026-07-15T09:07:00+00:00", "hazard_coefficient": 0.0056, "hazard_class": "SAFE", "is_critical": false, "route_type": "PI-GNN_REROUTE"}}, {"type": "Feature", "geometry": {"type": "LineString", "coordinates": [[76.390424, 10.37184], [76.390293, 10.371909]]}, "properties": {"segment_id": "REROUTE-SEG-1238", "scenario_stage": 5, "stage_label": "Reroute Executed", "description": "PI-GNN offline reroute manoeuvre complete \u2014 truck on safe path", "begin_time": "2026-07-15T09:05:00+00:00", "end_time": "2026-07-15T09:07:00+00:00", "hazard_coefficient": 0.0056, "hazard_class": "SAFE", "is_critical": false, "route_type": "PI-GNN_REROUTE"}}, {"type": "Feature", "geometry": {"type": "LineString", "coordinates": [[76.390293, 10.371909], [76.390048, 10.372018]]}, "properties": {"segment_id": "REROUTE-SEG-1239", "scenario_stage": 5, "stage_label": "Reroute Executed", "description": "PI-GNN offline reroute manoeuvre complete \u2014 truck on safe path", "begin_time": "2026-07-15T09:05:00+00:00", "end_time": "2026-07-15T09:07:00+00:00", "hazard_coefficient": 0.0056, "hazard_class": "SAFE", "is_critical": false, "route_type": "PI-GNN_REROUTE"}}, {"type": "Feature", "geometry": {"type": "LineString", "coordinates": [[76.390048, 10.372018], [76.389755, 10.37212]]}, "properties": {"segment_id": "REROUTE-SEG-1240", "scenario_stage": 5, "stage_label": "Reroute Executed", "description": "PI-GNN offline reroute manoeuvre complete \u2014 truck on safe path", "begin_time": "2026-07-15T09:05:00+00:00", "end_time": "2026-07-15T09:07:00+00:00", "hazard_coefficient": 0.0056, "hazard_class": "SAFE", "is_critical": false, "route_type": "PI-GNN_REROUTE"}}, {"type": "Feature", "geometry": {"type": "LineString", "coordinates": [[76.389755, 10.37212], [76.389392, 10.372233]]}, "properties": {"segment_id": "REROUTE-SEG-1241", "scenario_stage": 5, "stage_label": "Reroute Executed", "description": "PI-GNN offline reroute manoeuvre complete \u2014 truck on safe path", "begin_time": "2026-07-15T09:05:00+00:00", "end_time": "2026-07-15T09:07:00+00:00", "hazard_coefficient": 0.0056, "hazard_class": "SAFE", "is_critical": false, "route_type": "PI-GNN_REROUTE"}}, {"type": "Feature", "geometry": {"type": "LineString", "coordinates": [[76.389392, 10.372233], [76.389157, 10.372335]]}, "properties": {"segment_id": "REROUTE-SEG-1242", "scenario_stage": 5, "stage_label": "Reroute Executed", "description": "PI-GNN offline reroute manoeuvre complete \u2014 truck on safe path", "begin_time": "2026-07-15T09:05:00+00:00", "end_time": "2026-07-15T09:07:00+00:00", "hazard_coefficient": 0.0056, "hazard_class": "SAFE", "is_critical": false, "route_type": "PI-GNN_REROUTE"}}, {"type": "Feature", "geometry": {"type": "LineString", "coordinates": [[76.389157, 10.372335], [76.388859, 10.372455]]}, "properties": {"segment_id": "REROUTE-SEG-1243", "scenario_stage": 5, "stage_label": "Reroute Executed", "description": "PI-GNN offline reroute manoeuvre complete \u2014 truck on safe path", "begin_time": "2026-07-15T09:05:00+00:00", "end_time": "2026-07-15T09:07:00+00:00", "hazard_coefficient": 0.0056, "hazard_class": "SAFE", "is_critical": false, "route_type": "PI-GNN_REROUTE"}}, {"type": "Feature", "geometry": {"type": "LineString", "coordinates": [[76.388859, 10.372455], [76.38864, 10.372554]]}, "properties": {"segment_id": "REROUTE-SEG-1244", "scenario_stage": 5, "stage_label": "Reroute Executed", "description": "PI-GNN offline reroute manoeuvre complete \u2014 truck on safe path", "begin_time": "2026-07-15T09:05:00+00:00", "end_time": "2026-07-15T09:07:00+00:00", "hazard_coefficient": 0.0056, "hazard_class": "SAFE", "is_critical": false, "route_type": "PI-GNN_REROUTE"}}, {"type": "Feature", "geometry": {"type": "LineString", "coordinates": [[76.38864, 10.372554], [76.388372, 10.372678]]}, "properties": {"segment_id": "REROUTE-SEG-1245", "scenario_stage": 5, "stage_label": "Reroute Executed", "description": "PI-GNN offline reroute manoeuvre complete \u2014 truck on safe path", "begin_time": "2026-07-15T09:05:00+00:00", "end_time": "2026-07-15T09:07:00+00:00", "hazard_coefficient": 0.0056, "hazard_class": "SAFE", "is_critical": false, "route_type": "PI-GNN_REROUTE"}}, {"type": "Feature", "geometry": {"type": "LineString", "coordinates": [[76.388372, 10.372678], [76.388096, 10.372842]]}, "properties": {"segment_id": "REROUTE-SEG-1246", "scenario_stage": 5, "stage_label": "Reroute Executed", "description": "PI-GNN offline reroute manoeuvre complete \u2014 truck on safe path", "begin_time": "2026-07-15T09:05:00+00:00", "end_time": "2026-07-15T09:07:00+00:00", "hazard_coefficient": 0.0056, "hazard_class": "SAFE", "is_critical": false, "route_type": "PI-GNN_REROUTE"}}, {"type": "Feature", "geometry": {"type": "LineString", "coordinates": [[76.388096, 10.372842], [76.387966, 10.372914]]}, "properties": {"segment_id": "REROUTE-SEG-1247", "scenario_stage": 5, "stage_label": "Reroute Executed", "description": "PI-GNN offline reroute manoeuvre complete \u2014 truck on safe path", "begin_time": "2026-07-15T09:05:00+00:00", "end_time": "2026-07-15T09:07:00+00:00", "hazard_coefficient": 0.0056, "hazard_class": "SAFE", "is_critical": false, "route_type": "PI-GNN_REROUTE"}}, {"type": "Feature", "geometry": {"type": "LineString", "coordinates": [[76.387966, 10.372914], [76.387734, 10.373]]}, "properties": {"segment_id": "REROUTE-SEG-1248", "scenario_stage": 5, "stage_label": "Reroute Executed", "description": "PI-GNN offline reroute manoeuvre complete \u2014 truck on safe path", "begin_time": "2026-07-15T09:05:00+00:00", "end_time": "2026-07-15T09:07:00+00:00", "hazard_coefficient": 0.0056, "hazard_class": "SAFE", "is_critical": false, "route_type": "PI-GNN_REROUTE"}}, {"type": "Feature", "geometry": {"type": "LineString", "coordinates": [[76.387734, 10.373], [76.387521, 10.373084]]}, "properties": {"segment_id": "REROUTE-SEG-1249", "scenario_stage": 5, "stage_label": "Reroute Executed", "description": "PI-GNN offline reroute manoeuvre complete \u2014 truck on safe path", "begin_time": "2026-07-15T09:05:00+00:00", "end_time": "2026-07-15T09:07:00+00:00", "hazard_coefficient": 0.0056, "hazard_class": "SAFE", "is_critical": false, "route_type": "PI-GNN_REROUTE"}}, {"type": "Feature", "geometry": {"type": "LineString", "coordinates": [[76.387521, 10.373084], [76.387356, 10.373165]]}, "properties": {"segment_id": "REROUTE-SEG-1250", "scenario_stage": 5, "stage_label": "Reroute Executed", "description": "PI-GNN offline reroute manoeuvre complete \u2014 truck on safe path", "begin_time": "2026-07-15T09:05:00+00:00", "end_time": "2026-07-15T09:07:00+00:00", "hazard_coefficient": 0.0056, "hazard_class": "SAFE", "is_critical": false, "route_type": "PI-GNN_REROUTE"}}, {"type": "Feature", "geometry": {"type": "LineString", "coordinates": [[76.387356, 10.373165], [76.387642, 10.37366]]}, "properties": {"segment_id": "REROUTE-SEG-1251", "scenario_stage": 5, "stage_label": "Reroute Executed", "description": "PI-GNN offline reroute manoeuvre complete \u2014 truck on safe path", "begin_time": "2026-07-15T09:05:00+00:00", "end_time": "2026-07-15T09:07:00+00:00", "hazard_coefficient": 0.0056, "hazard_class": "SAFE", "is_critical": false, "route_type": "PI-GNN_REROUTE"}}, {"type": "Feature", "geometry": {"type": "LineString", "coordinates": [[76.387642, 10.37366], [76.387856, 10.37399]]}, "properties": {"segment_id": "REROUTE-SEG-1252", "scenario_stage": 5, "stage_label": "Reroute Executed", "description": "PI-GNN offline reroute manoeuvre complete \u2014 truck on safe path", "begin_time": "2026-07-15T09:05:00+00:00", "end_time": "2026-07-15T09:07:00+00:00", "hazard_coefficient": 0.0056, "hazard_class": "SAFE", "is_critical": false, "route_type": "PI-GNN_REROUTE"}}, {"type": "Feature", "geometry": {"type": "LineString", "coordinates": [[76.387856, 10.37399], [76.387902, 10.374187]]}, "properties": {"segment_id": "REROUTE-SEG-1253", "scenario_stage": 5, "stage_label": "Reroute Executed", "description": "PI-GNN offline reroute manoeuvre complete \u2014 truck on safe path", "begin_time": "2026-07-15T09:05:00+00:00", "end_time": "2026-07-15T09:07:00+00:00", "hazard_coefficient": 0.0056, "hazard_class": "SAFE", "is_critical": false, "route_type": "PI-GNN_REROUTE"}}, {"type": "Feature", "geometry": {"type": "LineString", "coordinates": [[76.387902, 10.374187], [76.388058, 10.37481]]}, "properties": {"segment_id": "REROUTE-SEG-1254", "scenario_stage": 5, "stage_label": "Reroute Executed", "description": "PI-GNN offline reroute manoeuvre complete \u2014 truck on safe path", "begin_time": "2026-07-15T09:05:00+00:00", "end_time": "2026-07-15T09:07:00+00:00", "hazard_coefficient": 0.0056, "hazard_class": "SAFE", "is_critical": false, "route_type": "PI-GNN_REROUTE"}}, {"type": "Feature", "geometry": {"type": "LineString", "coordinates": [[76.388058, 10.37481], [76.38817, 10.374998]]}, "properties": {"segment_id": "REROUTE-SEG-1255", "scenario_stage": 5, "stage_label": "Reroute Executed", "description": "PI-GNN offline reroute manoeuvre complete \u2014 truck on safe path", "begin_time": "2026-07-15T09:05:00+00:00", "end_time": "2026-07-15T09:07:00+00:00", "hazard_coefficient": 0.0056, "hazard_class": "SAFE", "is_critical": false, "route_type": "PI-GNN_REROUTE"}}, {"type": "Feature", "geometry": {"type": "LineString", "coordinates": [[76.38817, 10.374998], [76.388449, 10.374995]]}, "properties": {"segment_id": "REROUTE-SEG-1256", "scenario_stage": 5, "stage_label": "Reroute Executed", "description": "PI-GNN offline reroute manoeuvre complete \u2014 truck on safe path", "begin_time": "2026-07-15T09:05:00+00:00", "end_time": "2026-07-15T09:07:00+00:00", "hazard_coefficient": 0.0056, "hazard_class": "SAFE", "is_critical": false, "route_type": "PI-GNN_REROUTE"}}, {"type": "Feature", "geometry": {"type": "LineString", "coordinates": [[76.388449, 10.374995], [76.388535, 10.37523]]}, "properties": {"segment_id": "REROUTE-SEG-1257", "scenario_stage": 5, "stage_label": "Reroute Executed", "description": "PI-GNN offline reroute manoeuvre complete \u2014 truck on safe path", "begin_time": "2026-07-15T09:05:00+00:00", "end_time": "2026-07-15T09:07:00+00:00", "hazard_coefficient": 0.0056, "hazard_class": "SAFE", "is_critical": false, "route_type": "PI-GNN_REROUTE"}}, {"type": "Feature", "geometry": {"type": "LineString", "coordinates": [[76.388535, 10.37523], [76.38854, 10.375457]]}, "properties": {"segment_id": "REROUTE-SEG-1258", "scenario_stage": 5, "stage_label": "Reroute Executed", "description": "PI-GNN offline reroute manoeuvre complete \u2014 truck on safe path", "begin_time": "2026-07-15T09:05:00+00:00", "end_time": "2026-07-15T09:07:00+00:00", "hazard_coefficient": 0.0056, "hazard_class": "SAFE", "is_critical": false, "route_type": "PI-GNN_REROUTE"}}, {"type": "Feature", "geometry": {"type": "LineString", "coordinates": [[76.38854, 10.375457], [76.388522, 10.375578]]}, "properties": {"segment_id": "REROUTE-SEG-1259", "scenario_stage": 5, "stage_label": "Reroute Executed", "description": "PI-GNN offline reroute manoeuvre complete \u2014 truck on safe path", "begin_time": "2026-07-15T09:05:00+00:00", "end_time": "2026-07-15T09:07:00+00:00", "hazard_coefficient": 0.0056, "hazard_class": "SAFE", "is_critical": false, "route_type": "PI-GNN_REROUTE"}}, {"type": "Feature", "geometry": {"type": "LineString", "coordinates": [[76.388522, 10.375578], [76.388774, 10.375589]]}, "properties": {"segment_id": "REROUTE-SEG-1260", "scenario_stage": 5, "stage_label": "Reroute Executed", "description": "PI-GNN offline reroute manoeuvre complete \u2014 truck on safe path", "begin_time": "2026-07-15T09:05:00+00:00", "end_time": "2026-07-15T09:07:00+00:00", "hazard_coefficient": 0.0056, "hazard_class": "SAFE", "is_critical": false, "route_type": "PI-GNN_REROUTE"}}, {"type": "Feature", "geometry": {"type": "LineString", "coordinates": [[76.388774, 10.375589], [76.389452, 10.375549]]}, "properties": {"segment_id": "REROUTE-SEG-1261", "scenario_stage": 5, "stage_label": "Reroute Executed", "description": "PI-GNN offline reroute manoeuvre complete \u2014 truck on safe path", "begin_time": "2026-07-15T09:05:00+00:00", "end_time": "2026-07-15T09:07:00+00:00", "hazard_coefficient": 0.0056, "hazard_class": "SAFE", "is_critical": false, "route_type": "PI-GNN_REROUTE"}}, {"type": "Feature", "geometry": {"type": "LineString", "coordinates": [[76.389452, 10.375549], [76.389573, 10.375644]]}, "properties": {"segment_id": "REROUTE-SEG-1262", "scenario_stage": 5, "stage_label": "Reroute Executed", "description": "PI-GNN offline reroute manoeuvre complete \u2014 truck on safe path", "begin_time": "2026-07-15T09:05:00+00:00", "end_time": "2026-07-15T09:07:00+00:00", "hazard_coefficient": 0.0056, "hazard_class": "SAFE", "is_critical": false, "route_type": "PI-GNN_REROUTE"}}, {"type": "Feature", "geometry": {"type": "LineString", "coordinates": [[76.389573, 10.375644], [76.389594, 10.375863]]}, "properties": {"segment_id": "REROUTE-SEG-1263", "scenario_stage": 5, "stage_label": "Reroute Executed", "description": "PI-GNN offline reroute manoeuvre complete \u2014 truck on safe path", "begin_time": "2026-07-15T09:05:00+00:00", "end_time": "2026-07-15T09:07:00+00:00", "hazard_coefficient": 0.0056, "hazard_class": "SAFE", "is_critical": false, "route_type": "PI-GNN_REROUTE"}}, {"type": "Feature", "geometry": {"type": "LineString", "coordinates": [[76.389594, 10.375863], [76.389535, 10.37609]]}, "properties": {"segment_id": "REROUTE-SEG-1264", "scenario_stage": 5, "stage_label": "Reroute Executed", "description": "PI-GNN offline reroute manoeuvre complete \u2014 truck on safe path", "begin_time": "2026-07-15T09:05:00+00:00", "end_time": "2026-07-15T09:07:00+00:00", "hazard_coefficient": 0.0056, "hazard_class": "SAFE", "is_critical": false, "route_type": "PI-GNN_REROUTE"}}, {"type": "Feature", "geometry": {"type": "LineString", "coordinates": [[76.389535, 10.37609], [76.389484, 10.376188]]}, "properties": {"segment_id": "REROUTE-SEG-1265", "scenario_stage": 5, "stage_label": "Reroute Executed", "description": "PI-GNN offline reroute manoeuvre complete \u2014 truck on safe path", "begin_time": "2026-07-15T09:05:00+00:00", "end_time": "2026-07-15T09:07:00+00:00", "hazard_coefficient": 0.0056, "hazard_class": "SAFE", "is_critical": false, "route_type": "PI-GNN_REROUTE"}}, {"type": "Feature", "geometry": {"type": "LineString", "coordinates": [[76.389484, 10.376188], [76.389417, 10.376589]]}, "properties": {"segment_id": "REROUTE-SEG-1266", "scenario_stage": 5, "stage_label": "Reroute Executed", "description": "PI-GNN offline reroute manoeuvre complete \u2014 truck on safe path", "begin_time": "2026-07-15T09:05:00+00:00", "end_time": "2026-07-15T09:07:00+00:00", "hazard_coefficient": 0.0056, "hazard_class": "SAFE", "is_critical": false, "route_type": "PI-GNN_REROUTE"}}, {"type": "Feature", "geometry": {"type": "LineString", "coordinates": [[76.389417, 10.376589], [76.389503, 10.377251]]}, "properties": {"segment_id": "REROUTE-SEG-1267", "scenario_stage": 5, "stage_label": "Reroute Executed", "description": "PI-GNN offline reroute manoeuvre complete \u2014 truck on safe path", "begin_time": "2026-07-15T09:05:00+00:00", "end_time": "2026-07-15T09:07:00+00:00", "hazard_coefficient": 0.0056, "hazard_class": "SAFE", "is_critical": false, "route_type": "PI-GNN_REROUTE"}}, {"type": "Feature", "geometry": {"type": "LineString", "coordinates": [[76.389503, 10.377251], [76.389466, 10.378597]]}, "properties": {"segment_id": "REROUTE-SEG-1268", "scenario_stage": 5, "stage_label": "Reroute Executed", "description": "PI-GNN offline reroute manoeuvre complete \u2014 truck on safe path", "begin_time": "2026-07-15T09:05:00+00:00", "end_time": "2026-07-15T09:07:00+00:00", "hazard_coefficient": 0.0056, "hazard_class": "SAFE", "is_critical": false, "route_type": "PI-GNN_REROUTE"}}, {"type": "Feature", "geometry": {"type": "LineString", "coordinates": [[76.389466, 10.378597], [76.389589, 10.378823]]}, "properties": {"segment_id": "REROUTE-SEG-1269", "scenario_stage": 5, "stage_label": "Reroute Executed", "description": "PI-GNN offline reroute manoeuvre complete \u2014 truck on safe path", "begin_time": "2026-07-15T09:05:00+00:00", "end_time": "2026-07-15T09:07:00+00:00", "hazard_coefficient": 0.0056, "hazard_class": "SAFE", "is_critical": false, "route_type": "PI-GNN_REROUTE"}}, {"type": "Feature", "geometry": {"type": "LineString", "coordinates": [[76.389589, 10.378823], [76.389793, 10.379016]]}, "properties": {"segment_id": "REROUTE-SEG-1270", "scenario_stage": 5, "stage_label": "Reroute Executed", "description": "PI-GNN offline reroute manoeuvre complete \u2014 truck on safe path", "begin_time": "2026-07-15T09:05:00+00:00", "end_time": "2026-07-15T09:07:00+00:00", "hazard_coefficient": 0.0056, "hazard_class": "SAFE", "is_critical": false, "route_type": "PI-GNN_REROUTE"}}, {"type": "Feature", "geometry": {"type": "LineString", "coordinates": [[76.389793, 10.379016], [76.39026, 10.379195]]}, "properties": {"segment_id": "REROUTE-SEG-1271", "scenario_stage": 5, "stage_label": "Reroute Executed", "description": "PI-GNN offline reroute manoeuvre complete \u2014 truck on safe path", "begin_time": "2026-07-15T09:05:00+00:00", "end_time": "2026-07-15T09:07:00+00:00", "hazard_coefficient": 0.0056, "hazard_class": "SAFE", "is_critical": false, "route_type": "PI-GNN_REROUTE"}}, {"type": "Feature", "geometry": {"type": "LineString", "coordinates": [[76.39026, 10.379195], [76.390343, 10.379296]]}, "properties": {"segment_id": "REROUTE-SEG-1272", "scenario_stage": 5, "stage_label": "Reroute Executed", "description": "PI-GNN offline reroute manoeuvre complete \u2014 truck on safe path", "begin_time": "2026-07-15T09:05:00+00:00", "end_time": "2026-07-15T09:07:00+00:00", "hazard_coefficient": 0.0056, "hazard_class": "SAFE", "is_critical": false, "route_type": "PI-GNN_REROUTE"}}, {"type": "Feature", "geometry": {"type": "LineString", "coordinates": [[76.390343, 10.379296], [76.390426, 10.379594]]}, "properties": {"segment_id": "REROUTE-SEG-1273", "scenario_stage": 5, "stage_label": "Reroute Executed", "description": "PI-GNN offline reroute manoeuvre complete \u2014 truck on safe path", "begin_time": "2026-07-15T09:05:00+00:00", "end_time": "2026-07-15T09:07:00+00:00", "hazard_coefficient": 0.0056, "hazard_class": "SAFE", "is_critical": false, "route_type": "PI-GNN_REROUTE"}}, {"type": "Feature", "geometry": {"type": "LineString", "coordinates": [[76.390426, 10.379594], [76.390489, 10.379903]]}, "properties": {"segment_id": "REROUTE-SEG-1274", "scenario_stage": 5, "stage_label": "Reroute Executed", "description": "PI-GNN offline reroute manoeuvre complete \u2014 truck on safe path", "begin_time": "2026-07-15T09:05:00+00:00", "end_time": "2026-07-15T09:07:00+00:00", "hazard_coefficient": 0.0056, "hazard_class": "SAFE", "is_critical": false, "route_type": "PI-GNN_REROUTE"}}]}