{"type": "FeatureCollection", "features": [{"type": "Feature", "id": "ORIG-SEG-0", "geometry": {"type": "LineString", "coordinates": [[76.319778, 10.249946], [76.319753, 10.249956]]}, "properties": {"segment_id": "ORIG-SEG-0", "hazard_coefficient": 0, "is_critical": false}}, {"type": "Feature", "id": "ORIG-SEG-1", "geometry": {"type": "LineString", "coordinates": [[76.319753, 10.249956], [76.319724, 10.249954]]}, "properties": {"segment_id": "ORIG-SEG-1", "hazard_coefficient": 0, "is_critical": false}}, {"type": "Feature", "id": "ORIG-SEG-2", "geometry": {"type": "LineString", "coordinates": [[76.319724, 10.249954], [76.31912, 10.249784]]}, "properties": {"segment_id": "ORIG-SEG-2", "hazard_coefficient": 0, "is_critical": false}}, {"type": "Feature", "id": "ORIG-SEG-3", "geometry": {"type": "LineString", "coordinates": [[76.31912, 10.249784], [76.318655, 10.24966]]}, "properties": {"segment_id": "ORIG-SEG-3", "hazard_coefficient": 0, "is_critical": false}}, {"type": "Feature", "id": "ORIG-SEG-4", "geometry": {"type": "LineString", "coordinates": [[76.318655, 10.24966], [76.318841, 10.249175]]}, "properties": {"segment_id": "ORIG-SEG-4", "hazard_coefficient": 0, "is_critical": false}}, {"type": "Feature", "id": "ORIG-SEG-5", "geometry": {"type": "LineString", "coordinates": [[76.318841, 10.249175], [76.318938, 10.248764]]}, "properties": {"segment_id": "ORIG-SEG-5", "hazard_coefficient": 0, "is_critical": false}}, {"type": "Feature", "id": "ORIG-SEG-6", "geometry": {"type": "LineString", "coordinates": [[76.318938, 10.248764], [76.318983, 10.248624]]}, "properties": {"segment_id": "ORIG-SEG-6", "hazard_coefficient": 0, "is_critical": false}}, {"type": "Feature", "id": "ORIG-SEG-7", "geometry": {"type": "LineString", "coordinates": [[76.318983, 10.248624], [76.319023, 10.248531]]}, "properties": {"segment_id": "ORIG-SEG-7", "hazard_coefficient": 0, "is_critical": false}}, {"type": "Feature", "id": "ORIG-SEG-8", "geometry": {"type": "LineString", "coordinates": [[76.319023, 10.248531], [76.319085, 10.248439]]}, "properties": {"segment_id": "ORIG-SEG-8", "hazard_coefficient": 0, "is_critical": false}}, {"type": "Feature", "id": "ORIG-SEG-9", "geometry": {"type": "LineString", "coordinates": [[76.319085, 10.248439], [76.319149, 10.248359]]}, "properties": {"segment_id": "ORIG-SEG-9", "hazard_coefficient": 0, "is_critical": false}}, {"type": "Feature", "id": "ORIG-SEG-10", "geometry": {"type": "LineString", "coordinates": [[76.319149, 10.248359], [76.319241, 10.248268]]}, "properties": {"segment_id": "ORIG-SEG-10", "hazard_coefficient": 0, "is_critical": false}}, {"type": "Feature", "id": "ORIG-SEG-11", "geometry": {"type": "LineString", "coordinates": [[76.319241, 10.248268], [76.319672, 10.247882]]}, "properties": {"segment_id": "ORIG-SEG-11", "hazard_coefficient": 0, "is_critical": false}}, {"type": "Feature", "id": "ORIG-SEG-12", "geometry": {"type": "LineString", "coordinates": [[76.319672, 10.247882], [76.319897, 10.247729]]}, "properties": {"segment_id": "ORIG-SEG-12", "hazard_coefficient": 0, "is_critical": false}}, {"type": "Feature", "id": "ORIG-SEG-13", "geometry": {"type": "LineString", "coordinates": [[76.319897, 10.247729], [76.320103, 10.247556]]}, "properties": {"segment_id": "ORIG-SEG-13", "hazard_coefficient": 0, "is_critical": false}}, {"type": "Feature", "id": "ORIG-SEG-14", "geometry": {"type": "LineString", "coordinates": [[76.320103, 10.247556], [76.320143, 10.247514]]}, "properties": {"segment_id": "ORIG-SEG-14", "hazard_coefficient": 0, "is_critical": false}}, {"type": "Feature", "id": "ORIG-SEG-15", "geometry": {"type": "LineString", "coordinates": [[76.320143, 10.247514], [76.320173, 10.247472]]}, "properties": {"segment_id": "ORIG-SEG-15", "hazard_coefficient": 0, "is_critical": false}}, {"type": "Feature", "id": "ORIG-SEG-16", "geometry": {"type": "LineString", "coordinates": [[76.320173, 10.247472], [76.320198, 10.247429]]}, "properties": {"segment_id": "ORIG-SEG-16", "hazard_coefficient": 0, "is_critical": false}}, {"type": "Feature", "id": "ORIG-SEG-17", "geometry": {"type": "LineString", "coordinates": [[76.320198, 10.247429], [76.320287, 10.247216]]}, "properties": {"segment_id": "ORIG-SEG-17", "hazard_coefficient": 0, "is_critical": false}}, {"type": "Feature", "id": "ORIG-SEG-18", "geometry": {"type": "LineString", "coordinates": [[76.320287, 10.247216], [76.320324, 10.24717]]}, "properties": {"segment_id": "ORIG-SEG-18", "hazard_coefficient": 0, "is_critical": false}}, {"type": "Feature", "id": "ORIG-SEG-19", "geometry": {"type": "LineString", "coordinates": [[76.320324, 10.24717], [76.32042, 10.247083]]}, "properties": {"segment_id": "ORIG-SEG-19", "hazard_coefficient": 0, "is_critical": false}}, {"type": "Feature", "id": "ORIG-SEG-20", "geometry": {"type": "LineString", "coordinates": [[76.32042, 10.247083], [76.320511, 10.247004]]}, "properties": {"segment_id": "ORIG-SEG-20", "hazard_coefficient": 0, "is_critical": false}}, {"type": "Feature", "id": "ORIG-SEG-21", "geometry": {"type": "LineString", "coordinates": [[76.320511, 10.247004], [76.320611, 10.246926]]}, "properties": {"segment_id": "ORIG-SEG-21", "hazard_coefficient": 0, "is_critical": false}}, {"type": "Feature", "id": "ORIG-SEG-22", "geometry": {"type": "LineString", "coordinates": [[76.320611, 10.246926], [76.320715, 10.246856]]}, "properties": {"segment_id": "ORIG-SEG-22", "hazard_coefficient": 0, "is_critical": false}}, {"type": "Feature", "id": "ORIG-SEG-23", "geometry": {"type": "LineString", "coordinates": [[76.320715, 10.246856], [76.320833, 10.246742]]}, "properties": {"segment_id": "ORIG-SEG-23", "hazard_coefficient": 0, "is_critical": false}}, {"type": "Feature", "id": "ORIG-SEG-24", "geometry": {"type": "LineString", "coordinates": [[76.320833, 10.246742], [76.321005, 10.246526]]}, "properties": {"segment_id": "ORIG-SEG-24", "hazard_coefficient": 0, "is_critical": false}}, {"type": "Feature", "id": "ORIG-SEG-25", "geometry": {"type": "LineString", "coordinates": [[76.321005, 10.246526], [76.321225, 10.24618]]}, "properties": {"segment_id": "ORIG-SEG-25", "hazard_coefficient": 0, "is_critical": false}}, {"type": "Feature", "id": "ORIG-SEG-26", "geometry": {"type": "LineString", "coordinates": [[76.321225, 10.24618], [76.321254, 10.246135]]}, "properties": {"segment_id": "ORIG-SEG-26", "hazard_coefficient": 0, "is_critical": false}}, {"type": "Feature", "id": "ORIG-SEG-27", "geometry": {"type": "LineString", "coordinates": [[76.321254, 10.246135], [76.321437, 10.245824]]}, "properties": {"segment_id": "ORIG-SEG-27", "hazard_coefficient": 0, "is_critical": false}}, {"type": "Feature", "id": "ORIG-SEG-28", "geometry": {"type": "LineString", "coordinates": [[76.321437, 10.245824], [76.321676, 10.245436]]}, "properties": {"segment_id": "ORIG-SEG-28", "hazard_coefficient": 0, "is_critical": false}}, {"type": "Feature", "id": "ORIG-SEG-29", "geometry": {"type": "LineString", "coordinates": [[76.321676, 10.245436], [76.321772, 10.245296]]}, "properties": {"segment_id": "ORIG-SEG-29", "hazard_coefficient": 0, "is_critical": false}}, {"type": "Feature", "id": "ORIG-SEG-30", "geometry": {"type": "LineString", "coordinates": [[76.321772, 10.245296], [76.321922, 10.245143]]}, "properties": {"segment_id": "ORIG-SEG-30", "hazard_coefficient": 0, "is_critical": false}}, {"type": "Feature", "id": "ORIG-SEG-31", "geometry": {"type": "LineString", "coordinates": [[76.321922, 10.245143], [76.322153, 10.244926]]}, "properties": {"segment_id": "ORIG-SEG-31", "hazard_coefficient": 0, "is_critical": false}}, {"type": "Feature", "id": "ORIG-SEG-32", "geometry": {"type": "LineString", "coordinates": [[76.322153, 10.244926], [76.322258, 10.244768]]}, "properties": {"segment_id": "ORIG-SEG-32", "hazard_coefficient": 0, "is_critical": false}}, {"type": "Feature", "id": "ORIG-SEG-33", "geometry": {"type": "LineString", "coordinates": [[76.322258, 10.244768], [76.322357, 10.244665]]}, "properties": {"segment_id": "ORIG-SEG-33", "hazard_coefficient": 0, "is_critical": false}}, {"type": "Feature", "id": "ORIG-SEG-34", "geometry": {"type": "LineString", "coordinates": [[76.322357, 10.244665], [76.322468, 10.244538]]}, "properties": {"segment_id": "ORIG-SEG-34", "hazard_coefficient": 0, "is_critical": false}}, {"type": "Feature", "id": "ORIG-SEG-35", "geometry": {"type": "LineString", "coordinates": [[76.322468, 10.244538], [76.322569, 10.244422]]}, "properties": {"segment_id": "ORIG-SEG-35", "hazard_coefficient": 0, "is_critical": false}}, {"type": "Feature", "id": "ORIG-SEG-36", "geometry": {"type": "LineString", "coordinates": [[76.322569, 10.244422], [76.322655, 10.244296]]}, "properties": {"segment_id": "ORIG-SEG-36", "hazard_coefficient": 0, "is_critical": false}}, {"type": "Feature", "id": "ORIG-SEG-37", "geometry": {"type": "LineString", "coordinates": [[76.322655, 10.244296], [76.322716, 10.244185]]}, "properties": {"segment_id": "ORIG-SEG-37", "hazard_coefficient": 0, "is_critical": false}}, {"type": "Feature", "id": "ORIG-SEG-38", "geometry": {"type": "LineString", "coordinates": [[76.322716, 10.244185], [76.322733, 10.244168]]}, "properties": {"segment_id": "ORIG-SEG-38", "hazard_coefficient": 0, "is_critical": false}}, {"type": "Feature", "id": "ORIG-SEG-39", "geometry": {"type": "LineString", "coordinates": [[76.322733, 10.244168], [76.322807, 10.243968]]}, "properties": {"segment_id": "ORIG-SEG-39", "hazard_coefficient": 0, "is_critical": false}}, {"type": "Feature", "id": "ORIG-SEG-40", "geometry": {"type": "LineString", "coordinates": [[76.322807, 10.243968], [76.322845, 10.243889]]}, "properties": {"segment_id": "ORIG-SEG-40", "hazard_coefficient": 0, "is_critical": false}}, {"type": "Feature", "id": "ORIG-SEG-41", "geometry": {"type": "LineString", "coordinates": [[76.322845, 10.243889], [76.32291, 10.243807]]}, "properties": {"segment_id": "ORIG-SEG-41", "hazard_coefficient": 0, "is_critical": false}}, {"type": "Feature", "id": "ORIG-SEG-42", "geometry": {"type": "LineString", "coordinates": [[76.32291, 10.243807], [76.32318, 10.243541]]}, "properties": {"segment_id": "ORIG-SEG-42", "hazard_coefficient": 0, "is_critical": false}}, {"type": "Feature", "id": "ORIG-SEG-43", "geometry": {"type": "LineString", "coordinates": [[76.32318, 10.243541], [76.323424, 10.243205]]}, "properties": {"segment_id": "ORIG-SEG-43", "hazard_coefficient": 0, "is_critical": false}}, {"type": "Feature", "id": "ORIG-SEG-44", "geometry": {"type": "LineString", "coordinates": [[76.323424, 10.243205], [76.323609, 10.242984]]}, "properties": {"segment_id": "ORIG-SEG-44", "hazard_coefficient": 0, "is_critical": false}}, {"type": "Feature", "id": "ORIG-SEG-45", "geometry": {"type": "LineString", "coordinates": [[76.323609, 10.242984], [76.323828, 10.2427]]}, "properties": {"segment_id": "ORIG-SEG-45", "hazard_coefficient": 0, "is_critical": false}}, {"type": "Feature", "id": "ORIG-SEG-46", "geometry": {"type": "LineString", "coordinates": [[76.323828, 10.2427], [76.323929, 10.242559]]}, "properties": {"segment_id": "ORIG-SEG-46", "hazard_coefficient": 0, "is_critical": false}}, {"type": "Feature", "id": "ORIG-SEG-47", "geometry": {"type": "LineString", "coordinates": [[76.323929, 10.242559], [76.324018, 10.242381]]}, "properties": {"segment_id": "ORIG-SEG-47", "hazard_coefficient": 0, "is_critical": false}}, {"type": "Feature", "id": "ORIG-SEG-48", "geometry": {"type": "LineString", "coordinates": [[76.324018, 10.242381], [76.324076, 10.242231]]}, "properties": {"segment_id": "ORIG-SEG-48", "hazard_coefficient": 0, "is_critical": false}}, {"type": "Feature", "id": "ORIG-SEG-49", "geometry": {"type": "LineString", "coordinates": [[76.324076, 10.242231], [76.324151, 10.242034]]}, "properties": {"segment_id": "ORIG-SEG-49", "hazard_coefficient": 0, "is_critical": false}}, {"type": "Feature", "id": "ORIG-SEG-50", "geometry": {"type": "LineString", "coordinates": [[76.324151, 10.242034], [76.324191, 10.241907]]}, "properties": {"segment_id": "ORIG-SEG-50", "hazard_coefficient": 0, "is_critical": false}}, {"type": "Feature", "id": "ORIG-SEG-51", "geometry": {"type": "LineString", "coordinates": [[76.324191, 10.241907], [76.32425, 10.241785]]}, "properties": {"segment_id": "ORIG-SEG-51", "hazard_coefficient": 0, "is_critical": false}}, {"type": "Feature", "id": "ORIG-SEG-52", "geometry": {"type": "LineString", "coordinates": [[76.32425, 10.241785], [76.324313, 10.241695]]}, "properties": {"segment_id": "ORIG-SEG-52", "hazard_coefficient": 0, "is_critical": false}}, {"type": "Feature", "id": "ORIG-SEG-53", "geometry": {"type": "LineString", "coordinates": [[76.324313, 10.241695], [76.324342, 10.241652]]}, "properties": {"segment_id": "ORIG-SEG-53", "hazard_coefficient": 0, "is_critical": false}}, {"type": "Feature", "id": "ORIG-SEG-54", "geometry": {"type": "LineString", "coordinates": [[76.324342, 10.241652], [76.324457, 10.241498]]}, "properties": {"segment_id": "ORIG-SEG-54", "hazard_coefficient": 0, "is_critical": false}}, {"type": "Feature", "id": "ORIG-SEG-55", "geometry": {"type": "LineString", "coordinates": [[76.324457, 10.241498], [76.324959, 10.24093]]}, "properties": {"segment_id": "ORIG-SEG-55", "hazard_coefficient": 0, "is_critical": false}}, {"type": "Feature", "id": "ORIG-SEG-56", "geometry": {"type": "LineString", "coordinates": [[76.324959, 10.24093], [76.325514, 10.240341]]}, "properties": {"segment_id": "ORIG-SEG-56", "hazard_coefficient": 0, "is_critical": false}}, {"type": "Feature", "id": "ORIG-SEG-57", "geometry": {"type": "LineString", "coordinates": [[76.325514, 10.240341], [76.325688, 10.240093]]}, "properties": {"segment_id": "ORIG-SEG-57", "hazard_coefficient": 0, "is_critical": false}}, {"type": "Feature", "id": "ORIG-SEG-58", "geometry": {"type": "LineString", "coordinates": [[76.325688, 10.240093], [76.325774, 10.239932]]}, "properties": {"segment_id": "ORIG-SEG-58", "hazard_coefficient": 0, "is_critical": false}}, {"type": "Feature", "id": "ORIG-SEG-59", "geometry": {"type": "LineString", "coordinates": [[76.325774, 10.239932], [76.325885, 10.239702]]}, "properties": {"segment_id": "ORIG-SEG-59", "hazard_coefficient": 0, "is_critical": false}}, {"type": "Feature", "id": "ORIG-SEG-60", "geometry": {"type": "LineString", "coordinates": [[76.325885, 10.239702], [76.325908, 10.239655]]}, "properties": {"segment_id": "ORIG-SEG-60", "hazard_coefficient": 0, "is_critical": false}}, {"type": "Feature", "id": "ORIG-SEG-61", "geometry": {"type": "LineString", "coordinates": [[76.325908, 10.239655], [76.325978, 10.239513]]}, "properties": {"segment_id": "ORIG-SEG-61", "hazard_coefficient": 0, "is_critical": false}}, {"type": "Feature", "id": "ORIG-SEG-62", "geometry": {"type": "LineString", "coordinates": [[76.325978, 10.239513], [76.326036, 10.239433]]}, "properties": {"segment_id": "ORIG-SEG-62", "hazard_coefficient": 0, "is_critical": false}}, {"type": "Feature", "id": "ORIG-SEG-63", "geometry": {"type": "LineString", "coordinates": [[76.326036, 10.239433], [76.326173, 10.239295]]}, "properties": {"segment_id": "ORIG-SEG-63", "hazard_coefficient": 0, "is_critical": false}}, {"type": "Feature", "id": "ORIG-SEG-64", "geometry": {"type": "LineString", "coordinates": [[76.326173, 10.239295], [76.326246, 10.239212]]}, "properties": {"segment_id": "ORIG-SEG-64", "hazard_coefficient": 0, "is_critical": false}}, {"type": "Feature", "id": "ORIG-SEG-65", "geometry": {"type": "LineString", "coordinates": [[76.326246, 10.239212], [76.326525, 10.238897]]}, "properties": {"segment_id": "ORIG-SEG-65", "hazard_coefficient": 0, "is_critical": false}}, {"type": "Feature", "id": "ORIG-SEG-66", "geometry": {"type": "LineString", "coordinates": [[76.326525, 10.238897], [76.326685, 10.238658]]}, "properties": {"segment_id": "ORIG-SEG-66", "hazard_coefficient": 0, "is_critical": false}}, {"type": "Feature", "id": "ORIG-SEG-67", "geometry": {"type": "LineString", "coordinates": [[76.326685, 10.238658], [76.326767, 10.238535]]}, "properties": {"segment_id": "ORIG-SEG-67", "hazard_coefficient": 0, "is_critical": false}}, {"type": "Feature", "id": "ORIG-SEG-68", "geometry": {"type": "LineString", "coordinates": [[76.326767, 10.238535], [76.327185, 10.238695]]}, "properties": {"segment_id": "ORIG-SEG-68", "hazard_coefficient": 0, "is_critical": false}}, {"type": "Feature", "id": "ORIG-SEG-69", "geometry": {"type": "LineString", "coordinates": [[76.327185, 10.238695], [76.327365, 10.238721]]}, "properties": {"segment_id": "ORIG-SEG-69", "hazard_coefficient": 0, "is_critical": false}}, {"type": "Feature", "id": "ORIG-SEG-70", "geometry": {"type": "LineString", "coordinates": [[76.327365, 10.238721], [76.327391, 10.238724]]}, "properties": {"segment_id": "ORIG-SEG-70", "hazard_coefficient": 0, "is_critical": false}}, {"type": "Feature", "id": "ORIG-SEG-71", "geometry": {"type": "LineString", "coordinates": [[76.327391, 10.238724], [76.327457, 10.238734]]}, "properties": {"segment_id": "ORIG-SEG-71", "hazard_coefficient": 0, "is_critical": false}}, {"type": "Feature", "id": "ORIG-SEG-72", "geometry": {"type": "LineString", "coordinates": [[76.327457, 10.238734], [76.32789, 10.238797]]}, "properties": {"segment_id": "ORIG-SEG-72", "hazard_coefficient": 0, "is_critical": false}}, {"type": "Feature", "id": "ORIG-SEG-73", "geometry": {"type": "LineString", "coordinates": [[76.32789, 10.238797], [76.327953, 10.23882]]}, "properties": {"segment_id": "ORIG-SEG-73", "hazard_coefficient": 0, "is_critical": false}}, {"type": "Feature", "id": "ORIG-SEG-74", "geometry": {"type": "LineString", "coordinates": [[76.327953, 10.23882], [76.328247, 10.238927]]}, "properties": {"segment_id": "ORIG-SEG-74", "hazard_coefficient": 0, "is_critical": false}}, {"type": "Feature", "id": "ORIG-SEG-75", "geometry": {"type": "LineString", "coordinates": [[76.328247, 10.238927], [76.328414, 10.238967]]}, "properties": {"segment_id": "ORIG-SEG-75", "hazard_coefficient": 0, "is_critical": false}}, {"type": "Feature", "id": "ORIG-SEG-76", "geometry": {"type": "LineString", "coordinates": [[76.328414, 10.238967], [76.328457, 10.238981]]}, "properties": {"segment_id": "ORIG-SEG-76", "hazard_coefficient": 0, "is_critical": false}}, {"type": "Feature", "id": "ORIG-SEG-77", "geometry": {"type": "LineString", "coordinates": [[76.328457, 10.238981], [76.329376, 10.239238]]}, "properties": {"segment_id": "ORIG-SEG-77", "hazard_coefficient": 0, "is_critical": false}}, {"type": "Feature", "id": "ORIG-SEG-78", "geometry": {"type": "LineString", "coordinates": [[76.329376, 10.239238], [76.32983, 10.23937]]}, "properties": {"segment_id": "ORIG-SEG-78", "hazard_coefficient": 0, "is_critical": false}}, {"type": "Feature", "id": "ORIG-SEG-79", "geometry": {"type": "LineString", "coordinates": [[76.32983, 10.23937], [76.330372, 10.239531]]}, "properties": {"segment_id": "ORIG-SEG-79", "hazard_coefficient": 0, "is_critical": false}}, {"type": "Feature", "id": "ORIG-SEG-80", "geometry": {"type": "LineString", "coordinates": [[76.330372, 10.239531], [76.330491, 10.239614]]}, "properties": {"segment_id": "ORIG-SEG-80", "hazard_coefficient": 0, "is_critical": false}}, {"type": "Feature", "id": "ORIG-SEG-81", "geometry": {"type": "LineString", "coordinates": [[76.330491, 10.239614], [76.330774, 10.239773]]}, "properties": {"segment_id": "ORIG-SEG-81", "hazard_coefficient": 0, "is_critical": false}}, {"type": "Feature", "id": "ORIG-SEG-82", "geometry": {"type": "LineString", "coordinates": [[76.330774, 10.239773], [76.331475, 10.240267]]}, "properties": {"segment_id": "ORIG-SEG-82", "hazard_coefficient": 0, "is_critical": false}}, {"type": "Feature", "id": "ORIG-SEG-83", "geometry": {"type": "LineString", "coordinates": [[76.331475, 10.240267], [76.332177, 10.240769]]}, "properties": {"segment_id": "ORIG-SEG-83", "hazard_coefficient": 0, "is_critical": false}}, {"type": "Feature", "id": "ORIG-SEG-84", "geometry": {"type": "LineString", "coordinates": [[76.332177, 10.240769], [76.332533, 10.240925]]}, "properties": {"segment_id": "ORIG-SEG-84", "hazard_coefficient": 0, "is_critical": false}}, {"type": "Feature", "id": "ORIG-SEG-85", "geometry": {"type": "LineString", "coordinates": [[76.332533, 10.240925], [76.332881, 10.241035]]}, "properties": {"segment_id": "ORIG-SEG-85", "hazard_coefficient": 0, "is_critical": false}}, {"type": "Feature", "id": "ORIG-SEG-86", "geometry": {"type": "LineString", "coordinates": [[76.332881, 10.241035], [76.333185, 10.241102]]}, "properties": {"segment_id": "ORIG-SEG-86", "hazard_coefficient": 0, "is_critical": false}}, {"type": "Feature", "id": "ORIG-SEG-87", "geometry": {"type": "LineString", "coordinates": [[76.333185, 10.241102], [76.333102, 10.24163]]}, "properties": {"segment_id": "ORIG-SEG-87", "hazard_coefficient": 0, "is_critical": false}}, {"type": "Feature", "id": "ORIG-SEG-88", "geometry": {"type": "LineString", "coordinates": [[76.333102, 10.24163], [76.333001, 10.242019]]}, "properties": {"segment_id": "ORIG-SEG-88", "hazard_coefficient": 0, "is_critical": false}}, {"type": "Feature", "id": "ORIG-SEG-89", "geometry": {"type": "LineString", "coordinates": [[76.333001, 10.242019], [76.332906, 10.2424]]}, "properties": {"segment_id": "ORIG-SEG-89", "hazard_coefficient": 0, "is_critical": false}}, {"type": "Feature", "id": "ORIG-SEG-90", "geometry": {"type": "LineString", "coordinates": [[76.332906, 10.2424], [76.332831, 10.242793]]}, "properties": {"segment_id": "ORIG-SEG-90", "hazard_coefficient": 0, "is_critical": false}}, {"type": "Feature", "id": "ORIG-SEG-91", "geometry": {"type": "LineString", "coordinates": [[76.332831, 10.242793], [76.332772, 10.243069]]}, "properties": {"segment_id": "ORIG-SEG-91", "hazard_coefficient": 0, "is_critical": false}}, {"type": "Feature", "id": "ORIG-SEG-92", "geometry": {"type": "LineString", "coordinates": [[76.332772, 10.243069], [76.332875, 10.243114]]}, "properties": {"segment_id": "ORIG-SEG-92", "hazard_coefficient": 0, "is_critical": false}}, {"type": "Feature", "id": "ORIG-SEG-93", "geometry": {"type": "LineString", "coordinates": [[76.332875, 10.243114], [76.33299, 10.243183]]}, "properties": {"segment_id": "ORIG-SEG-93", "hazard_coefficient": 0, "is_critical": false}}, {"type": "Feature", "id": "ORIG-SEG-94", "geometry": {"type": "LineString", "coordinates": [[76.33299, 10.243183], [76.333228, 10.243284]]}, "properties": {"segment_id": "ORIG-SEG-94", "hazard_coefficient": 0, "is_critical": false}}, {"type": "Feature", "id": "ORIG-SEG-95", "geometry": {"type": "LineString", "coordinates": [[76.333228, 10.243284], [76.333268, 10.243395]]}, "properties": {"segment_id": "ORIG-SEG-95", "hazard_coefficient": 0, "is_critical": false}}, {"type": "Feature", "id": "ORIG-SEG-96", "geometry": {"type": "LineString", "coordinates": [[76.333268, 10.243395], [76.333252, 10.244371]]}, "properties": {"segment_id": "ORIG-SEG-96", "hazard_coefficient": 0, "is_critical": false}}, {"type": "Feature", "id": "ORIG-SEG-97", "geometry": {"type": "LineString", "coordinates": [[76.333252, 10.244371], [76.33333, 10.244533]]}, "properties": {"segment_id": "ORIG-SEG-97", "hazard_coefficient": 0, "is_critical": false}}, {"type": "Feature", "id": "ORIG-SEG-98", "geometry": {"type": "LineString", "coordinates": [[76.33333, 10.244533], [76.333368, 10.244576]]}, "properties": {"segment_id": "ORIG-SEG-98", "hazard_coefficient": 0, "is_critical": false}}, {"type": "Feature", "id": "ORIG-SEG-99", "geometry": {"type": "LineString", "coordinates": [[76.333368, 10.244576], [76.333606, 10.244844]]}, "properties": {"segment_id": "ORIG-SEG-99", "hazard_coefficient": 0, "is_critical": false}}, {"type": "Feature", "id": "ORIG-SEG-100", "geometry": {"type": "LineString", "coordinates": [[76.333606, 10.244844], [76.333566, 10.245159]]}, "properties": {"segment_id": "ORIG-SEG-100", "hazard_coefficient": 0, "is_critical": false}}, {"type": "Feature", "id": "ORIG-SEG-101", "geometry": {"type": "LineString", "coordinates": [[76.333566, 10.245159], [76.333355, 10.24586]]}, "properties": {"segment_id": "ORIG-SEG-101", "hazard_coefficient": 0, "is_critical": false}}, {"type": "Feature", "id": "ORIG-SEG-102", "geometry": {"type": "LineString", "coordinates": [[76.333355, 10.24586], [76.333252, 10.246203]]}, "properties": {"segment_id": "ORIG-SEG-102", "hazard_coefficient": 0, "is_critical": false}}, {"type": "Feature", "id": "ORIG-SEG-103", "geometry": {"type": "LineString", "coordinates": [[76.333252, 10.246203], [76.333241, 10.246945]]}, "properties": {"segment_id": "ORIG-SEG-103", "hazard_coefficient": 0, "is_critical": false}}, {"type": "Feature", "id": "ORIG-SEG-104", "geometry": {"type": "LineString", "coordinates": [[76.333241, 10.246945], [76.333145, 10.247433]]}, "properties": {"segment_id": "ORIG-SEG-104", "hazard_coefficient": 0, "is_critical": false}}, {"type": "Feature", "id": "ORIG-SEG-105", "geometry": {"type": "LineString", "coordinates": [[76.333145, 10.247433], [76.33315, 10.24747]]}, "properties": {"segment_id": "ORIG-SEG-105", "hazard_coefficient": 0, "is_critical": false}}, {"type": "Feature", "id": "ORIG-SEG-106", "geometry": {"type": "LineString", "coordinates": [[76.33315, 10.24747], [76.333201, 10.247845]]}, "properties": {"segment_id": "ORIG-SEG-106", "hazard_coefficient": 0, "is_critical": false}}, {"type": "Feature", "id": "ORIG-SEG-107", "geometry": {"type": "LineString", "coordinates": [[76.333201, 10.247845], [76.333419, 10.248185]]}, "properties": {"segment_id": "ORIG-SEG-107", "hazard_coefficient": 0, "is_critical": false}}, {"type": "Feature", "id": "ORIG-SEG-108", "geometry": {"type": "LineString", "coordinates": [[76.333419, 10.248185], [76.333314, 10.249149]]}, "properties": {"segment_id": "ORIG-SEG-108", "hazard_coefficient": 0, "is_critical": false}}, {"type": "Feature", "id": "ORIG-SEG-109", "geometry": {"type": "LineString", "coordinates": [[76.333314, 10.249149], [76.333288, 10.249821]]}, "properties": {"segment_id": "ORIG-SEG-109", "hazard_coefficient": 0, "is_critical": false}}, {"type": "Feature", "id": "ORIG-SEG-110", "geometry": {"type": "LineString", "coordinates": [[76.333288, 10.249821], [76.333266, 10.25041]]}, "properties": {"segment_id": "ORIG-SEG-110", "hazard_coefficient": 0, "is_critical": false}}, {"type": "Feature", "id": "ORIG-SEG-111", "geometry": {"type": "LineString", "coordinates": [[76.333266, 10.25041], [76.333265, 10.250437]]}, "properties": {"segment_id": "ORIG-SEG-111", "hazard_coefficient": 0, "is_critical": false}}, {"type": "Feature", "id": "ORIG-SEG-112", "geometry": {"type": "LineString", "coordinates": [[76.333265, 10.250437], [76.33326, 10.251132]]}, "properties": {"segment_id": "ORIG-SEG-112", "hazard_coefficient": 0, "is_critical": false}}, {"type": "Feature", "id": "ORIG-SEG-113", "geometry": {"type": "LineString", "coordinates": [[76.33326, 10.251132], [76.333338, 10.251606]]}, "properties": {"segment_id": "ORIG-SEG-113", "hazard_coefficient": 0, "is_critical": false}}, {"type": "Feature", "id": "ORIG-SEG-114", "geometry": {"type": "LineString", "coordinates": [[76.333338, 10.251606], [76.333663, 10.252084]]}, "properties": {"segment_id": "ORIG-SEG-114", "hazard_coefficient": 0, "is_critical": false}}, {"type": "Feature", "id": "ORIG-SEG-115", "geometry": {"type": "LineString", "coordinates": [[76.333663, 10.252084], [76.333772, 10.252245]]}, "properties": {"segment_id": "ORIG-SEG-115", "hazard_coefficient": 0, "is_critical": false}}, {"type": "Feature", "id": "ORIG-SEG-116", "geometry": {"type": "LineString", "coordinates": [[76.333772, 10.252245], [76.333917, 10.252596]]}, "properties": {"segment_id": "ORIG-SEG-116", "hazard_coefficient": 0, "is_critical": false}}, {"type": "Feature", "id": "ORIG-SEG-117", "geometry": {"type": "LineString", "coordinates": [[76.333917, 10.252596], [76.333948, 10.252957]]}, "properties": {"segment_id": "ORIG-SEG-117", "hazard_coefficient": 0, "is_critical": false}}, {"type": "Feature", "id": "ORIG-SEG-118", "geometry": {"type": "LineString", "coordinates": [[76.333948, 10.252957], [76.333982, 10.253345]]}, "properties": {"segment_id": "ORIG-SEG-118", "hazard_coefficient": 0, "is_critical": false}}, {"type": "Feature", "id": "ORIG-SEG-119", "geometry": {"type": "LineString", "coordinates": [[76.333982, 10.253345], [76.333997, 10.253482]]}, "properties": {"segment_id": "ORIG-SEG-119", "hazard_coefficient": 0, "is_critical": false}}, {"type": "Feature", "id": "ORIG-SEG-120", "geometry": {"type": "LineString", "coordinates": [[76.333997, 10.253482], [76.334008, 10.253571]]}, "properties": {"segment_id": "ORIG-SEG-120", "hazard_coefficient": 0, "is_critical": false}}, {"type": "Feature", "id": "ORIG-SEG-121", "geometry": {"type": "LineString", "coordinates": [[76.334008, 10.253571], [76.334023, 10.253704]]}, "properties": {"segment_id": "ORIG-SEG-121", "hazard_coefficient": 0, "is_critical": false}}, {"type": "Feature", "id": "ORIG-SEG-122", "geometry": {"type": "LineString", "coordinates": [[76.334023, 10.253704], [76.334069, 10.2541]]}, "properties": {"segment_id": "ORIG-SEG-122", "hazard_coefficient": 0, "is_critical": false}}, {"type": "Feature", "id": "ORIG-SEG-123", "geometry": {"type": "LineString", "coordinates": [[76.334069, 10.2541], [76.334094, 10.25432]]}, "properties": {"segment_id": "ORIG-SEG-123", "hazard_coefficient": 0, "is_critical": false}}, {"type": "Feature", "id": "ORIG-SEG-124", "geometry": {"type": "LineString", "coordinates": [[76.334094, 10.25432], [76.334427, 10.254824]]}, "properties": {"segment_id": "ORIG-SEG-124", "hazard_coefficient": 0, "is_critical": false}}, {"type": "Feature", "id": "ORIG-SEG-125", "geometry": {"type": "LineString", "coordinates": [[76.334427, 10.254824], [76.334961, 10.255623]]}, "properties": {"segment_id": "ORIG-SEG-125", "hazard_coefficient": 0, "is_critical": false}}, {"type": "Feature", "id": "ORIG-SEG-126", "geometry": {"type": "LineString", "coordinates": [[76.334961, 10.255623], [76.335085, 10.255823]]}, "properties": {"segment_id": "ORIG-SEG-126", "hazard_coefficient": 0, "is_critical": false}}, {"type": "Feature", "id": "ORIG-SEG-127", "geometry": {"type": "LineString", "coordinates": [[76.335085, 10.255823], [76.335178, 10.255972]]}, "properties": {"segment_id": "ORIG-SEG-127", "hazard_coefficient": 0, "is_critical": false}}, {"type": "Feature", "id": "ORIG-SEG-128", "geometry": {"type": "LineString", "coordinates": [[76.335178, 10.255972], [76.335436, 10.256394]]}, "properties": {"segment_id": "ORIG-SEG-128", "hazard_coefficient": 0, "is_critical": false}}, {"type": "Feature", "id": "ORIG-SEG-129", "geometry": {"type": "LineString", "coordinates": [[76.335436, 10.256394], [76.335672, 10.256631]]}, "properties": {"segment_id": "ORIG-SEG-129", "hazard_coefficient": 0, "is_critical": false}}, {"type": "Feature", "id": "ORIG-SEG-130", "geometry": {"type": "LineString", "coordinates": [[76.335672, 10.256631], [76.335781, 10.256703]]}, "properties": {"segment_id": "ORIG-SEG-130", "hazard_coefficient": 0, "is_critical": false}}, {"type": "Feature", "id": "ORIG-SEG-131", "geometry": {"type": "LineString", "coordinates": [[76.335781, 10.256703], [76.336098, 10.256911]]}, "properties": {"segment_id": "ORIG-SEG-131", "hazard_coefficient": 0, "is_critical": false}}, {"type": "Feature", "id": "ORIG-SEG-132", "geometry": {"type": "LineString", "coordinates": [[76.336098, 10.256911], [76.337825, 10.258315]]}, "properties": {"segment_id": "ORIG-SEG-132", "hazard_coefficient": 0, "is_critical": false}}, {"type": "Feature", "id": "ORIG-SEG-133", "geometry": {"type": "LineString", "coordinates": [[76.337825, 10.258315], [76.337939, 10.25842]]}, "properties": {"segment_id": "ORIG-SEG-133", "hazard_coefficient": 0, "is_critical": false}}, {"type": "Feature", "id": "ORIG-SEG-134", "geometry": {"type": "LineString", "coordinates": [[76.337939, 10.25842], [76.338329, 10.25878]]}, "properties": {"segment_id": "ORIG-SEG-134", "hazard_coefficient": 0, "is_critical": false}}, {"type": "Feature", "id": "ORIG-SEG-135", "geometry": {"type": "LineString", "coordinates": [[76.338329, 10.25878], [76.338787, 10.25938]]}, "properties": {"segment_id": "ORIG-SEG-135", "hazard_coefficient": 0, "is_critical": false}}, {"type": "Feature", "id": "ORIG-SEG-136", "geometry": {"type": "LineString", "coordinates": [[76.338787, 10.25938], [76.338834, 10.259443]]}, "properties": {"segment_id": "ORIG-SEG-136", "hazard_coefficient": 0, "is_critical": false}}, {"type": "Feature", "id": "ORIG-SEG-137", "geometry": {"type": "LineString", "coordinates": [[76.338834, 10.259443], [76.339267, 10.26001]]}, "properties": {"segment_id": "ORIG-SEG-137", "hazard_coefficient": 0, "is_critical": false}}, {"type": "Feature", "id": "ORIG-SEG-138", "geometry": {"type": "LineString", "coordinates": [[76.339267, 10.26001], [76.3395, 10.260316]]}, "properties": {"segment_id": "ORIG-SEG-138", "hazard_coefficient": 0, "is_critical": false}}, {"type": "Feature", "id": "ORIG-SEG-139", "geometry": {"type": "LineString", "coordinates": [[76.3395, 10.260316], [76.340271, 10.261324]]}, "properties": {"segment_id": "ORIG-SEG-139", "hazard_coefficient": 0, "is_critical": false}}, {"type": "Feature", "id": "ORIG-SEG-140", "geometry": {"type": "LineString", "coordinates": [[76.340271, 10.261324], [76.340959, 10.262243]]}, "properties": {"segment_id": "ORIG-SEG-140", "hazard_coefficient": 0, "is_critical": false}}, {"type": "Feature", "id": "ORIG-SEG-141", "geometry": {"type": "LineString", "coordinates": [[76.340959, 10.262243], [76.341153, 10.262501]]}, "properties": {"segment_id": "ORIG-SEG-141", "hazard_coefficient": 0, "is_critical": false}}, {"type": "Feature", "id": "ORIG-SEG-142", "geometry": {"type": "LineString", "coordinates": [[76.341153, 10.262501], [76.341623, 10.262971]]}, "properties": {"segment_id": "ORIG-SEG-142", "hazard_coefficient": 0, "is_critical": false}}, {"type": "Feature", "id": "ORIG-SEG-143", "geometry": {"type": "LineString", "coordinates": [[76.341623, 10.262971], [76.342081, 10.263341]]}, "properties": {"segment_id": "ORIG-SEG-143", "hazard_coefficient": 0, "is_critical": false}}, {"type": "Feature", "id": "ORIG-SEG-144", "geometry": {"type": "LineString", "coordinates": [[76.342081, 10.263341], [76.342151, 10.263384]]}, "properties": {"segment_id": "ORIG-SEG-144", "hazard_coefficient": 0, "is_critical": false}}, {"type": "Feature", "id": "ORIG-SEG-145", "geometry": {"type": "LineString", "coordinates": [[76.342151, 10.263384], [76.342588, 10.263654]]}, "properties": {"segment_id": "ORIG-SEG-145", "hazard_coefficient": 0, "is_critical": false}}, {"type": "Feature", "id": "ORIG-SEG-146", "geometry": {"type": "LineString", "coordinates": [[76.342588, 10.263654], [76.342604, 10.263652]]}, "properties": {"segment_id": "ORIG-SEG-146", "hazard_coefficient": 0, "is_critical": false}}, {"type": "Feature", "id": "ORIG-SEG-147", "geometry": {"type": "LineString", "coordinates": [[76.342604, 10.263652], [76.343522, 10.263557]]}, "properties": {"segment_id": "ORIG-SEG-147", "hazard_coefficient": 0, "is_critical": false}}, {"type": "Feature", "id": "ORIG-SEG-148", "geometry": {"type": "LineString", "coordinates": [[76.343522, 10.263557], [76.343877, 10.26359]]}, "properties": {"segment_id": "ORIG-SEG-148", "hazard_coefficient": 0, "is_critical": false}}, {"type": "Feature", "id": "ORIG-SEG-149", "geometry": {"type": "LineString", "coordinates": [[76.343877, 10.26359], [76.344379, 10.263636]]}, "properties": {"segment_id": "ORIG-SEG-149", "hazard_coefficient": 0, "is_critical": false}}, {"type": "Feature", "id": "ORIG-SEG-150", "geometry": {"type": "LineString", "coordinates": [[76.344379, 10.263636], [76.344748, 10.263669]]}, "properties": {"segment_id": "ORIG-SEG-150", "hazard_coefficient": 0, "is_critical": false}}, {"type": "Feature", "id": "ORIG-SEG-151", "geometry": {"type": "LineString", "coordinates": [[76.344748, 10.263669], [76.345188, 10.263707]]}, "properties": {"segment_id": "ORIG-SEG-151", "hazard_coefficient": 0, "is_critical": false}}, {"type": "Feature", "id": "ORIG-SEG-152", "geometry": {"type": "LineString", "coordinates": [[76.345188, 10.263707], [76.345809, 10.263762]]}, "properties": {"segment_id": "ORIG-SEG-152", "hazard_coefficient": 0, "is_critical": false}}, {"type": "Feature", "id": "ORIG-SEG-153", "geometry": {"type": "LineString", "coordinates": [[76.345809, 10.263762], [76.346268, 10.263818]]}, "properties": {"segment_id": "ORIG-SEG-153", "hazard_coefficient": 0, "is_critical": false}}, {"type": "Feature", "id": "ORIG-SEG-154", "geometry": {"type": "LineString", "coordinates": [[76.346268, 10.263818], [76.346436, 10.26387]]}, "properties": {"segment_id": "ORIG-SEG-154", "hazard_coefficient": 0, "is_critical": false}}, {"type": "Feature", "id": "ORIG-SEG-155", "geometry": {"type": "LineString", "coordinates": [[76.346436, 10.26387], [76.346848, 10.2641]]}, "properties": {"segment_id": "ORIG-SEG-155", "hazard_coefficient": 0, "is_critical": false}}, {"type": "Feature", "id": "ORIG-SEG-156", "geometry": {"type": "LineString", "coordinates": [[76.346848, 10.2641], [76.347206, 10.264194]]}, "properties": {"segment_id": "ORIG-SEG-156", "hazard_coefficient": 0, "is_critical": false}}, {"type": "Feature", "id": "ORIG-SEG-157", "geometry": {"type": "LineString", "coordinates": [[76.347206, 10.264194], [76.34728, 10.264258]]}, "properties": {"segment_id": "ORIG-SEG-157", "hazard_coefficient": 0, "is_critical": false}}, {"type": "Feature", "id": "ORIG-SEG-158", "geometry": {"type": "LineString", "coordinates": [[76.34728, 10.264258], [76.347297, 10.264355]]}, "properties": {"segment_id": "ORIG-SEG-158", "hazard_coefficient": 0, "is_critical": false}}, {"type": "Feature", "id": "ORIG-SEG-159", "geometry": {"type": "LineString", "coordinates": [[76.347297, 10.264355], [76.347251, 10.264909]]}, "properties": {"segment_id": "ORIG-SEG-159", "hazard_coefficient": 0, "is_critical": false}}, {"type": "Feature", "id": "ORIG-SEG-160", "geometry": {"type": "LineString", "coordinates": [[76.347251, 10.264909], [76.347265, 10.265026]]}, "properties": {"segment_id": "ORIG-SEG-160", "hazard_coefficient": 0, "is_critical": false}}, {"type": "Feature", "id": "ORIG-SEG-161", "geometry": {"type": "LineString", "coordinates": [[76.347265, 10.265026], [76.347272, 10.265083]]}, "properties": {"segment_id": "ORIG-SEG-161", "hazard_coefficient": 0, "is_critical": false}}, {"type": "Feature", "id": "ORIG-SEG-162", "geometry": {"type": "LineString", "coordinates": [[76.347272, 10.265083], [76.3473, 10.265129]]}, "properties": {"segment_id": "ORIG-SEG-162", "hazard_coefficient": 0, "is_critical": false}}, {"type": "Feature", "id": "ORIG-SEG-163", "geometry": {"type": "LineString", "coordinates": [[76.3473, 10.265129], [76.34735, 10.265157]]}, "properties": {"segment_id": "ORIG-SEG-163", "hazard_coefficient": 0, "is_critical": false}}, {"type": "Feature", "id": "ORIG-SEG-164", "geometry": {"type": "LineString", "coordinates": [[76.34735, 10.265157], [76.347409, 10.265165]]}, "properties": {"segment_id": "ORIG-SEG-164", "hazard_coefficient": 0, "is_critical": false}}, {"type": "Feature", "id": "ORIG-SEG-165", "geometry": {"type": "LineString", "coordinates": [[76.347409, 10.265165], [76.34783, 10.265129]]}, "properties": {"segment_id": "ORIG-SEG-165", "hazard_coefficient": 0, "is_critical": false}}, {"type": "Feature", "id": "ORIG-SEG-166", "geometry": {"type": "LineString", "coordinates": [[76.34783, 10.265129], [76.348226, 10.265034]]}, "properties": {"segment_id": "ORIG-SEG-166", "hazard_coefficient": 0, "is_critical": false}}, {"type": "Feature", "id": "ORIG-SEG-167", "geometry": {"type": "LineString", "coordinates": [[76.348226, 10.265034], [76.348607, 10.264936]]}, "properties": {"segment_id": "ORIG-SEG-167", "hazard_coefficient": 0, "is_critical": false}}, {"type": "Feature", "id": "ORIG-SEG-168", "geometry": {"type": "LineString", "coordinates": [[76.348607, 10.264936], [76.348703, 10.264959]]}, "properties": {"segment_id": "ORIG-SEG-168", "hazard_coefficient": 0, "is_critical": false}}, {"type": "Feature", "id": "ORIG-SEG-169", "geometry": {"type": "LineString", "coordinates": [[76.348703, 10.264959], [76.348824, 10.264987]]}, "properties": {"segment_id": "ORIG-SEG-169", "hazard_coefficient": 0, "is_critical": false}}, {"type": "Feature", "id": "ORIG-SEG-170", "geometry": {"type": "LineString", "coordinates": [[76.348824, 10.264987], [76.349058, 10.265098]]}, "properties": {"segment_id": "ORIG-SEG-170", "hazard_coefficient": 0, "is_critical": false}}, {"type": "Feature", "id": "ORIG-SEG-171", "geometry": {"type": "LineString", "coordinates": [[76.349058, 10.265098], [76.349143, 10.265155]]}, "properties": {"segment_id": "ORIG-SEG-171", "hazard_coefficient": 0, "is_critical": false}}, {"type": "Feature", "id": "ORIG-SEG-172", "geometry": {"type": "LineString", "coordinates": [[76.349143, 10.265155], [76.349211, 10.265221]]}, "properties": {"segment_id": "ORIG-SEG-172", "hazard_coefficient": 0, "is_critical": false}}, {"type": "Feature", "id": "ORIG-SEG-173", "geometry": {"type": "LineString", "coordinates": [[76.349211, 10.265221], [76.349337, 10.265369]]}, "properties": {"segment_id": "ORIG-SEG-173", "hazard_coefficient": 0, "is_critical": false}}, {"type": "Feature", "id": "ORIG-SEG-174", "geometry": {"type": "LineString", "coordinates": [[76.349337, 10.265369], [76.349451, 10.265602]]}, "properties": {"segment_id": "ORIG-SEG-174", "hazard_coefficient": 0, "is_critical": false}}, {"type": "Feature", "id": "ORIG-SEG-175", "geometry": {"type": "LineString", "coordinates": [[76.349451, 10.265602], [76.349513, 10.265807]]}, "properties": {"segment_id": "ORIG-SEG-175", "hazard_coefficient": 0, "is_critical": false}}, {"type": "Feature", "id": "ORIG-SEG-176", "geometry": {"type": "LineString", "coordinates": [[76.349513, 10.265807], [76.349608, 10.266551]]}, "properties": {"segment_id": "ORIG-SEG-176", "hazard_coefficient": 0, "is_critical": false}}, {"type": "Feature", "id": "ORIG-SEG-177", "geometry": {"type": "LineString", "coordinates": [[76.349608, 10.266551], [76.349625, 10.26678]]}, "properties": {"segment_id": "ORIG-SEG-177", "hazard_coefficient": 0, "is_critical": false}}, {"type": "Feature", "id": "ORIG-SEG-178", "geometry": {"type": "LineString", "coordinates": [[76.349625, 10.26678], [76.34966, 10.26718]]}, "properties": {"segment_id": "ORIG-SEG-178", "hazard_coefficient": 0, "is_critical": false}}, {"type": "Feature", "id": "ORIG-SEG-179", "geometry": {"type": "LineString", "coordinates": [[76.34966, 10.26718], [76.349648, 10.267383]]}, "properties": {"segment_id": "ORIG-SEG-179", "hazard_coefficient": 0, "is_critical": false}}, {"type": "Feature", "id": "ORIG-SEG-180", "geometry": {"type": "LineString", "coordinates": [[76.349648, 10.267383], [76.349569, 10.267554]]}, "properties": {"segment_id": "ORIG-SEG-180", "hazard_coefficient": 0, "is_critical": false}}, {"type": "Feature", "id": "ORIG-SEG-181", "geometry": {"type": "LineString", "coordinates": [[76.349569, 10.267554], [76.349301, 10.267899]]}, "properties": {"segment_id": "ORIG-SEG-181", "hazard_coefficient": 0, "is_critical": false}}, {"type": "Feature", "id": "ORIG-SEG-182", "geometry": {"type": "LineString", "coordinates": [[76.349301, 10.267899], [76.349273, 10.26794]]}, "properties": {"segment_id": "ORIG-SEG-182", "hazard_coefficient": 0, "is_critical": false}}, {"type": "Feature", "id": "ORIG-SEG-183", "geometry": {"type": "LineString", "coordinates": [[76.349273, 10.26794], [76.349244, 10.267972]]}, "properties": {"segment_id": "ORIG-SEG-183", "hazard_coefficient": 0, "is_critical": false}}, {"type": "Feature", "id": "ORIG-SEG-184", "geometry": {"type": "LineString", "coordinates": [[76.349244, 10.267972], [76.349222, 10.267997]]}, "properties": {"segment_id": "ORIG-SEG-184", "hazard_coefficient": 0, "is_critical": false}}, {"type": "Feature", "id": "ORIG-SEG-185", "geometry": {"type": "LineString", "coordinates": [[76.349222, 10.267997], [76.349206, 10.268025]]}, "properties": {"segment_id": "ORIG-SEG-185", "hazard_coefficient": 0, "is_critical": false}}, {"type": "Feature", "id": "ORIG-SEG-186", "geometry": {"type": "LineString", "coordinates": [[76.349206, 10.268025], [76.349191, 10.26806]]}, "properties": {"segment_id": "ORIG-SEG-186", "hazard_coefficient": 0, "is_critical": false}}, {"type": "Feature", "id": "ORIG-SEG-187", "geometry": {"type": "LineString", "coordinates": [[76.349191, 10.26806], [76.349169, 10.26816]]}, "properties": {"segment_id": "ORIG-SEG-187", "hazard_coefficient": 0, "is_critical": false}}, {"type": "Feature", "id": "ORIG-SEG-188", "geometry": {"type": "LineString", "coordinates": [[76.349169, 10.26816], [76.349158, 10.268251]]}, "properties": {"segment_id": "ORIG-SEG-188", "hazard_coefficient": 0, "is_critical": false}}, {"type": "Feature", "id": "ORIG-SEG-189", "geometry": {"type": "LineString", "coordinates": [[76.349158, 10.268251], [76.349154, 10.268329]]}, "properties": {"segment_id": "ORIG-SEG-189", "hazard_coefficient": 0, "is_critical": false}}, {"type": "Feature", "id": "ORIG-SEG-190", "geometry": {"type": "LineString", "coordinates": [[76.349154, 10.268329], [76.349128, 10.26836]]}, "properties": {"segment_id": "ORIG-SEG-190", "hazard_coefficient": 0, "is_critical": false}}, {"type": "Feature", "id": "ORIG-SEG-191", "geometry": {"type": "LineString", "coordinates": [[76.349128, 10.26836], [76.34882, 10.268817]]}, "properties": {"segment_id": "ORIG-SEG-191", "hazard_coefficient": 0, "is_critical": false}}, {"type": "Feature", "id": "ORIG-SEG-192", "geometry": {"type": "LineString", "coordinates": [[76.34882, 10.268817], [76.348597, 10.269145]]}, "properties": {"segment_id": "ORIG-SEG-192", "hazard_coefficient": 0, "is_critical": false}}, {"type": "Feature", "id": "ORIG-SEG-193", "geometry": {"type": "LineString", "coordinates": [[76.348597, 10.269145], [76.34823, 10.26999]]}, "properties": {"segment_id": "ORIG-SEG-193", "hazard_coefficient": 0, "is_critical": false}}, {"type": "Feature", "id": "ORIG-SEG-194", "geometry": {"type": "LineString", "coordinates": [[76.34823, 10.26999], [76.347983, 10.270611]]}, "properties": {"segment_id": "ORIG-SEG-194", "hazard_coefficient": 0, "is_critical": false}}, {"type": "Feature", "id": "ORIG-SEG-195", "geometry": {"type": "LineString", "coordinates": [[76.347983, 10.270611], [76.347653, 10.271432]]}, "properties": {"segment_id": "ORIG-SEG-195", "hazard_coefficient": 0, "is_critical": false}}, {"type": "Feature", "id": "ORIG-SEG-196", "geometry": {"type": "LineString", "coordinates": [[76.347653, 10.271432], [76.347699, 10.271471]]}, "properties": {"segment_id": "ORIG-SEG-196", "hazard_coefficient": 0, "is_critical": false}}, {"type": "Feature", "id": "ORIG-SEG-197", "geometry": {"type": "LineString", "coordinates": [[76.347699, 10.271471], [76.34769, 10.271494]]}, "properties": {"segment_id": "ORIG-SEG-197", "hazard_coefficient": 0, "is_critical": false}}, {"type": "Feature", "id": "ORIG-SEG-198", "geometry": {"type": "LineString", "coordinates": [[76.34769, 10.271494], [76.347676, 10.271527]]}, "properties": {"segment_id": "ORIG-SEG-198", "hazard_coefficient": 0, "is_critical": false}}, {"type": "Feature", "id": "ORIG-SEG-199", "geometry": {"type": "LineString", "coordinates": [[76.347676, 10.271527], [76.347667, 10.27155]]}, "properties": {"segment_id": "ORIG-SEG-199", "hazard_coefficient": 0, "is_critical": false}}, {"type": "Feature", "id": "ORIG-SEG-200", "geometry": {"type": "LineString", "coordinates": [[76.347667, 10.27155], [76.347658, 10.271572]]}, "properties": {"segment_id": "ORIG-SEG-200", "hazard_coefficient": 0, "is_critical": false}}, {"type": "Feature", "id": "ORIG-SEG-201", "geometry": {"type": "LineString", "coordinates": [[76.347658, 10.271572], [76.347639, 10.271621]]}, "properties": {"segment_id": "ORIG-SEG-201", "hazard_coefficient": 0, "is_critical": false}}, {"type": "Feature", "id": "ORIG-SEG-202", "geometry": {"type": "LineString", "coordinates": [[76.347639, 10.271621], [76.347628, 10.271647]]}, "properties": {"segment_id": "ORIG-SEG-202", "hazard_coefficient": 0, "is_critical": false}}, {"type": "Feature", "id": "ORIG-SEG-203", "geometry": {"type": "LineString", "coordinates": [[76.347628, 10.271647], [76.347609, 10.271694]]}, "properties": {"segment_id": "ORIG-SEG-203", "hazard_coefficient": 0, "is_critical": false}}, {"type": "Feature", "id": "ORIG-SEG-204", "geometry": {"type": "LineString", "coordinates": [[76.347609, 10.271694], [76.347581, 10.271765]]}, "properties": {"segment_id": "ORIG-SEG-204", "hazard_coefficient": 0, "is_critical": false}}, {"type": "Feature", "id": "ORIG-SEG-205", "geometry": {"type": "LineString", "coordinates": [[76.347581, 10.271765], [76.34756, 10.271817]]}, "properties": {"segment_id": "ORIG-SEG-205", "hazard_coefficient": 0, "is_critical": false}}, {"type": "Feature", "id": "ORIG-SEG-206", "geometry": {"type": "LineString", "coordinates": [[76.34756, 10.271817], [76.347547, 10.271849]]}, "properties": {"segment_id": "ORIG-SEG-206", "hazard_coefficient": 0, "is_critical": false}}, {"type": "Feature", "id": "ORIG-SEG-207", "geometry": {"type": "LineString", "coordinates": [[76.347547, 10.271849], [76.347524, 10.271909]]}, "properties": {"segment_id": "ORIG-SEG-207", "hazard_coefficient": 0, "is_critical": false}}, {"type": "Feature", "id": "ORIG-SEG-208", "geometry": {"type": "LineString", "coordinates": [[76.347524, 10.271909], [76.347498, 10.271979]]}, "properties": {"segment_id": "ORIG-SEG-208", "hazard_coefficient": 0, "is_critical": false}}, {"type": "Feature", "id": "ORIG-SEG-209", "geometry": {"type": "LineString", "coordinates": [[76.347498, 10.271979], [76.347475, 10.272041]]}, "properties": {"segment_id": "ORIG-SEG-209", "hazard_coefficient": 0, "is_critical": false}}, {"type": "Feature", "id": "ORIG-SEG-210", "geometry": {"type": "LineString", "coordinates": [[76.347475, 10.272041], [76.347432, 10.272158]]}, "properties": {"segment_id": "ORIG-SEG-210", "hazard_coefficient": 0, "is_critical": false}}, {"type": "Feature", "id": "ORIG-SEG-211", "geometry": {"type": "LineString", "coordinates": [[76.347432, 10.272158], [76.347402, 10.272239]]}, "properties": {"segment_id": "ORIG-SEG-211", "hazard_coefficient": 0, "is_critical": false}}, {"type": "Feature", "id": "ORIG-SEG-212", "geometry": {"type": "LineString", "coordinates": [[76.347402, 10.272239], [76.34737, 10.272324]]}, "properties": {"segment_id": "ORIG-SEG-212", "hazard_coefficient": 0, "is_critical": false}}, {"type": "Feature", "id": "ORIG-SEG-213", "geometry": {"type": "LineString", "coordinates": [[76.34737, 10.272324], [76.347327, 10.272426]]}, "properties": {"segment_id": "ORIG-SEG-213", "hazard_coefficient": 0, "is_critical": false}}, {"type": "Feature", "id": "ORIG-SEG-214", "geometry": {"type": "LineString", "coordinates": [[76.347327, 10.272426], [76.347297, 10.272497]]}, "properties": {"segment_id": "ORIG-SEG-214", "hazard_coefficient": 0, "is_critical": false}}, {"type": "Feature", "id": "ORIG-SEG-215", "geometry": {"type": "LineString", "coordinates": [[76.347297, 10.272497], [76.347261, 10.272581]]}, "properties": {"segment_id": "ORIG-SEG-215", "hazard_coefficient": 0, "is_critical": false}}, {"type": "Feature", "id": "ORIG-SEG-216", "geometry": {"type": "LineString", "coordinates": [[76.347261, 10.272581], [76.347215, 10.272691]]}, "properties": {"segment_id": "ORIG-SEG-216", "hazard_coefficient": 0, "is_critical": false}}, {"type": "Feature", "id": "ORIG-SEG-217", "geometry": {"type": "LineString", "coordinates": [[76.347215, 10.272691], [76.347148, 10.272847]]}, "properties": {"segment_id": "ORIG-SEG-217", "hazard_coefficient": 0, "is_critical": false}}, {"type": "Feature", "id": "ORIG-SEG-218", "geometry": {"type": "LineString", "coordinates": [[76.347148, 10.272847], [76.347103, 10.272954]]}, "properties": {"segment_id": "ORIG-SEG-218", "hazard_coefficient": 0, "is_critical": false}}, {"type": "Feature", "id": "ORIG-SEG-219", "geometry": {"type": "LineString", "coordinates": [[76.347103, 10.272954], [76.347077, 10.273016]]}, "properties": {"segment_id": "ORIG-SEG-219", "hazard_coefficient": 0, "is_critical": false}}, {"type": "Feature", "id": "ORIG-SEG-220", "geometry": {"type": "LineString", "coordinates": [[76.347077, 10.273016], [76.34694, 10.273285]]}, "properties": {"segment_id": "ORIG-SEG-220", "hazard_coefficient": 0, "is_critical": false}}, {"type": "Feature", "id": "ORIG-SEG-221", "geometry": {"type": "LineString", "coordinates": [[76.34694, 10.273285], [76.346773, 10.273567]]}, "properties": {"segment_id": "ORIG-SEG-221", "hazard_coefficient": 0, "is_critical": false}}, {"type": "Feature", "id": "ORIG-SEG-222", "geometry": {"type": "LineString", "coordinates": [[76.346773, 10.273567], [76.346604, 10.273824]]}, "properties": {"segment_id": "ORIG-SEG-222", "hazard_coefficient": 0, "is_critical": false}}, {"type": "Feature", "id": "ORIG-SEG-223", "geometry": {"type": "LineString", "coordinates": [[76.346604, 10.273824], [76.34642, 10.274067]]}, "properties": {"segment_id": "ORIG-SEG-223", "hazard_coefficient": 0, "is_critical": false}}, {"type": "Feature", "id": "ORIG-SEG-224", "geometry": {"type": "LineString", "coordinates": [[76.34642, 10.274067], [76.346269, 10.274255]]}, "properties": {"segment_id": "ORIG-SEG-224", "hazard_coefficient": 0, "is_critical": false}}, {"type": "Feature", "id": "ORIG-SEG-225", "geometry": {"type": "LineString", "coordinates": [[76.346269, 10.274255], [76.345924, 10.274689]]}, "properties": {"segment_id": "ORIG-SEG-225", "hazard_coefficient": 0, "is_critical": false}}, {"type": "Feature", "id": "ORIG-SEG-226", "geometry": {"type": "LineString", "coordinates": [[76.345924, 10.274689], [76.345687, 10.274984]]}, "properties": {"segment_id": "ORIG-SEG-226", "hazard_coefficient": 0, "is_critical": false}}, {"type": "Feature", "id": "ORIG-SEG-227", "geometry": {"type": "LineString", "coordinates": [[76.345687, 10.274984], [76.34501, 10.27583]]}, "properties": {"segment_id": "ORIG-SEG-227", "hazard_coefficient": 0, "is_critical": false}}, {"type": "Feature", "id": "ORIG-SEG-228", "geometry": {"type": "LineString", "coordinates": [[76.34501, 10.27583], [76.344855, 10.276046]]}, "properties": {"segment_id": "ORIG-SEG-228", "hazard_coefficient": 0, "is_critical": false}}, {"type": "Feature", "id": "ORIG-SEG-229", "geometry": {"type": "LineString", "coordinates": [[76.344855, 10.276046], [76.344679, 10.276304]]}, "properties": {"segment_id": "ORIG-SEG-229", "hazard_coefficient": 0, "is_critical": false}}, {"type": "Feature", "id": "ORIG-SEG-230", "geometry": {"type": "LineString", "coordinates": [[76.344679, 10.276304], [76.344542, 10.276554]]}, "properties": {"segment_id": "ORIG-SEG-230", "hazard_coefficient": 0, "is_critical": false}}, {"type": "Feature", "id": "ORIG-SEG-231", "geometry": {"type": "LineString", "coordinates": [[76.344542, 10.276554], [76.344399, 10.276854]]}, "properties": {"segment_id": "ORIG-SEG-231", "hazard_coefficient": 0, "is_critical": false}}, {"type": "Feature", "id": "ORIG-SEG-232", "geometry": {"type": "LineString", "coordinates": [[76.344399, 10.276854], [76.344286, 10.277143]]}, "properties": {"segment_id": "ORIG-SEG-232", "hazard_coefficient": 0, "is_critical": false}}, {"type": "Feature", "id": "ORIG-SEG-233", "geometry": {"type": "LineString", "coordinates": [[76.344286, 10.277143], [76.344176, 10.277478]]}, "properties": {"segment_id": "ORIG-SEG-233", "hazard_coefficient": 0, "is_critical": false}}, {"type": "Feature", "id": "ORIG-SEG-234", "geometry": {"type": "LineString", "coordinates": [[76.344176, 10.277478], [76.344111, 10.277757]]}, "properties": {"segment_id": "ORIG-SEG-234", "hazard_coefficient": 0, "is_critical": false}}, {"type": "Feature", "id": "ORIG-SEG-235", "geometry": {"type": "LineString", "coordinates": [[76.344111, 10.277757], [76.344062, 10.278056]]}, "properties": {"segment_id": "ORIG-SEG-235", "hazard_coefficient": 0, "is_critical": false}}, {"type": "Feature", "id": "ORIG-SEG-236", "geometry": {"type": "LineString", "coordinates": [[76.344062, 10.278056], [76.344031, 10.278341]]}, "properties": {"segment_id": "ORIG-SEG-236", "hazard_coefficient": 0, "is_critical": false}}, {"type": "Feature", "id": "ORIG-SEG-237", "geometry": {"type": "LineString", "coordinates": [[76.344031, 10.278341], [76.344029, 10.280057]]}, "properties": {"segment_id": "ORIG-SEG-237", "hazard_coefficient": 0, "is_critical": false}}, {"type": "Feature", "id": "ORIG-SEG-238", "geometry": {"type": "LineString", "coordinates": [[76.344029, 10.280057], [76.344024, 10.280504]]}, "properties": {"segment_id": "ORIG-SEG-238", "hazard_coefficient": 0, "is_critical": false}}, {"type": "Feature", "id": "ORIG-SEG-239", "geometry": {"type": "LineString", "coordinates": [[76.344024, 10.280504], [76.344009, 10.280713]]}, "properties": {"segment_id": "ORIG-SEG-239", "hazard_coefficient": 0, "is_critical": false}}, {"type": "Feature", "id": "ORIG-SEG-240", "geometry": {"type": "LineString", "coordinates": [[76.344009, 10.280713], [76.343985, 10.280937]]}, "properties": {"segment_id": "ORIG-SEG-240", "hazard_coefficient": 0, "is_critical": false}}, {"type": "Feature", "id": "ORIG-SEG-241", "geometry": {"type": "LineString", "coordinates": [[76.343985, 10.280937], [76.343941, 10.281226]]}, "properties": {"segment_id": "ORIG-SEG-241", "hazard_coefficient": 0, "is_critical": false}}, {"type": "Feature", "id": "ORIG-SEG-242", "geometry": {"type": "LineString", "coordinates": [[76.343941, 10.281226], [76.343873, 10.281518]]}, "properties": {"segment_id": "ORIG-SEG-242", "hazard_coefficient": 0, "is_critical": false}}, {"type": "Feature", "id": "ORIG-SEG-243", "geometry": {"type": "LineString", "coordinates": [[76.343873, 10.281518], [76.343819, 10.281733]]}, "properties": {"segment_id": "ORIG-SEG-243", "hazard_coefficient": 0, "is_critical": false}}, {"type": "Feature", "id": "ORIG-SEG-244", "geometry": {"type": "LineString", "coordinates": [[76.343819, 10.281733], [76.343746, 10.281972]]}, "properties": {"segment_id": "ORIG-SEG-244", "hazard_coefficient": 0, "is_critical": false}}, {"type": "Feature", "id": "ORIG-SEG-245", "geometry": {"type": "LineString", "coordinates": [[76.343746, 10.281972], [76.34366, 10.282222]]}, "properties": {"segment_id": "ORIG-SEG-245", "hazard_coefficient": 0, "is_critical": false}}, {"type": "Feature", "id": "ORIG-SEG-246", "geometry": {"type": "LineString", "coordinates": [[76.34366, 10.282222], [76.343534, 10.282522]]}, "properties": {"segment_id": "ORIG-SEG-246", "hazard_coefficient": 0, "is_critical": false}}, {"type": "Feature", "id": "ORIG-SEG-247", "geometry": {"type": "LineString", "coordinates": [[76.343534, 10.282522], [76.34323, 10.283142]]}, "properties": {"segment_id": "ORIG-SEG-247", "hazard_coefficient": 0, "is_critical": false}}, {"type": "Feature", "id": "ORIG-SEG-248", "geometry": {"type": "LineString", "coordinates": [[76.34323, 10.283142], [76.343041, 10.283559]]}, "properties": {"segment_id": "ORIG-SEG-248", "hazard_coefficient": 0, "is_critical": false}}, {"type": "Feature", "id": "ORIG-SEG-249", "geometry": {"type": "LineString", "coordinates": [[76.343041, 10.283559], [76.342959, 10.283739]]}, "properties": {"segment_id": "ORIG-SEG-249", "hazard_coefficient": 0, "is_critical": false}}, {"type": "Feature", "id": "ORIG-SEG-250", "geometry": {"type": "LineString", "coordinates": [[76.342959, 10.283739], [76.342871, 10.283934]]}, "properties": {"segment_id": "ORIG-SEG-250", "hazard_coefficient": 0, "is_critical": false}}, {"type": "Feature", "id": "ORIG-SEG-251", "geometry": {"type": "LineString", "coordinates": [[76.342871, 10.283934], [76.34282, 10.284039]]}, "properties": {"segment_id": "ORIG-SEG-251", "hazard_coefficient": 0, "is_critical": false}}, {"type": "Feature", "id": "ORIG-SEG-252", "geometry": {"type": "LineString", "coordinates": [[76.34282, 10.284039], [76.342764, 10.284159]]}, "properties": {"segment_id": "ORIG-SEG-252", "hazard_coefficient": 0, "is_critical": false}}, {"type": "Feature", "id": "ORIG-SEG-253", "geometry": {"type": "LineString", "coordinates": [[76.342764, 10.284159], [76.342639, 10.284423]]}, "properties": {"segment_id": "ORIG-SEG-253", "hazard_coefficient": 0, "is_critical": false}}, {"type": "Feature", "id": "ORIG-SEG-254", "geometry": {"type": "LineString", "coordinates": [[76.342639, 10.284423], [76.342539, 10.284634]]}, "properties": {"segment_id": "ORIG-SEG-254", "hazard_coefficient": 0, "is_critical": false}}, {"type": "Feature", "id": "ORIG-SEG-255", "geometry": {"type": "LineString", "coordinates": [[76.342539, 10.284634], [76.342426, 10.284869]]}, "properties": {"segment_id": "ORIG-SEG-255", "hazard_coefficient": 0, "is_critical": false}}, {"type": "Feature", "id": "ORIG-SEG-256", "geometry": {"type": "LineString", "coordinates": [[76.342426, 10.284869], [76.342347, 10.285033]]}, "properties": {"segment_id": "ORIG-SEG-256", "hazard_coefficient": 0, "is_critical": false}}, {"type": "Feature", "id": "ORIG-SEG-257", "geometry": {"type": "LineString", "coordinates": [[76.342347, 10.285033], [76.342249, 10.285236]]}, "properties": {"segment_id": "ORIG-SEG-257", "hazard_coefficient": 0, "is_critical": false}}, {"type": "Feature", "id": "ORIG-SEG-258", "geometry": {"type": "LineString", "coordinates": [[76.342249, 10.285236], [76.34214, 10.285461]]}, "properties": {"segment_id": "ORIG-SEG-258", "hazard_coefficient": 0, "is_critical": false}}, {"type": "Feature", "id": "ORIG-SEG-259", "geometry": {"type": "LineString", "coordinates": [[76.34214, 10.285461], [76.341972, 10.285744]]}, "properties": {"segment_id": "ORIG-SEG-259", "hazard_coefficient": 0, "is_critical": false}}, {"type": "Feature", "id": "ORIG-SEG-260", "geometry": {"type": "LineString", "coordinates": [[76.341972, 10.285744], [76.341759, 10.286052]]}, "properties": {"segment_id": "ORIG-SEG-260", "hazard_coefficient": 0, "is_critical": false}}, {"type": "Feature", "id": "ORIG-SEG-261", "geometry": {"type": "LineString", "coordinates": [[76.341759, 10.286052], [76.341578, 10.286276]]}, "properties": {"segment_id": "ORIG-SEG-261", "hazard_coefficient": 0, "is_critical": false}}, {"type": "Feature", "id": "ORIG-SEG-262", "geometry": {"type": "LineString", "coordinates": [[76.341578, 10.286276], [76.341521, 10.286335]]}, "properties": {"segment_id": "ORIG-SEG-262", "hazard_coefficient": 0, "is_critical": false}}, {"type": "Feature", "id": "ORIG-SEG-263", "geometry": {"type": "LineString", "coordinates": [[76.341521, 10.286335], [76.341415, 10.286445]]}, "properties": {"segment_id": "ORIG-SEG-263", "hazard_coefficient": 0, "is_critical": false}}, {"type": "Feature", "id": "ORIG-SEG-264", "geometry": {"type": "LineString", "coordinates": [[76.341415, 10.286445], [76.341335, 10.286528]]}, "properties": {"segment_id": "ORIG-SEG-264", "hazard_coefficient": 0, "is_critical": false}}, {"type": "Feature", "id": "ORIG-SEG-265", "geometry": {"type": "LineString", "coordinates": [[76.341335, 10.286528], [76.341291, 10.28657]]}, "properties": {"segment_id": "ORIG-SEG-265", "hazard_coefficient": 0, "is_critical": false}}, {"type": "Feature", "id": "ORIG-SEG-266", "geometry": {"type": "LineString", "coordinates": [[76.341291, 10.28657], [76.341191, 10.286664]]}, "properties": {"segment_id": "ORIG-SEG-266", "hazard_coefficient": 0, "is_critical": false}}, {"type": "Feature", "id": "ORIG-SEG-267", "geometry": {"type": "LineString", "coordinates": [[76.341191, 10.286664], [76.341095, 10.286755]]}, "properties": {"segment_id": "ORIG-SEG-267", "hazard_coefficient": 0, "is_critical": false}}, {"type": "Feature", "id": "ORIG-SEG-268", "geometry": {"type": "LineString", "coordinates": [[76.341095, 10.286755], [76.341023, 10.286815]]}, "properties": {"segment_id": "ORIG-SEG-268", "hazard_coefficient": 0, "is_critical": false}}, {"type": "Feature", "id": "ORIG-SEG-269", "geometry": {"type": "LineString", "coordinates": [[76.341023, 10.286815], [76.340906, 10.286911]]}, "properties": {"segment_id": "ORIG-SEG-269", "hazard_coefficient": 0, "is_critical": false}}, {"type": "Feature", "id": "ORIG-SEG-270", "geometry": {"type": "LineString", "coordinates": [[76.340906, 10.286911], [76.340831, 10.286973]]}, "properties": {"segment_id": "ORIG-SEG-270", "hazard_coefficient": 0, "is_critical": false}}, {"type": "Feature", "id": "ORIG-SEG-271", "geometry": {"type": "LineString", "coordinates": [[76.340831, 10.286973], [76.340779, 10.287011]]}, "properties": {"segment_id": "ORIG-SEG-271", "hazard_coefficient": 0, "is_critical": false}}, {"type": "Feature", "id": "ORIG-SEG-272", "geometry": {"type": "LineString", "coordinates": [[76.340779, 10.287011], [76.340686, 10.287077]]}, "properties": {"segment_id": "ORIG-SEG-272", "hazard_coefficient": 0, "is_critical": false}}, {"type": "Feature", "id": "ORIG-SEG-273", "geometry": {"type": "LineString", "coordinates": [[76.340686, 10.287077], [76.340609, 10.287134]]}, "properties": {"segment_id": "ORIG-SEG-273", "hazard_coefficient": 0, "is_critical": false}}, {"type": "Feature", "id": "ORIG-SEG-274", "geometry": {"type": "LineString", "coordinates": [[76.340609, 10.287134], [76.340578, 10.287155]]}, "properties": {"segment_id": "ORIG-SEG-274", "hazard_coefficient": 0, "is_critical": false}}, {"type": "Feature", "id": "ORIG-SEG-275", "geometry": {"type": "LineString", "coordinates": [[76.340578, 10.287155], [76.340484, 10.287221]]}, "properties": {"segment_id": "ORIG-SEG-275", "hazard_coefficient": 0, "is_critical": false}}, {"type": "Feature", "id": "ORIG-SEG-276", "geometry": {"type": "LineString", "coordinates": [[76.340484, 10.287221], [76.340439, 10.287254]]}, "properties": {"segment_id": "ORIG-SEG-276", "hazard_coefficient": 0, "is_critical": false}}, {"type": "Feature", "id": "ORIG-SEG-277", "geometry": {"type": "LineString", "coordinates": [[76.340439, 10.287254], [76.340375, 10.287289]]}, "properties": {"segment_id": "ORIG-SEG-277", "hazard_coefficient": 0, "is_critical": false}}, {"type": "Feature", "id": "ORIG-SEG-278", "geometry": {"type": "LineString", "coordinates": [[76.340375, 10.287289], [76.340275, 10.287345]]}, "properties": {"segment_id": "ORIG-SEG-278", "hazard_coefficient": 0, "is_critical": false}}, {"type": "Feature", "id": "ORIG-SEG-279", "geometry": {"type": "LineString", "coordinates": [[76.340275, 10.287345], [76.340241, 10.287364]]}, "properties": {"segment_id": "ORIG-SEG-279", "hazard_coefficient": 0, "is_critical": false}}, {"type": "Feature", "id": "ORIG-SEG-280", "geometry": {"type": "LineString", "coordinates": [[76.340241, 10.287364], [76.340166, 10.287403]]}, "properties": {"segment_id": "ORIG-SEG-280", "hazard_coefficient": 0, "is_critical": false}}, {"type": "Feature", "id": "ORIG-SEG-281", "geometry": {"type": "LineString", "coordinates": [[76.340166, 10.287403], [76.34012, 10.287427]]}, "properties": {"segment_id": "ORIG-SEG-281", "hazard_coefficient": 0, "is_critical": false}}, {"type": "Feature", "id": "ORIG-SEG-282", "geometry": {"type": "LineString", "coordinates": [[76.34012, 10.287427], [76.34006, 10.287458]]}, "properties": {"segment_id": "ORIG-SEG-282", "hazard_coefficient": 0, "is_critical": false}}, {"type": "Feature", "id": "ORIG-SEG-283", "geometry": {"type": "LineString", "coordinates": [[76.34006, 10.287458], [76.339944, 10.287511]]}, "properties": {"segment_id": "ORIG-SEG-283", "hazard_coefficient": 0, "is_critical": false}}, {"type": "Feature", "id": "ORIG-SEG-284", "geometry": {"type": "LineString", "coordinates": [[76.339944, 10.287511], [76.339812, 10.287572]]}, "properties": {"segment_id": "ORIG-SEG-284", "hazard_coefficient": 0, "is_critical": false}}, {"type": "Feature", "id": "ORIG-SEG-285", "geometry": {"type": "LineString", "coordinates": [[76.339812, 10.287572], [76.339646, 10.287648]]}, "properties": {"segment_id": "ORIG-SEG-285", "hazard_coefficient": 0, "is_critical": false}}, {"type": "Feature", "id": "ORIG-SEG-286", "geometry": {"type": "LineString", "coordinates": [[76.339646, 10.287648], [76.339365, 10.287776]]}, "properties": {"segment_id": "ORIG-SEG-286", "hazard_coefficient": 0, "is_critical": false}}, {"type": "Feature", "id": "ORIG-SEG-287", "geometry": {"type": "LineString", "coordinates": [[76.339365, 10.287776], [76.339226, 10.28784]]}, "properties": {"segment_id": "ORIG-SEG-287", "hazard_coefficient": 0, "is_critical": false}}, {"type": "Feature", "id": "ORIG-SEG-288", "geometry": {"type": "LineString", "coordinates": [[76.339226, 10.28784], [76.338903, 10.287988]]}, "properties": {"segment_id": "ORIG-SEG-288", "hazard_coefficient": 0, "is_critical": false}}, {"type": "Feature", "id": "ORIG-SEG-289", "geometry": {"type": "LineString", "coordinates": [[76.338903, 10.287988], [76.33874, 10.288063]]}, "properties": {"segment_id": "ORIG-SEG-289", "hazard_coefficient": 0, "is_critical": false}}, {"type": "Feature", "id": "ORIG-SEG-290", "geometry": {"type": "LineString", "coordinates": [[76.33874, 10.288063], [76.338603, 10.288125]]}, "properties": {"segment_id": "ORIG-SEG-290", "hazard_coefficient": 0, "is_critical": false}}, {"type": "Feature", "id": "ORIG-SEG-291", "geometry": {"type": "LineString", "coordinates": [[76.338603, 10.288125], [76.338486, 10.288179]]}, "properties": {"segment_id": "ORIG-SEG-291", "hazard_coefficient": 0, "is_critical": false}}, {"type": "Feature", "id": "ORIG-SEG-292", "geometry": {"type": "LineString", "coordinates": [[76.338486, 10.288179], [76.338342, 10.288245]]}, "properties": {"segment_id": "ORIG-SEG-292", "hazard_coefficient": 0, "is_critical": false}}, {"type": "Feature", "id": "ORIG-SEG-293", "geometry": {"type": "LineString", "coordinates": [[76.338342, 10.288245], [76.338184, 10.288317]]}, "properties": {"segment_id": "ORIG-SEG-293", "hazard_coefficient": 0, "is_critical": false}}, {"type": "Feature", "id": "ORIG-SEG-294", "geometry": {"type": "LineString", "coordinates": [[76.338184, 10.288317], [76.338069, 10.28837]]}, "properties": {"segment_id": "ORIG-SEG-294", "hazard_coefficient": 0, "is_critical": false}}, {"type": "Feature", "id": "ORIG-SEG-295", "geometry": {"type": "LineString", "coordinates": [[76.338069, 10.28837], [76.337941, 10.288429]]}, "properties": {"segment_id": "ORIG-SEG-295", "hazard_coefficient": 0, "is_critical": false}}, {"type": "Feature", "id": "ORIG-SEG-296", "geometry": {"type": "LineString", "coordinates": [[76.337941, 10.288429], [76.337866, 10.288463]]}, "properties": {"segment_id": "ORIG-SEG-296", "hazard_coefficient": 0, "is_critical": false}}, {"type": "Feature", "id": "ORIG-SEG-297", "geometry": {"type": "LineString", "coordinates": [[76.337866, 10.288463], [76.337766, 10.288514]]}, "properties": {"segment_id": "ORIG-SEG-297", "hazard_coefficient": 0, "is_critical": false}}, {"type": "Feature", "id": "ORIG-SEG-298", "geometry": {"type": "LineString", "coordinates": [[76.337766, 10.288514], [76.33763, 10.288582]]}, "properties": {"segment_id": "ORIG-SEG-298", "hazard_coefficient": 0, "is_critical": false}}, {"type": "Feature", "id": "ORIG-SEG-299", "geometry": {"type": "LineString", "coordinates": [[76.33763, 10.288582], [76.337508, 10.288644]]}, "properties": {"segment_id": "ORIG-SEG-299", "hazard_coefficient": 0, "is_critical": false}}, {"type": "Feature", "id": "ORIG-SEG-300", "geometry": {"type": "LineString", "coordinates": [[76.337508, 10.288644], [76.337393, 10.288718]]}, "properties": {"segment_id": "ORIG-SEG-300", "hazard_coefficient": 0, "is_critical": false}}, {"type": "Feature", "id": "ORIG-SEG-301", "geometry": {"type": "LineString", "coordinates": [[76.337393, 10.288718], [76.33728, 10.28879]]}, "properties": {"segment_id": "ORIG-SEG-301", "hazard_coefficient": 0, "is_critical": false}}, {"type": "Feature", "id": "ORIG-SEG-302", "geometry": {"type": "LineString", "coordinates": [[76.33728, 10.28879], [76.337202, 10.28884]]}, "properties": {"segment_id": "ORIG-SEG-302", "hazard_coefficient": 0, "is_critical": false}}, {"type": "Feature", "id": "ORIG-SEG-303", "geometry": {"type": "LineString", "coordinates": [[76.337202, 10.28884], [76.336992, 10.288988]]}, "properties": {"segment_id": "ORIG-SEG-303", "hazard_coefficient": 0, "is_critical": false}}, {"type": "Feature", "id": "ORIG-SEG-304", "geometry": {"type": "LineString", "coordinates": [[76.336992, 10.288988], [76.336856, 10.289111]]}, "properties": {"segment_id": "ORIG-SEG-304", "hazard_coefficient": 0, "is_critical": false}}, {"type": "Feature", "id": "ORIG-SEG-305", "geometry": {"type": "LineString", "coordinates": [[76.336856, 10.289111], [76.336782, 10.289177]]}, "properties": {"segment_id": "ORIG-SEG-305", "hazard_coefficient": 0, "is_critical": false}}, {"type": "Feature", "id": "ORIG-SEG-306", "geometry": {"type": "LineString", "coordinates": [[76.336782, 10.289177], [76.336703, 10.28926]]}, "properties": {"segment_id": "ORIG-SEG-306", "hazard_coefficient": 0, "is_critical": false}}, {"type": "Feature", "id": "ORIG-SEG-307", "geometry": {"type": "LineString", "coordinates": [[76.336703, 10.28926], [76.336556, 10.289412]]}, "properties": {"segment_id": "ORIG-SEG-307", "hazard_coefficient": 0, "is_critical": false}}, {"type": "Feature", "id": "ORIG-SEG-308", "geometry": {"type": "LineString", "coordinates": [[76.336556, 10.289412], [76.336442, 10.28955]]}, "properties": {"segment_id": "ORIG-SEG-308", "hazard_coefficient": 0, "is_critical": false}}, {"type": "Feature", "id": "ORIG-SEG-309", "geometry": {"type": "LineString", "coordinates": [[76.336442, 10.28955], [76.336315, 10.289728]]}, "properties": {"segment_id": "ORIG-SEG-309", "hazard_coefficient": 0, "is_critical": false}}, {"type": "Feature", "id": "ORIG-SEG-310", "geometry": {"type": "LineString", "coordinates": [[76.336315, 10.289728], [76.336211, 10.289898]]}, "properties": {"segment_id": "ORIG-SEG-310", "hazard_coefficient": 0, "is_critical": false}}, {"type": "Feature", "id": "ORIG-SEG-311", "geometry": {"type": "LineString", "coordinates": [[76.336211, 10.289898], [76.336158, 10.289984]]}, "properties": {"segment_id": "ORIG-SEG-311", "hazard_coefficient": 0, "is_critical": false}}, {"type": "Feature", "id": "ORIG-SEG-312", "geometry": {"type": "LineString", "coordinates": [[76.336158, 10.289984], [76.336104, 10.290104]]}, "properties": {"segment_id": "ORIG-SEG-312", "hazard_coefficient": 0, "is_critical": false}}, {"type": "Feature", "id": "ORIG-SEG-313", "geometry": {"type": "LineString", "coordinates": [[76.336104, 10.290104], [76.336031, 10.290267]]}, "properties": {"segment_id": "ORIG-SEG-313", "hazard_coefficient": 0, "is_critical": false}}, {"type": "Feature", "id": "ORIG-SEG-314", "geometry": {"type": "LineString", "coordinates": [[76.336031, 10.290267], [76.335984, 10.290402]]}, "properties": {"segment_id": "ORIG-SEG-314", "hazard_coefficient": 0, "is_critical": false}}, {"type": "Feature", "id": "ORIG-SEG-315", "geometry": {"type": "LineString", "coordinates": [[76.335984, 10.290402], [76.335945, 10.290515]]}, "properties": {"segment_id": "ORIG-SEG-315", "hazard_coefficient": 0, "is_critical": false}}, {"type": "Feature", "id": "ORIG-SEG-316", "geometry": {"type": "LineString", "coordinates": [[76.335945, 10.290515], [76.335916, 10.2906]]}, "properties": {"segment_id": "ORIG-SEG-316", "hazard_coefficient": 0, "is_critical": false}}, {"type": "Feature", "id": "ORIG-SEG-317", "geometry": {"type": "LineString", "coordinates": [[76.335916, 10.2906], [76.335898, 10.290662]]}, "properties": {"segment_id": "ORIG-SEG-317", "hazard_coefficient": 0, "is_critical": false}}, {"type": "Feature", "id": "ORIG-SEG-318", "geometry": {"type": "LineString", "coordinates": [[76.335898, 10.290662], [76.335866, 10.290777]]}, "properties": {"segment_id": "ORIG-SEG-318", "hazard_coefficient": 0, "is_critical": false}}, {"type": "Feature", "id": "ORIG-SEG-319", "geometry": {"type": "LineString", "coordinates": [[76.335866, 10.290777], [76.335824, 10.290928]]}, "properties": {"segment_id": "ORIG-SEG-319", "hazard_coefficient": 0, "is_critical": false}}, {"type": "Feature", "id": "ORIG-SEG-320", "geometry": {"type": "LineString", "coordinates": [[76.335824, 10.290928], [76.335778, 10.291119]]}, "properties": {"segment_id": "ORIG-SEG-320", "hazard_coefficient": 0, "is_critical": false}}, {"type": "Feature", "id": "ORIG-SEG-321", "geometry": {"type": "LineString", "coordinates": [[76.335778, 10.291119], [76.335753, 10.291221]]}, "properties": {"segment_id": "ORIG-SEG-321", "hazard_coefficient": 0, "is_critical": false}}, {"type": "Feature", "id": "ORIG-SEG-322", "geometry": {"type": "LineString", "coordinates": [[76.335753, 10.291221], [76.335709, 10.291471]]}, "properties": {"segment_id": "ORIG-SEG-322", "hazard_coefficient": 0, "is_critical": false}}, {"type": "Feature", "id": "ORIG-SEG-323", "geometry": {"type": "LineString", "coordinates": [[76.335709, 10.291471], [76.335701, 10.291561]]}, "properties": {"segment_id": "ORIG-SEG-323", "hazard_coefficient": 0, "is_critical": false}}, {"type": "Feature", "id": "ORIG-SEG-324", "geometry": {"type": "LineString", "coordinates": [[76.335701, 10.291561], [76.335687, 10.291704]]}, "properties": {"segment_id": "ORIG-SEG-324", "hazard_coefficient": 0, "is_critical": false}}, {"type": "Feature", "id": "ORIG-SEG-325", "geometry": {"type": "LineString", "coordinates": [[76.335687, 10.291704], [76.335686, 10.291827]]}, "properties": {"segment_id": "ORIG-SEG-325", "hazard_coefficient": 0, "is_critical": false}}, {"type": "Feature", "id": "ORIG-SEG-326", "geometry": {"type": "LineString", "coordinates": [[76.335686, 10.291827], [76.335685, 10.291936]]}, "properties": {"segment_id": "ORIG-SEG-326", "hazard_coefficient": 0, "is_critical": false}}, {"type": "Feature", "id": "ORIG-SEG-327", "geometry": {"type": "LineString", "coordinates": [[76.335685, 10.291936], [76.33569, 10.2921]]}, "properties": {"segment_id": "ORIG-SEG-327", "hazard_coefficient": 0, "is_critical": false}}, {"type": "Feature", "id": "ORIG-SEG-328", "geometry": {"type": "LineString", "coordinates": [[76.33569, 10.2921], [76.335693, 10.292199]]}, "properties": {"segment_id": "ORIG-SEG-328", "hazard_coefficient": 0, "is_critical": false}}, {"type": "Feature", "id": "ORIG-SEG-329", "geometry": {"type": "LineString", "coordinates": [[76.335693, 10.292199], [76.335705, 10.292297]]}, "properties": {"segment_id": "ORIG-SEG-329", "hazard_coefficient": 0, "is_critical": false}}, {"type": "Feature", "id": "ORIG-SEG-330", "geometry": {"type": "LineString", "coordinates": [[76.335705, 10.292297], [76.335719, 10.292405]]}, "properties": {"segment_id": "ORIG-SEG-330", "hazard_coefficient": 0, "is_critical": false}}, {"type": "Feature", "id": "ORIG-SEG-331", "geometry": {"type": "LineString", "coordinates": [[76.335719, 10.292405], [76.33573, 10.292498]]}, "properties": {"segment_id": "ORIG-SEG-331", "hazard_coefficient": 0, "is_critical": false}}, {"type": "Feature", "id": "ORIG-SEG-332", "geometry": {"type": "LineString", "coordinates": [[76.33573, 10.292498], [76.335756, 10.292644]]}, "properties": {"segment_id": "ORIG-SEG-332", "hazard_coefficient": 0, "is_critical": false}}, {"type": "Feature", "id": "ORIG-SEG-333", "geometry": {"type": "LineString", "coordinates": [[76.335756, 10.292644], [76.335782, 10.292792]]}, "properties": {"segment_id": "ORIG-SEG-333", "hazard_coefficient": 0, "is_critical": false}}, {"type": "Feature", "id": "ORIG-SEG-334", "geometry": {"type": "LineString", "coordinates": [[76.335782, 10.292792], [76.335817, 10.292925]]}, "properties": {"segment_id": "ORIG-SEG-334", "hazard_coefficient": 0, "is_critical": false}}, {"type": "Feature", "id": "ORIG-SEG-335", "geometry": {"type": "LineString", "coordinates": [[76.335817, 10.292925], [76.335869, 10.293114]]}, "properties": {"segment_id": "ORIG-SEG-335", "hazard_coefficient": 0, "is_critical": false}}, {"type": "Feature", "id": "ORIG-SEG-336", "geometry": {"type": "LineString", "coordinates": [[76.335869, 10.293114], [76.335932, 10.293303]]}, "properties": {"segment_id": "ORIG-SEG-336", "hazard_coefficient": 0, "is_critical": false}}, {"type": "Feature", "id": "ORIG-SEG-337", "geometry": {"type": "LineString", "coordinates": [[76.335932, 10.293303], [76.335954, 10.293369]]}, "properties": {"segment_id": "ORIG-SEG-337", "hazard_coefficient": 0, "is_critical": false}}, {"type": "Feature", "id": "ORIG-SEG-338", "geometry": {"type": "LineString", "coordinates": [[76.335954, 10.293369], [76.336006, 10.293504]]}, "properties": {"segment_id": "ORIG-SEG-338", "hazard_coefficient": 0, "is_critical": false}}, {"type": "Feature", "id": "ORIG-SEG-339", "geometry": {"type": "LineString", "coordinates": [[76.336006, 10.293504], [76.33604, 10.293593]]}, "properties": {"segment_id": "ORIG-SEG-339", "hazard_coefficient": 0, "is_critical": false}}, {"type": "Feature", "id": "ORIG-SEG-340", "geometry": {"type": "LineString", "coordinates": [[76.33604, 10.293593], [76.336087, 10.293719]]}, "properties": {"segment_id": "ORIG-SEG-340", "hazard_coefficient": 0, "is_critical": false}}, {"type": "Feature", "id": "ORIG-SEG-341", "geometry": {"type": "LineString", "coordinates": [[76.336087, 10.293719], [76.336159, 10.293906]]}, "properties": {"segment_id": "ORIG-SEG-341", "hazard_coefficient": 0, "is_critical": false}}, {"type": "Feature", "id": "ORIG-SEG-342", "geometry": {"type": "LineString", "coordinates": [[76.336159, 10.293906], [76.336206, 10.29403]]}, "properties": {"segment_id": "ORIG-SEG-342", "hazard_coefficient": 0, "is_critical": false}}, {"type": "Feature", "id": "ORIG-SEG-343", "geometry": {"type": "LineString", "coordinates": [[76.336206, 10.29403], [76.336773, 10.295348]]}, "properties": {"segment_id": "ORIG-SEG-343", "hazard_coefficient": 0, "is_critical": false}}, {"type": "Feature", "id": "ORIG-SEG-344", "geometry": {"type": "LineString", "coordinates": [[76.336773, 10.295348], [76.336914, 10.295723]]}, "properties": {"segment_id": "ORIG-SEG-344", "hazard_coefficient": 0, "is_critical": false}}, {"type": "Feature", "id": "ORIG-SEG-345", "geometry": {"type": "LineString", "coordinates": [[76.336914, 10.295723], [76.337007, 10.295968]]}, "properties": {"segment_id": "ORIG-SEG-345", "hazard_coefficient": 0, "is_critical": false}}, {"type": "Feature", "id": "ORIG-SEG-346", "geometry": {"type": "LineString", "coordinates": [[76.337007, 10.295968], [76.337052, 10.296185]]}, "properties": {"segment_id": "ORIG-SEG-346", "hazard_coefficient": 0, "is_critical": false}}, {"type": "Feature", "id": "ORIG-SEG-347", "geometry": {"type": "LineString", "coordinates": [[76.337052, 10.296185], [76.337073, 10.296328]]}, "properties": {"segment_id": "ORIG-SEG-347", "hazard_coefficient": 0, "is_critical": false}}, {"type": "Feature", "id": "ORIG-SEG-348", "geometry": {"type": "LineString", "coordinates": [[76.337073, 10.296328], [76.337096, 10.296483]]}, "properties": {"segment_id": "ORIG-SEG-348", "hazard_coefficient": 0, "is_critical": false}}, {"type": "Feature", "id": "ORIG-SEG-349", "geometry": {"type": "LineString", "coordinates": [[76.337096, 10.296483], [76.337129, 10.296773]]}, "properties": {"segment_id": "ORIG-SEG-349", "hazard_coefficient": 0, "is_critical": false}}, {"type": "Feature", "id": "ORIG-SEG-350", "geometry": {"type": "LineString", "coordinates": [[76.337129, 10.296773], [76.33713, 10.296869]]}, "properties": {"segment_id": "ORIG-SEG-350", "hazard_coefficient": 0, "is_critical": false}}, {"type": "Feature", "id": "ORIG-SEG-351", "geometry": {"type": "LineString", "coordinates": [[76.33713, 10.296869], [76.337133, 10.297063]]}, "properties": {"segment_id": "ORIG-SEG-351", "hazard_coefficient": 0, "is_critical": false}}, {"type": "Feature", "id": "ORIG-SEG-352", "geometry": {"type": "LineString", "coordinates": [[76.337133, 10.297063], [76.337129, 10.297166]]}, "properties": {"segment_id": "ORIG-SEG-352", "hazard_coefficient": 0, "is_critical": false}}, {"type": "Feature", "id": "ORIG-SEG-353", "geometry": {"type": "LineString", "coordinates": [[76.337129, 10.297166], [76.337126, 10.297264]]}, "properties": {"segment_id": "ORIG-SEG-353", "hazard_coefficient": 0, "is_critical": false}}, {"type": "Feature", "id": "ORIG-SEG-354", "geometry": {"type": "LineString", "coordinates": [[76.337126, 10.297264], [76.337116, 10.297427]]}, "properties": {"segment_id": "ORIG-SEG-354", "hazard_coefficient": 0, "is_critical": false}}, {"type": "Feature", "id": "ORIG-SEG-355", "geometry": {"type": "LineString", "coordinates": [[76.337116, 10.297427], [76.33711, 10.297515]]}, "properties": {"segment_id": "ORIG-SEG-355", "hazard_coefficient": 0, "is_critical": false}}, {"type": "Feature", "id": "ORIG-SEG-356", "geometry": {"type": "LineString", "coordinates": [[76.33711, 10.297515], [76.337046, 10.29816]]}, "properties": {"segment_id": "ORIG-SEG-356", "hazard_coefficient": 0, "is_critical": false}}, {"type": "Feature", "id": "ORIG-SEG-357", "geometry": {"type": "LineString", "coordinates": [[76.337046, 10.29816], [76.337035, 10.298304]]}, "properties": {"segment_id": "ORIG-SEG-357", "hazard_coefficient": 0, "is_critical": false}}, {"type": "Feature", "id": "ORIG-SEG-358", "geometry": {"type": "LineString", "coordinates": [[76.337035, 10.298304], [76.337023, 10.298453]]}, "properties": {"segment_id": "ORIG-SEG-358", "hazard_coefficient": 0, "is_critical": false}}, {"type": "Feature", "id": "ORIG-SEG-359", "geometry": {"type": "LineString", "coordinates": [[76.337023, 10.298453], [76.337012, 10.298593]]}, "properties": {"segment_id": "ORIG-SEG-359", "hazard_coefficient": 0, "is_critical": false}}, {"type": "Feature", "id": "ORIG-SEG-360", "geometry": {"type": "LineString", "coordinates": [[76.337012, 10.298593], [76.337003, 10.298714]]}, "properties": {"segment_id": "ORIG-SEG-360", "hazard_coefficient": 0, "is_critical": false}}, {"type": "Feature", "id": "ORIG-SEG-361", "geometry": {"type": "LineString", "coordinates": [[76.337003, 10.298714], [76.336993, 10.298848]]}, "properties": {"segment_id": "ORIG-SEG-361", "hazard_coefficient": 0, "is_critical": false}}, {"type": "Feature", "id": "ORIG-SEG-362", "geometry": {"type": "LineString", "coordinates": [[76.336993, 10.298848], [76.336982, 10.298983]]}, "properties": {"segment_id": "ORIG-SEG-362", "hazard_coefficient": 0, "is_critical": false}}, {"type": "Feature", "id": "ORIG-SEG-363", "geometry": {"type": "LineString", "coordinates": [[76.336982, 10.298983], [76.336972, 10.299158]]}, "properties": {"segment_id": "ORIG-SEG-363", "hazard_coefficient": 0, "is_critical": false}}, {"type": "Feature", "id": "ORIG-SEG-364", "geometry": {"type": "LineString", "coordinates": [[76.336972, 10.299158], [76.336965, 10.299288]]}, "properties": {"segment_id": "ORIG-SEG-364", "hazard_coefficient": 0, "is_critical": false}}, {"type": "Feature", "id": "ORIG-SEG-365", "geometry": {"type": "LineString", "coordinates": [[76.336965, 10.299288], [76.33696, 10.299373]]}, "properties": {"segment_id": "ORIG-SEG-365", "hazard_coefficient": 0, "is_critical": false}}, {"type": "Feature", "id": "ORIG-SEG-366", "geometry": {"type": "LineString", "coordinates": [[76.33696, 10.299373], [76.33695, 10.299555]]}, "properties": {"segment_id": "ORIG-SEG-366", "hazard_coefficient": 0, "is_critical": false}}, {"type": "Feature", "id": "ORIG-SEG-367", "geometry": {"type": "LineString", "coordinates": [[76.33695, 10.299555], [76.336951, 10.299608]]}, "properties": {"segment_id": "ORIG-SEG-367", "hazard_coefficient": 0, "is_critical": false}}, {"type": "Feature", "id": "ORIG-SEG-368", "geometry": {"type": "LineString", "coordinates": [[76.336951, 10.299608], [76.336955, 10.299837]]}, "properties": {"segment_id": "ORIG-SEG-368", "hazard_coefficient": 0, "is_critical": false}}, {"type": "Feature", "id": "ORIG-SEG-369", "geometry": {"type": "LineString", "coordinates": [[76.336955, 10.299837], [76.336959, 10.300007]]}, "properties": {"segment_id": "ORIG-SEG-369", "hazard_coefficient": 0, "is_critical": false}}, {"type": "Feature", "id": "ORIG-SEG-370", "geometry": {"type": "LineString", "coordinates": [[76.336959, 10.300007], [76.336976, 10.300426]]}, "properties": {"segment_id": "ORIG-SEG-370", "hazard_coefficient": 0, "is_critical": false}}, {"type": "Feature", "id": "ORIG-SEG-371", "geometry": {"type": "LineString", "coordinates": [[76.336976, 10.300426], [76.336975, 10.300505]]}, "properties": {"segment_id": "ORIG-SEG-371", "hazard_coefficient": 0, "is_critical": false}}, {"type": "Feature", "id": "ORIG-SEG-372", "geometry": {"type": "LineString", "coordinates": [[76.336975, 10.300505], [76.336974, 10.30064]]}, "properties": {"segment_id": "ORIG-SEG-372", "hazard_coefficient": 0, "is_critical": false}}, {"type": "Feature", "id": "ORIG-SEG-373", "geometry": {"type": "LineString", "coordinates": [[76.336974, 10.30064], [76.336961, 10.300848]]}, "properties": {"segment_id": "ORIG-SEG-373", "hazard_coefficient": 0, "is_critical": false}}, {"type": "Feature", "id": "ORIG-SEG-374", "geometry": {"type": "LineString", "coordinates": [[76.336961, 10.300848], [76.336953, 10.300939]]}, "properties": {"segment_id": "ORIG-SEG-374", "hazard_coefficient": 0, "is_critical": false}}, {"type": "Feature", "id": "ORIG-SEG-375", "geometry": {"type": "LineString", "coordinates": [[76.336953, 10.300939], [76.336948, 10.301004]]}, "properties": {"segment_id": "ORIG-SEG-375", "hazard_coefficient": 0, "is_critical": false}}, {"type": "Feature", "id": "ORIG-SEG-376", "geometry": {"type": "LineString", "coordinates": [[76.336948, 10.301004], [76.336918, 10.301178]]}, "properties": {"segment_id": "ORIG-SEG-376", "hazard_coefficient": 0, "is_critical": false}}, {"type": "Feature", "id": "ORIG-SEG-377", "geometry": {"type": "LineString", "coordinates": [[76.336918, 10.301178], [76.336888, 10.30133]]}, "properties": {"segment_id": "ORIG-SEG-377", "hazard_coefficient": 0, "is_critical": false}}, {"type": "Feature", "id": "ORIG-SEG-378", "geometry": {"type": "LineString", "coordinates": [[76.336888, 10.30133], [76.336875, 10.301395]]}, "properties": {"segment_id": "ORIG-SEG-378", "hazard_coefficient": 0, "is_critical": false}}, {"type": "Feature", "id": "ORIG-SEG-379", "geometry": {"type": "LineString", "coordinates": [[76.336875, 10.301395], [76.336842, 10.301528]]}, "properties": {"segment_id": "ORIG-SEG-379", "hazard_coefficient": 0, "is_critical": false}}, {"type": "Feature", "id": "ORIG-SEG-380", "geometry": {"type": "LineString", "coordinates": [[76.336842, 10.301528], [76.336825, 10.301595]]}, "properties": {"segment_id": "ORIG-SEG-380", "hazard_coefficient": 0, "is_critical": false}}, {"type": "Feature", "id": "ORIG-SEG-381", "geometry": {"type": "LineString", "coordinates": [[76.336825, 10.301595], [76.336779, 10.301729]]}, "properties": {"segment_id": "ORIG-SEG-381", "hazard_coefficient": 0, "is_critical": false}}, {"type": "Feature", "id": "ORIG-SEG-382", "geometry": {"type": "LineString", "coordinates": [[76.336779, 10.301729], [76.336744, 10.301833]]}, "properties": {"segment_id": "ORIG-SEG-382", "hazard_coefficient": 0, "is_critical": false}}, {"type": "Feature", "id": "ORIG-SEG-383", "geometry": {"type": "LineString", "coordinates": [[76.336744, 10.301833], [76.336666, 10.302026]]}, "properties": {"segment_id": "ORIG-SEG-383", "hazard_coefficient": 0, "is_critical": false}}, {"type": "Feature", "id": "ORIG-SEG-384", "geometry": {"type": "LineString", "coordinates": [[76.336666, 10.302026], [76.33658, 10.302213]]}, "properties": {"segment_id": "ORIG-SEG-384", "hazard_coefficient": 0, "is_critical": false}}, {"type": "Feature", "id": "ORIG-SEG-385", "geometry": {"type": "LineString", "coordinates": [[76.33658, 10.302213], [76.336481, 10.3024]]}, "properties": {"segment_id": "ORIG-SEG-385", "hazard_coefficient": 0, "is_critical": false}}, {"type": "Feature", "id": "ORIG-SEG-386", "geometry": {"type": "LineString", "coordinates": [[76.336481, 10.3024], [76.336349, 10.302647]]}, "properties": {"segment_id": "ORIG-SEG-386", "hazard_coefficient": 0, "is_critical": false}}, {"type": "Feature", "id": "ORIG-SEG-387", "geometry": {"type": "LineString", "coordinates": [[76.336349, 10.302647], [76.336268, 10.302799]]}, "properties": {"segment_id": "ORIG-SEG-387", "hazard_coefficient": 0, "is_critical": false}}, {"type": "Feature", "id": "ORIG-SEG-388", "geometry": {"type": "LineString", "coordinates": [[76.336268, 10.302799], [76.336177, 10.30297]]}, "properties": {"segment_id": "ORIG-SEG-388", "hazard_coefficient": 0, "is_critical": false}}, {"type": "Feature", "id": "ORIG-SEG-389", "geometry": {"type": "LineString", "coordinates": [[76.336177, 10.30297], [76.33579, 10.303737]]}, "properties": {"segment_id": "ORIG-SEG-389", "hazard_coefficient": 0, "is_critical": false}}, {"type": "Feature", "id": "ORIG-SEG-390", "geometry": {"type": "LineString", "coordinates": [[76.33579, 10.303737], [76.335726, 10.303863]]}, "properties": {"segment_id": "ORIG-SEG-390", "hazard_coefficient": 0, "is_critical": false}}, {"type": "Feature", "id": "ORIG-SEG-391", "geometry": {"type": "LineString", "coordinates": [[76.335726, 10.303863], [76.335678, 10.303956]]}, "properties": {"segment_id": "ORIG-SEG-391", "hazard_coefficient": 0, "is_critical": false}}, {"type": "Feature", "id": "ORIG-SEG-392", "geometry": {"type": "LineString", "coordinates": [[76.335678, 10.303956], [76.335635, 10.304042]]}, "properties": {"segment_id": "ORIG-SEG-392", "hazard_coefficient": 0, "is_critical": false}}, {"type": "Feature", "id": "ORIG-SEG-393", "geometry": {"type": "LineString", "coordinates": [[76.335635, 10.304042], [76.335395, 10.304493]]}, "properties": {"segment_id": "ORIG-SEG-393", "hazard_coefficient": 0, "is_critical": false}}, {"type": "Feature", "id": "ORIG-SEG-394", "geometry": {"type": "LineString", "coordinates": [[76.335395, 10.304493], [76.335149, 10.304956]]}, "properties": {"segment_id": "ORIG-SEG-394", "hazard_coefficient": 0, "is_critical": false}}, {"type": "Feature", "id": "ORIG-SEG-395", "geometry": {"type": "LineString", "coordinates": [[76.335149, 10.304956], [76.335057, 10.305129]]}, "properties": {"segment_id": "ORIG-SEG-395", "hazard_coefficient": 0, "is_critical": false}}, {"type": "Feature", "id": "ORIG-SEG-396", "geometry": {"type": "LineString", "coordinates": [[76.335057, 10.305129], [76.334919, 10.305387]]}, "properties": {"segment_id": "ORIG-SEG-396", "hazard_coefficient": 0, "is_critical": false}}, {"type": "Feature", "id": "ORIG-SEG-397", "geometry": {"type": "LineString", "coordinates": [[76.334919, 10.305387], [76.334566, 10.306092]]}, "properties": {"segment_id": "ORIG-SEG-397", "hazard_coefficient": 0, "is_critical": false}}, {"type": "Feature", "id": "ORIG-SEG-398", "geometry": {"type": "LineString", "coordinates": [[76.334566, 10.306092], [76.334334, 10.306463]]}, "properties": {"segment_id": "ORIG-SEG-398", "hazard_coefficient": 0, "is_critical": false}}, {"type": "Feature", "id": "ORIG-SEG-399", "geometry": {"type": "LineString", "coordinates": [[76.334334, 10.306463], [76.334289, 10.306534]]}, "properties": {"segment_id": "ORIG-SEG-399", "hazard_coefficient": 0, "is_critical": false}}, {"type": "Feature", "id": "ORIG-SEG-400", "geometry": {"type": "LineString", "coordinates": [[76.334289, 10.306534], [76.334015, 10.30698]]}, "properties": {"segment_id": "ORIG-SEG-400", "hazard_coefficient": 0, "is_critical": false}}, {"type": "Feature", "id": "ORIG-SEG-401", "geometry": {"type": "LineString", "coordinates": [[76.334015, 10.30698], [76.333923, 10.306931]]}, "properties": {"segment_id": "ORIG-SEG-401", "hazard_coefficient": 0, "is_critical": false}}, {"type": "Feature", "id": "ORIG-SEG-402", "geometry": {"type": "LineString", "coordinates": [[76.333923, 10.306931], [76.33366, 10.307264]]}, "properties": {"segment_id": "ORIG-SEG-402", "hazard_coefficient": 0, "is_critical": false}}, {"type": "Feature", "id": "ORIG-SEG-403", "geometry": {"type": "LineString", "coordinates": [[76.33366, 10.307264], [76.333606, 10.307345]]}, "properties": {"segment_id": "ORIG-SEG-403", "hazard_coefficient": 0, "is_critical": false}}, {"type": "Feature", "id": "ORIG-SEG-404", "geometry": {"type": "LineString", "coordinates": [[76.333606, 10.307345], [76.333005, 10.308259]]}, "properties": {"segment_id": "ORIG-SEG-404", "hazard_coefficient": 0, "is_critical": false}}, {"type": "Feature", "id": "ORIG-SEG-405", "geometry": {"type": "LineString", "coordinates": [[76.333005, 10.308259], [76.332918, 10.308388]]}, "properties": {"segment_id": "ORIG-SEG-405", "hazard_coefficient": 0, "is_critical": false}}, {"type": "Feature", "id": "ORIG-SEG-406", "geometry": {"type": "LineString", "coordinates": [[76.332918, 10.308388], [76.332841, 10.308499]]}, "properties": {"segment_id": "ORIG-SEG-406", "hazard_coefficient": 0, "is_critical": false}}, {"type": "Feature", "id": "ORIG-SEG-407", "geometry": {"type": "LineString", "coordinates": [[76.332841, 10.308499], [76.332806, 10.308547]]}, "properties": {"segment_id": "ORIG-SEG-407", "hazard_coefficient": 0, "is_critical": false}}, {"type": "Feature", "id": "ORIG-SEG-408", "geometry": {"type": "LineString", "coordinates": [[76.332806, 10.308547], [76.333016, 10.308774]]}, "properties": {"segment_id": "ORIG-SEG-408", "hazard_coefficient": 0, "is_critical": false}}, {"type": "Feature", "id": "ORIG-SEG-409", "geometry": {"type": "LineString", "coordinates": [[76.333016, 10.308774], [76.333078, 10.308802]]}, "properties": {"segment_id": "ORIG-SEG-409", "hazard_coefficient": 0, "is_critical": false}}, {"type": "Feature", "id": "ORIG-SEG-410", "geometry": {"type": "LineString", "coordinates": [[76.333078, 10.308802], [76.333329, 10.309098]]}, "properties": {"segment_id": "ORIG-SEG-410", "hazard_coefficient": 0, "is_critical": false}}, {"type": "Feature", "id": "ORIG-SEG-411", "geometry": {"type": "LineString", "coordinates": [[76.333329, 10.309098], [76.333641, 10.309485]]}, "properties": {"segment_id": "ORIG-SEG-411", "hazard_coefficient": 0, "is_critical": false}}, {"type": "Feature", "id": "ORIG-SEG-412", "geometry": {"type": "LineString", "coordinates": [[76.333641, 10.309485], [76.333668, 10.309518]]}, "properties": {"segment_id": "ORIG-SEG-412", "hazard_coefficient": 0, "is_critical": false}}, {"type": "Feature", "id": "ORIG-SEG-413", "geometry": {"type": "LineString", "coordinates": [[76.333668, 10.309518], [76.333816, 10.309643]]}, "properties": {"segment_id": "ORIG-SEG-413", "hazard_coefficient": 0, "is_critical": false}}, {"type": "Feature", "id": "ORIG-SEG-414", "geometry": {"type": "LineString", "coordinates": [[76.333816, 10.309643], [76.333969, 10.309771]]}, "properties": {"segment_id": "ORIG-SEG-414", "hazard_coefficient": 0, "is_critical": false}}, {"type": "Feature", "id": "ORIG-SEG-415", "geometry": {"type": "LineString", "coordinates": [[76.333969, 10.309771], [76.334073, 10.309858]]}, "properties": {"segment_id": "ORIG-SEG-415", "hazard_coefficient": 0, "is_critical": false}}, {"type": "Feature", "id": "ORIG-SEG-416", "geometry": {"type": "LineString", "coordinates": [[76.334073, 10.309858], [76.334419, 10.310149]]}, "properties": {"segment_id": "ORIG-SEG-416", "hazard_coefficient": 0, "is_critical": false}}, {"type": "Feature", "id": "ORIG-SEG-417", "geometry": {"type": "LineString", "coordinates": [[76.334419, 10.310149], [76.334462, 10.310185]]}, "properties": {"segment_id": "ORIG-SEG-417", "hazard_coefficient": 0, "is_critical": false}}, {"type": "Feature", "id": "ORIG-SEG-418", "geometry": {"type": "LineString", "coordinates": [[76.334462, 10.310185], [76.334517, 10.310231]]}, "properties": {"segment_id": "ORIG-SEG-418", "hazard_coefficient": 0, "is_critical": false}}, {"type": "Feature", "id": "ORIG-SEG-419", "geometry": {"type": "LineString", "coordinates": [[76.334517, 10.310231], [76.334758, 10.310434]]}, "properties": {"segment_id": "ORIG-SEG-419", "hazard_coefficient": 0, "is_critical": false}}, {"type": "Feature", "id": "ORIG-SEG-420", "geometry": {"type": "LineString", "coordinates": [[76.334758, 10.310434], [76.334899, 10.310552]]}, "properties": {"segment_id": "ORIG-SEG-420", "hazard_coefficient": 0, "is_critical": false}}, {"type": "Feature", "id": "ORIG-SEG-421", "geometry": {"type": "LineString", "coordinates": [[76.334899, 10.310552], [76.335752, 10.311269]]}, "properties": {"segment_id": "ORIG-SEG-421", "hazard_coefficient": 0, "is_critical": false}}, {"type": "Feature", "id": "ORIG-SEG-422", "geometry": {"type": "LineString", "coordinates": [[76.335752, 10.311269], [76.336506, 10.311925]]}, "properties": {"segment_id": "ORIG-SEG-422", "hazard_coefficient": 0, "is_critical": false}}, {"type": "Feature", "id": "ORIG-SEG-423", "geometry": {"type": "LineString", "coordinates": [[76.336506, 10.311925], [76.336484, 10.311978]]}, "properties": {"segment_id": "ORIG-SEG-423", "hazard_coefficient": 0, "is_critical": false}}, {"type": "Feature", "id": "ORIG-SEG-424", "geometry": {"type": "LineString", "coordinates": [[76.336484, 10.311978], [76.336329, 10.312453]]}, "properties": {"segment_id": "ORIG-SEG-424", "hazard_coefficient": 0, "is_critical": false}}, {"type": "Feature", "id": "ORIG-SEG-425", "geometry": {"type": "LineString", "coordinates": [[76.336329, 10.312453], [76.336169, 10.312658]]}, "properties": {"segment_id": "ORIG-SEG-425", "hazard_coefficient": 0, "is_critical": false}}, {"type": "Feature", "id": "ORIG-SEG-426", "geometry": {"type": "LineString", "coordinates": [[76.336169, 10.312658], [76.33597, 10.31283]]}, "properties": {"segment_id": "ORIG-SEG-426", "hazard_coefficient": 0, "is_critical": false}}, {"type": "Feature", "id": "ORIG-SEG-427", "geometry": {"type": "LineString", "coordinates": [[76.33597, 10.31283], [76.335848, 10.31293]]}, "properties": {"segment_id": "ORIG-SEG-427", "hazard_coefficient": 0, "is_critical": false}}, {"type": "Feature", "id": "ORIG-SEG-428", "geometry": {"type": "LineString", "coordinates": [[76.335848, 10.31293], [76.33623, 10.313352]]}, "properties": {"segment_id": "ORIG-SEG-428", "hazard_coefficient": 0, "is_critical": false}}, {"type": "Feature", "id": "ORIG-SEG-429", "geometry": {"type": "LineString", "coordinates": [[76.33623, 10.313352], [76.336696, 10.313789]]}, "properties": {"segment_id": "ORIG-SEG-429", "hazard_coefficient": 0, "is_critical": false}}, {"type": "Feature", "id": "ORIG-SEG-430", "geometry": {"type": "LineString", "coordinates": [[76.336696, 10.313789], [76.336892, 10.313998]]}, "properties": {"segment_id": "ORIG-SEG-430", "hazard_coefficient": 0, "is_critical": false}}, {"type": "Feature", "id": "ORIG-SEG-431", "geometry": {"type": "LineString", "coordinates": [[76.336892, 10.313998], [76.336958, 10.314071]]}, "properties": {"segment_id": "ORIG-SEG-431", "hazard_coefficient": 0, "is_critical": false}}, {"type": "Feature", "id": "ORIG-SEG-432", "geometry": {"type": "LineString", "coordinates": [[76.336958, 10.314071], [76.337129, 10.314225]]}, "properties": {"segment_id": "ORIG-SEG-432", "hazard_coefficient": 0, "is_critical": false}}, {"type": "Feature", "id": "ORIG-SEG-433", "geometry": {"type": "LineString", "coordinates": [[76.337129, 10.314225], [76.337138, 10.314239]]}, "properties": {"segment_id": "ORIG-SEG-433", "hazard_coefficient": 0, "is_critical": false}}, {"type": "Feature", "id": "ORIG-SEG-434", "geometry": {"type": "LineString", "coordinates": [[76.337138, 10.314239], [76.33735, 10.314482]]}, "properties": {"segment_id": "ORIG-SEG-434", "hazard_coefficient": 0, "is_critical": false}}, {"type": "Feature", "id": "ORIG-SEG-435", "geometry": {"type": "LineString", "coordinates": [[76.33735, 10.314482], [76.337761, 10.314885]]}, "properties": {"segment_id": "ORIG-SEG-435", "hazard_coefficient": 0, "is_critical": false}}, {"type": "Feature", "id": "ORIG-SEG-436", "geometry": {"type": "LineString", "coordinates": [[76.337761, 10.314885], [76.337961, 10.315098]]}, "properties": {"segment_id": "ORIG-SEG-436", "hazard_coefficient": 0, "is_critical": false}}, {"type": "Feature", "id": "ORIG-SEG-437", "geometry": {"type": "LineString", "coordinates": [[76.337961, 10.315098], [76.338035, 10.315176]]}, "properties": {"segment_id": "ORIG-SEG-437", "hazard_coefficient": 0, "is_critical": false}}, {"type": "Feature", "id": "ORIG-SEG-438", "geometry": {"type": "LineString", "coordinates": [[76.338035, 10.315176], [76.33821, 10.315391]]}, "properties": {"segment_id": "ORIG-SEG-438", "hazard_coefficient": 0, "is_critical": false}}, {"type": "Feature", "id": "ORIG-SEG-439", "geometry": {"type": "LineString", "coordinates": [[76.33821, 10.315391], [76.338275, 10.315458]]}, "properties": {"segment_id": "ORIG-SEG-439", "hazard_coefficient": 0, "is_critical": false}}, {"type": "Feature", "id": "ORIG-SEG-440", "geometry": {"type": "LineString", "coordinates": [[76.338275, 10.315458], [76.338423, 10.315623]]}, "properties": {"segment_id": "ORIG-SEG-440", "hazard_coefficient": 0, "is_critical": false}}, {"type": "Feature", "id": "ORIG-SEG-441", "geometry": {"type": "LineString", "coordinates": [[76.338423, 10.315623], [76.338615, 10.315978]]}, "properties": {"segment_id": "ORIG-SEG-441", "hazard_coefficient": 0, "is_critical": false}}, {"type": "Feature", "id": "ORIG-SEG-442", "geometry": {"type": "LineString", "coordinates": [[76.338615, 10.315978], [76.338773, 10.316344]]}, "properties": {"segment_id": "ORIG-SEG-442", "hazard_coefficient": 0, "is_critical": false}}, {"type": "Feature", "id": "ORIG-SEG-443", "geometry": {"type": "LineString", "coordinates": [[76.338773, 10.316344], [76.338831, 10.316453]]}, "properties": {"segment_id": "ORIG-SEG-443", "hazard_coefficient": 0, "is_critical": false}}, {"type": "Feature", "id": "ORIG-SEG-444", "geometry": {"type": "LineString", "coordinates": [[76.338831, 10.316453], [76.338948, 10.316791]]}, "properties": {"segment_id": "ORIG-SEG-444", "hazard_coefficient": 0, "is_critical": false}}, {"type": "Feature", "id": "ORIG-SEG-445", "geometry": {"type": "LineString", "coordinates": [[76.338948, 10.316791], [76.339078, 10.317161]]}, "properties": {"segment_id": "ORIG-SEG-445", "hazard_coefficient": 0, "is_critical": false}}, {"type": "Feature", "id": "ORIG-SEG-446", "geometry": {"type": "LineString", "coordinates": [[76.339078, 10.317161], [76.339184, 10.317447]]}, "properties": {"segment_id": "ORIG-SEG-446", "hazard_coefficient": 0, "is_critical": false}}, {"type": "Feature", "id": "ORIG-SEG-447", "geometry": {"type": "LineString", "coordinates": [[76.339184, 10.317447], [76.339372, 10.318058]]}, "properties": {"segment_id": "ORIG-SEG-447", "hazard_coefficient": 0, "is_critical": false}}, {"type": "Feature", "id": "ORIG-SEG-448", "geometry": {"type": "LineString", "coordinates": [[76.339372, 10.318058], [76.339556, 10.318656]]}, "properties": {"segment_id": "ORIG-SEG-448", "hazard_coefficient": 0, "is_critical": false}}, {"type": "Feature", "id": "ORIG-SEG-449", "geometry": {"type": "LineString", "coordinates": [[76.339556, 10.318656], [76.339595, 10.318744]]}, "properties": {"segment_id": "ORIG-SEG-449", "hazard_coefficient": 0, "is_critical": false}}, {"type": "Feature", "id": "ORIG-SEG-450", "geometry": {"type": "LineString", "coordinates": [[76.339595, 10.318744], [76.339627, 10.318831]]}, "properties": {"segment_id": "ORIG-SEG-450", "hazard_coefficient": 0, "is_critical": false}}, {"type": "Feature", "id": "ORIG-SEG-451", "geometry": {"type": "LineString", "coordinates": [[76.339627, 10.318831], [76.339829, 10.319389]]}, "properties": {"segment_id": "ORIG-SEG-451", "hazard_coefficient": 0, "is_critical": false}}, {"type": "Feature", "id": "ORIG-SEG-452", "geometry": {"type": "LineString", "coordinates": [[76.339829, 10.319389], [76.340002, 10.319784]]}, "properties": {"segment_id": "ORIG-SEG-452", "hazard_coefficient": 0, "is_critical": false}}, {"type": "Feature", "id": "ORIG-SEG-453", "geometry": {"type": "LineString", "coordinates": [[76.340002, 10.319784], [76.340214, 10.320164]]}, "properties": {"segment_id": "ORIG-SEG-453", "hazard_coefficient": 0, "is_critical": false}}, {"type": "Feature", "id": "ORIG-SEG-454", "geometry": {"type": "LineString", "coordinates": [[76.340214, 10.320164], [76.340366, 10.320464]]}, "properties": {"segment_id": "ORIG-SEG-454", "hazard_coefficient": 0, "is_critical": false}}, {"type": "Feature", "id": "ORIG-SEG-455", "geometry": {"type": "LineString", "coordinates": [[76.340366, 10.320464], [76.3406, 10.320718]]}, "properties": {"segment_id": "ORIG-SEG-455", "hazard_coefficient": 0, "is_critical": false}}, {"type": "Feature", "id": "ORIG-SEG-456", "geometry": {"type": "LineString", "coordinates": [[76.3406, 10.320718], [76.34079, 10.320928]]}, "properties": {"segment_id": "ORIG-SEG-456", "hazard_coefficient": 0, "is_critical": false}}, {"type": "Feature", "id": "ORIG-SEG-457", "geometry": {"type": "LineString", "coordinates": [[76.34079, 10.320928], [76.340838, 10.320973]]}, "properties": {"segment_id": "ORIG-SEG-457", "hazard_coefficient": 0, "is_critical": false}}, {"type": "Feature", "id": "ORIG-SEG-458", "geometry": {"type": "LineString", "coordinates": [[76.340838, 10.320973], [76.341177, 10.321325]]}, "properties": {"segment_id": "ORIG-SEG-458", "hazard_coefficient": 0, "is_critical": false}}, {"type": "Feature", "id": "ORIG-SEG-459", "geometry": {"type": "LineString", "coordinates": [[76.341177, 10.321325], [76.34162, 10.32267]]}, "properties": {"segment_id": "ORIG-SEG-459", "hazard_coefficient": 0, "is_critical": false}}, {"type": "Feature", "id": "ORIG-SEG-460", "geometry": {"type": "LineString", "coordinates": [[76.34162, 10.32267], [76.341833, 10.323247]]}, "properties": {"segment_id": "ORIG-SEG-460", "hazard_coefficient": 0, "is_critical": false}}, {"type": "Feature", "id": "ORIG-SEG-461", "geometry": {"type": "LineString", "coordinates": [[76.341833, 10.323247], [76.341926, 10.323497]]}, "properties": {"segment_id": "ORIG-SEG-461", "hazard_coefficient": 0, "is_critical": false}}, {"type": "Feature", "id": "ORIG-SEG-462", "geometry": {"type": "LineString", "coordinates": [[76.341926, 10.323497], [76.341952, 10.323868]]}, "properties": {"segment_id": "ORIG-SEG-462", "hazard_coefficient": 0, "is_critical": false}}, {"type": "Feature", "id": "ORIG-SEG-463", "geometry": {"type": "LineString", "coordinates": [[76.341952, 10.323868], [76.342085, 10.324246]]}, "properties": {"segment_id": "ORIG-SEG-463", "hazard_coefficient": 0, "is_critical": false}}, {"type": "Feature", "id": "ORIG-SEG-464", "geometry": {"type": "LineString", "coordinates": [[76.342085, 10.324246], [76.342147, 10.324303]]}, "properties": {"segment_id": "ORIG-SEG-464", "hazard_coefficient": 0, "is_critical": false}}, {"type": "Feature", "id": "ORIG-SEG-465", "geometry": {"type": "LineString", "coordinates": [[76.342147, 10.324303], [76.342928, 10.324739]]}, "properties": {"segment_id": "ORIG-SEG-465", "hazard_coefficient": 0, "is_critical": false}}, {"type": "Feature", "id": "ORIG-SEG-466", "geometry": {"type": "LineString", "coordinates": [[76.342928, 10.324739], [76.343421, 10.324868]]}, "properties": {"segment_id": "ORIG-SEG-466", "hazard_coefficient": 0, "is_critical": false}}, {"type": "Feature", "id": "ORIG-SEG-467", "geometry": {"type": "LineString", "coordinates": [[76.343421, 10.324868], [76.343904, 10.324995]]}, "properties": {"segment_id": "ORIG-SEG-467", "hazard_coefficient": 0, "is_critical": false}}, {"type": "Feature", "id": "ORIG-SEG-468", "geometry": {"type": "LineString", "coordinates": [[76.343904, 10.324995], [76.343961, 10.325025]]}, "properties": {"segment_id": "ORIG-SEG-468", "hazard_coefficient": 0, "is_critical": false}}, {"type": "Feature", "id": "ORIG-SEG-469", "geometry": {"type": "LineString", "coordinates": [[76.343961, 10.325025], [76.344483, 10.325228]]}, "properties": {"segment_id": "ORIG-SEG-469", "hazard_coefficient": 0, "is_critical": false}}, {"type": "Feature", "id": "ORIG-SEG-470", "geometry": {"type": "LineString", "coordinates": [[76.344483, 10.325228], [76.344551, 10.325265]]}, "properties": {"segment_id": "ORIG-SEG-470", "hazard_coefficient": 0, "is_critical": false}}, {"type": "Feature", "id": "ORIG-SEG-471", "geometry": {"type": "LineString", "coordinates": [[76.344551, 10.325265], [76.344623, 10.325305]]}, "properties": {"segment_id": "ORIG-SEG-471", "hazard_coefficient": 0, "is_critical": false}}, {"type": "Feature", "id": "ORIG-SEG-472", "geometry": {"type": "LineString", "coordinates": [[76.344623, 10.325305], [76.344742, 10.325383]]}, "properties": {"segment_id": "ORIG-SEG-472", "hazard_coefficient": 0, "is_critical": false}}, {"type": "Feature", "id": "ORIG-SEG-473", "geometry": {"type": "LineString", "coordinates": [[76.344742, 10.325383], [76.344955, 10.32554]]}, "properties": {"segment_id": "ORIG-SEG-473", "hazard_coefficient": 0, "is_critical": false}}, {"type": "Feature", "id": "ORIG-SEG-474", "geometry": {"type": "LineString", "coordinates": [[76.344955, 10.32554], [76.345108, 10.325646]]}, "properties": {"segment_id": "ORIG-SEG-474", "hazard_coefficient": 0, "is_critical": false}}, {"type": "Feature", "id": "ORIG-SEG-475", "geometry": {"type": "LineString", "coordinates": [[76.345108, 10.325646], [76.345235, 10.325712]]}, "properties": {"segment_id": "ORIG-SEG-475", "hazard_coefficient": 0, "is_critical": false}}, {"type": "Feature", "id": "ORIG-SEG-476", "geometry": {"type": "LineString", "coordinates": [[76.345235, 10.325712], [76.345367, 10.325758]]}, "properties": {"segment_id": "ORIG-SEG-476", "hazard_coefficient": 0, "is_critical": false}}, {"type": "Feature", "id": "ORIG-SEG-477", "geometry": {"type": "LineString", "coordinates": [[76.345367, 10.325758], [76.34615, 10.326121]]}, "properties": {"segment_id": "ORIG-SEG-477", "hazard_coefficient": 0, "is_critical": false}}, {"type": "Feature", "id": "ORIG-SEG-478", "geometry": {"type": "LineString", "coordinates": [[76.34615, 10.326121], [76.346631, 10.326279]]}, "properties": {"segment_id": "ORIG-SEG-478", "hazard_coefficient": 0, "is_critical": false}}, {"type": "Feature", "id": "ORIG-SEG-479", "geometry": {"type": "LineString", "coordinates": [[76.346631, 10.326279], [76.346679, 10.326308]]}, "properties": {"segment_id": "ORIG-SEG-479", "hazard_coefficient": 0, "is_critical": false}}, {"type": "Feature", "id": "ORIG-SEG-480", "geometry": {"type": "LineString", "coordinates": [[76.346679, 10.326308], [76.347014, 10.326518]]}, "properties": {"segment_id": "ORIG-SEG-480", "hazard_coefficient": 0, "is_critical": false}}, {"type": "Feature", "id": "ORIG-SEG-481", "geometry": {"type": "LineString", "coordinates": [[76.347014, 10.326518], [76.347029, 10.326529]]}, "properties": {"segment_id": "ORIG-SEG-481", "hazard_coefficient": 0, "is_critical": false}}, {"type": "Feature", "id": "ORIG-SEG-482", "geometry": {"type": "LineString", "coordinates": [[76.347029, 10.326529], [76.347745, 10.327055]]}, "properties": {"segment_id": "ORIG-SEG-482", "hazard_coefficient": 0, "is_critical": false}}, {"type": "Feature", "id": "ORIG-SEG-483", "geometry": {"type": "LineString", "coordinates": [[76.347745, 10.327055], [76.347765, 10.327075]]}, "properties": {"segment_id": "ORIG-SEG-483", "hazard_coefficient": 0, "is_critical": false}}, {"type": "Feature", "id": "ORIG-SEG-484", "geometry": {"type": "LineString", "coordinates": [[76.347765, 10.327075], [76.348036, 10.327361]]}, "properties": {"segment_id": "ORIG-SEG-484", "hazard_coefficient": 0, "is_critical": false}}, {"type": "Feature", "id": "ORIG-SEG-485", "geometry": {"type": "LineString", "coordinates": [[76.348036, 10.327361], [76.348222, 10.327557]]}, "properties": {"segment_id": "ORIG-SEG-485", "hazard_coefficient": 0, "is_critical": false}}, {"type": "Feature", "id": "ORIG-SEG-486", "geometry": {"type": "LineString", "coordinates": [[76.348222, 10.327557], [76.348596, 10.327862]]}, "properties": {"segment_id": "ORIG-SEG-486", "hazard_coefficient": 0, "is_critical": false}}, {"type": "Feature", "id": "ORIG-SEG-487", "geometry": {"type": "LineString", "coordinates": [[76.348596, 10.327862], [76.348835, 10.328056]]}, "properties": {"segment_id": "ORIG-SEG-487", "hazard_coefficient": 0, "is_critical": false}}, {"type": "Feature", "id": "ORIG-SEG-488", "geometry": {"type": "LineString", "coordinates": [[76.348835, 10.328056], [76.349608, 10.328749]]}, "properties": {"segment_id": "ORIG-SEG-488", "hazard_coefficient": 0, "is_critical": false}}, {"type": "Feature", "id": "ORIG-SEG-489", "geometry": {"type": "LineString", "coordinates": [[76.349608, 10.328749], [76.349713, 10.328834]]}, "properties": {"segment_id": "ORIG-SEG-489", "hazard_coefficient": 0, "is_critical": false}}, {"type": "Feature", "id": "ORIG-SEG-490", "geometry": {"type": "LineString", "coordinates": [[76.349713, 10.328834], [76.349812, 10.328892]]}, "properties": {"segment_id": "ORIG-SEG-490", "hazard_coefficient": 0, "is_critical": false}}, {"type": "Feature", "id": "ORIG-SEG-491", "geometry": {"type": "LineString", "coordinates": [[76.349812, 10.328892], [76.350024, 10.329013]]}, "properties": {"segment_id": "ORIG-SEG-491", "hazard_coefficient": 0, "is_critical": false}}, {"type": "Feature", "id": "ORIG-SEG-492", "geometry": {"type": "LineString", "coordinates": [[76.350024, 10.329013], [76.350303, 10.329149]]}, "properties": {"segment_id": "ORIG-SEG-492", "hazard_coefficient": 0, "is_critical": false}}, {"type": "Feature", "id": "ORIG-SEG-493", "geometry": {"type": "LineString", "coordinates": [[76.350303, 10.329149], [76.350556, 10.32924]]}, "properties": {"segment_id": "ORIG-SEG-493", "hazard_coefficient": 0, "is_critical": false}}, {"type": "Feature", "id": "ORIG-SEG-494", "geometry": {"type": "LineString", "coordinates": [[76.350556, 10.32924], [76.352024, 10.329664]]}, "properties": {"segment_id": "ORIG-SEG-494", "hazard_coefficient": 0, "is_critical": false}}, {"type": "Feature", "id": "ORIG-SEG-495", "geometry": {"type": "LineString", "coordinates": [[76.352024, 10.329664], [76.352824, 10.329916]]}, "properties": {"segment_id": "ORIG-SEG-495", "hazard_coefficient": 0, "is_critical": false}}, {"type": "Feature", "id": "ORIG-SEG-496", "geometry": {"type": "LineString", "coordinates": [[76.352824, 10.329916], [76.353236, 10.330045]]}, "properties": {"segment_id": "ORIG-SEG-496", "hazard_coefficient": 0, "is_critical": false}}, {"type": "Feature", "id": "ORIG-SEG-497", "geometry": {"type": "LineString", "coordinates": [[76.353236, 10.330045], [76.353605, 10.330162]]}, "properties": {"segment_id": "ORIG-SEG-497", "hazard_coefficient": 0, "is_critical": false}}, {"type": "Feature", "id": "ORIG-SEG-498", "geometry": {"type": "LineString", "coordinates": [[76.353605, 10.330162], [76.354172, 10.330368]]}, "properties": {"segment_id": "ORIG-SEG-498", "hazard_coefficient": 0, "is_critical": false}}, {"type": "Feature", "id": "ORIG-SEG-499", "geometry": {"type": "LineString", "coordinates": [[76.354172, 10.330368], [76.354227, 10.330383]]}, "properties": {"segment_id": "ORIG-SEG-499", "hazard_coefficient": 0, "is_critical": false}}, {"type": "Feature", "id": "ORIG-SEG-500", "geometry": {"type": "LineString", "coordinates": [[76.354227, 10.330383], [76.35439, 10.330451]]}, "properties": {"segment_id": "ORIG-SEG-500", "hazard_coefficient": 0, "is_critical": false}}, {"type": "Feature", "id": "ORIG-SEG-501", "geometry": {"type": "LineString", "coordinates": [[76.35439, 10.330451], [76.354454, 10.3305]]}, "properties": {"segment_id": "ORIG-SEG-501", "hazard_coefficient": 0, "is_critical": false}}, {"type": "Feature", "id": "ORIG-SEG-502", "geometry": {"type": "LineString", "coordinates": [[76.354454, 10.3305], [76.3549, 10.33096]]}, "properties": {"segment_id": "ORIG-SEG-502", "hazard_coefficient": 0, "is_critical": false}}, {"type": "Feature", "id": "ORIG-SEG-503", "geometry": {"type": "LineString", "coordinates": [[76.3549, 10.33096], [76.354988, 10.331081]]}, "properties": {"segment_id": "ORIG-SEG-503", "hazard_coefficient": 0, "is_critical": false}}, {"type": "Feature", "id": "ORIG-SEG-504", "geometry": {"type": "LineString", "coordinates": [[76.354988, 10.331081], [76.355408, 10.331803]]}, "properties": {"segment_id": "ORIG-SEG-504", "hazard_coefficient": 0, "is_critical": false}}, {"type": "Feature", "id": "ORIG-SEG-505", "geometry": {"type": "LineString", "coordinates": [[76.355408, 10.331803], [76.355576, 10.332114]]}, "properties": {"segment_id": "ORIG-SEG-505", "hazard_coefficient": 0, "is_critical": false}}, {"type": "Feature", "id": "ORIG-SEG-506", "geometry": {"type": "LineString", "coordinates": [[76.355576, 10.332114], [76.355595, 10.332289]]}, "properties": {"segment_id": "ORIG-SEG-506", "hazard_coefficient": 0, "is_critical": false}}, {"type": "Feature", "id": "ORIG-SEG-507", "geometry": {"type": "LineString", "coordinates": [[76.355595, 10.332289], [76.3556, 10.332444]]}, "properties": {"segment_id": "ORIG-SEG-507", "hazard_coefficient": 0, "is_critical": false}}, {"type": "Feature", "id": "ORIG-SEG-508", "geometry": {"type": "LineString", "coordinates": [[76.3556, 10.332444], [76.355605, 10.332554]]}, "properties": {"segment_id": "ORIG-SEG-508", "hazard_coefficient": 0, "is_critical": false}}, {"type": "Feature", "id": "ORIG-SEG-509", "geometry": {"type": "LineString", "coordinates": [[76.355605, 10.332554], [76.355638, 10.332703]]}, "properties": {"segment_id": "ORIG-SEG-509", "hazard_coefficient": 0, "is_critical": false}}, {"type": "Feature", "id": "ORIG-SEG-510", "geometry": {"type": "LineString", "coordinates": [[76.355638, 10.332703], [76.355729, 10.332971]]}, "properties": {"segment_id": "ORIG-SEG-510", "hazard_coefficient": 0, "is_critical": false}}, {"type": "Feature", "id": "ORIG-SEG-511", "geometry": {"type": "LineString", "coordinates": [[76.355729, 10.332971], [76.355861, 10.333284]]}, "properties": {"segment_id": "ORIG-SEG-511", "hazard_coefficient": 0, "is_critical": false}}, {"type": "Feature", "id": "ORIG-SEG-512", "geometry": {"type": "LineString", "coordinates": [[76.355861, 10.333284], [76.355943, 10.333479]]}, "properties": {"segment_id": "ORIG-SEG-512", "hazard_coefficient": 0, "is_critical": false}}, {"type": "Feature", "id": "ORIG-SEG-513", "geometry": {"type": "LineString", "coordinates": [[76.355943, 10.333479], [76.356086, 10.333941]]}, "properties": {"segment_id": "ORIG-SEG-513", "hazard_coefficient": 0, "is_critical": false}}, {"type": "Feature", "id": "ORIG-SEG-514", "geometry": {"type": "LineString", "coordinates": [[76.356086, 10.333941], [76.356115, 10.334109]]}, "properties": {"segment_id": "ORIG-SEG-514", "hazard_coefficient": 0, "is_critical": false}}, {"type": "Feature", "id": "ORIG-SEG-515", "geometry": {"type": "LineString", "coordinates": [[76.356115, 10.334109], [76.356175, 10.334487]]}, "properties": {"segment_id": "ORIG-SEG-515", "hazard_coefficient": 0, "is_critical": false}}, {"type": "Feature", "id": "ORIG-SEG-516", "geometry": {"type": "LineString", "coordinates": [[76.356175, 10.334487], [76.356201, 10.334623]]}, "properties": {"segment_id": "ORIG-SEG-516", "hazard_coefficient": 0, "is_critical": false}}, {"type": "Feature", "id": "ORIG-SEG-517", "geometry": {"type": "LineString", "coordinates": [[76.356201, 10.334623], [76.356307, 10.335449]]}, "properties": {"segment_id": "ORIG-SEG-517", "hazard_coefficient": 0, "is_critical": false}}, {"type": "Feature", "id": "ORIG-SEG-518", "geometry": {"type": "LineString", "coordinates": [[76.356307, 10.335449], [76.356315, 10.335546]]}, "properties": {"segment_id": "ORIG-SEG-518", "hazard_coefficient": 0, "is_critical": false}}, {"type": "Feature", "id": "ORIG-SEG-519", "geometry": {"type": "LineString", "coordinates": [[76.356315, 10.335546], [76.356324, 10.3364]]}, "properties": {"segment_id": "ORIG-SEG-519", "hazard_coefficient": 0, "is_critical": false}}, {"type": "Feature", "id": "ORIG-SEG-520", "geometry": {"type": "LineString", "coordinates": [[76.356324, 10.3364], [76.356326, 10.336606]]}, "properties": {"segment_id": "ORIG-SEG-520", "hazard_coefficient": 0, "is_critical": false}}, {"type": "Feature", "id": "ORIG-SEG-521", "geometry": {"type": "LineString", "coordinates": [[76.356326, 10.336606], [76.356332, 10.336743]]}, "properties": {"segment_id": "ORIG-SEG-521", "hazard_coefficient": 0, "is_critical": false}}, {"type": "Feature", "id": "ORIG-SEG-522", "geometry": {"type": "LineString", "coordinates": [[76.356332, 10.336743], [76.356368, 10.33691]]}, "properties": {"segment_id": "ORIG-SEG-522", "hazard_coefficient": 0, "is_critical": false}}, {"type": "Feature", "id": "ORIG-SEG-523", "geometry": {"type": "LineString", "coordinates": [[76.356368, 10.33691], [76.356438, 10.337104]]}, "properties": {"segment_id": "ORIG-SEG-523", "hazard_coefficient": 0, "is_critical": false}}, {"type": "Feature", "id": "ORIG-SEG-524", "geometry": {"type": "LineString", "coordinates": [[76.356438, 10.337104], [76.356508, 10.337227]]}, "properties": {"segment_id": "ORIG-SEG-524", "hazard_coefficient": 0, "is_critical": false}}, {"type": "Feature", "id": "ORIG-SEG-525", "geometry": {"type": "LineString", "coordinates": [[76.356508, 10.337227], [76.356595, 10.337336]]}, "properties": {"segment_id": "ORIG-SEG-525", "hazard_coefficient": 0, "is_critical": false}}, {"type": "Feature", "id": "ORIG-SEG-526", "geometry": {"type": "LineString", "coordinates": [[76.356595, 10.337336], [76.356839, 10.337578]]}, "properties": {"segment_id": "ORIG-SEG-526", "hazard_coefficient": 0, "is_critical": false}}, {"type": "Feature", "id": "ORIG-SEG-527", "geometry": {"type": "LineString", "coordinates": [[76.356839, 10.337578], [76.357284, 10.338034]]}, "properties": {"segment_id": "ORIG-SEG-527", "hazard_coefficient": 0, "is_critical": false}}, {"type": "Feature", "id": "ORIG-SEG-528", "geometry": {"type": "LineString", "coordinates": [[76.357284, 10.338034], [76.357342, 10.338076]]}, "properties": {"segment_id": "ORIG-SEG-528", "hazard_coefficient": 0, "is_critical": false}}, {"type": "Feature", "id": "ORIG-SEG-529", "geometry": {"type": "LineString", "coordinates": [[76.357342, 10.338076], [76.357425, 10.338119]]}, "properties": {"segment_id": "ORIG-SEG-529", "hazard_coefficient": 0, "is_critical": false}}, {"type": "Feature", "id": "ORIG-SEG-530", "geometry": {"type": "LineString", "coordinates": [[76.357425, 10.338119], [76.357586, 10.338191]]}, "properties": {"segment_id": "ORIG-SEG-530", "hazard_coefficient": 0, "is_critical": false}}, {"type": "Feature", "id": "ORIG-SEG-531", "geometry": {"type": "LineString", "coordinates": [[76.357586, 10.338191], [76.357994, 10.338378]]}, "properties": {"segment_id": "ORIG-SEG-531", "hazard_coefficient": 0, "is_critical": false}}, {"type": "Feature", "id": "ORIG-SEG-532", "geometry": {"type": "LineString", "coordinates": [[76.357994, 10.338378], [76.358164, 10.338466]]}, "properties": {"segment_id": "ORIG-SEG-532", "hazard_coefficient": 0, "is_critical": false}}, {"type": "Feature", "id": "ORIG-SEG-533", "geometry": {"type": "LineString", "coordinates": [[76.358164, 10.338466], [76.358243, 10.338578]]}, "properties": {"segment_id": "ORIG-SEG-533", "hazard_coefficient": 0, "is_critical": false}}, {"type": "Feature", "id": "ORIG-SEG-534", "geometry": {"type": "LineString", "coordinates": [[76.358243, 10.338578], [76.35828, 10.338691]]}, "properties": {"segment_id": "ORIG-SEG-534", "hazard_coefficient": 0, "is_critical": false}}, {"type": "Feature", "id": "ORIG-SEG-535", "geometry": {"type": "LineString", "coordinates": [[76.35828, 10.338691], [76.358363, 10.339078]]}, "properties": {"segment_id": "ORIG-SEG-535", "hazard_coefficient": 0, "is_critical": false}}, {"type": "Feature", "id": "ORIG-SEG-536", "geometry": {"type": "LineString", "coordinates": [[76.358363, 10.339078], [76.358426, 10.339573]]}, "properties": {"segment_id": "ORIG-SEG-536", "hazard_coefficient": 0, "is_critical": false}}, {"type": "Feature", "id": "ORIG-SEG-537", "geometry": {"type": "LineString", "coordinates": [[76.358426, 10.339573], [76.358427, 10.339782]]}, "properties": {"segment_id": "ORIG-SEG-537", "hazard_coefficient": 0, "is_critical": false}}, {"type": "Feature", "id": "ORIG-SEG-538", "geometry": {"type": "LineString", "coordinates": [[76.358427, 10.339782], [76.358418, 10.339948]]}, "properties": {"segment_id": "ORIG-SEG-538", "hazard_coefficient": 0, "is_critical": false}}, {"type": "Feature", "id": "ORIG-SEG-539", "geometry": {"type": "LineString", "coordinates": [[76.358418, 10.339948], [76.358396, 10.340045]]}, "properties": {"segment_id": "ORIG-SEG-539", "hazard_coefficient": 0, "is_critical": false}}, {"type": "Feature", "id": "ORIG-SEG-540", "geometry": {"type": "LineString", "coordinates": [[76.358396, 10.340045], [76.358196, 10.340572]]}, "properties": {"segment_id": "ORIG-SEG-540", "hazard_coefficient": 0, "is_critical": false}}, {"type": "Feature", "id": "ORIG-SEG-541", "geometry": {"type": "LineString", "coordinates": [[76.358196, 10.340572], [76.358173, 10.340682]]}, "properties": {"segment_id": "ORIG-SEG-541", "hazard_coefficient": 0, "is_critical": false}}, {"type": "Feature", "id": "ORIG-SEG-542", "geometry": {"type": "LineString", "coordinates": [[76.358173, 10.340682], [76.358077, 10.341551]]}, "properties": {"segment_id": "ORIG-SEG-542", "hazard_coefficient": 0, "is_critical": false}}, {"type": "Feature", "id": "ORIG-SEG-543", "geometry": {"type": "LineString", "coordinates": [[76.358077, 10.341551], [76.358073, 10.341685]]}, "properties": {"segment_id": "ORIG-SEG-543", "hazard_coefficient": 0, "is_critical": false}}, {"type": "Feature", "id": "ORIG-SEG-544", "geometry": {"type": "LineString", "coordinates": [[76.358073, 10.341685], [76.358097, 10.342225]]}, "properties": {"segment_id": "ORIG-SEG-544", "hazard_coefficient": 0, "is_critical": false}}, {"type": "Feature", "id": "ORIG-SEG-545", "geometry": {"type": "LineString", "coordinates": [[76.358097, 10.342225], [76.35811, 10.342296]]}, "properties": {"segment_id": "ORIG-SEG-545", "hazard_coefficient": 0, "is_critical": false}}, {"type": "Feature", "id": "ORIG-SEG-546", "geometry": {"type": "LineString", "coordinates": [[76.35811, 10.342296], [76.35814, 10.342376]]}, "properties": {"segment_id": "ORIG-SEG-546", "hazard_coefficient": 0, "is_critical": false}}, {"type": "Feature", "id": "ORIG-SEG-547", "geometry": {"type": "LineString", "coordinates": [[76.35814, 10.342376], [76.358498, 10.343123]]}, "properties": {"segment_id": "ORIG-SEG-547", "hazard_coefficient": 0, "is_critical": false}}, {"type": "Feature", "id": "ORIG-SEG-548", "geometry": {"type": "LineString", "coordinates": [[76.358498, 10.343123], [76.358542, 10.343226]]}, "properties": {"segment_id": "ORIG-SEG-548", "hazard_coefficient": 0, "is_critical": false}}, {"type": "Feature", "id": "ORIG-SEG-549", "geometry": {"type": "LineString", "coordinates": [[76.358542, 10.343226], [76.358558, 10.343309]]}, "properties": {"segment_id": "ORIG-SEG-549", "hazard_coefficient": 0, "is_critical": false}}, {"type": "Feature", "id": "ORIG-SEG-550", "geometry": {"type": "LineString", "coordinates": [[76.358558, 10.343309], [76.358564, 10.343433]]}, "properties": {"segment_id": "ORIG-SEG-550", "hazard_coefficient": 0, "is_critical": false}}, {"type": "Feature", "id": "ORIG-SEG-551", "geometry": {"type": "LineString", "coordinates": [[76.358564, 10.343433], [76.358571, 10.343658]]}, "properties": {"segment_id": "ORIG-SEG-551", "hazard_coefficient": 0, "is_critical": false}}, {"type": "Feature", "id": "ORIG-SEG-552", "geometry": {"type": "LineString", "coordinates": [[76.358571, 10.343658], [76.358552, 10.343832]]}, "properties": {"segment_id": "ORIG-SEG-552", "hazard_coefficient": 0, "is_critical": false}}, {"type": "Feature", "id": "ORIG-SEG-553", "geometry": {"type": "LineString", "coordinates": [[76.358552, 10.343832], [76.358512, 10.344076]]}, "properties": {"segment_id": "ORIG-SEG-553", "hazard_coefficient": 0, "is_critical": false}}, {"type": "Feature", "id": "ORIG-SEG-554", "geometry": {"type": "LineString", "coordinates": [[76.358512, 10.344076], [76.358498, 10.344259]]}, "properties": {"segment_id": "ORIG-SEG-554", "hazard_coefficient": 0, "is_critical": false}}, {"type": "Feature", "id": "ORIG-SEG-555", "geometry": {"type": "LineString", "coordinates": [[76.358498, 10.344259], [76.358503, 10.34502]]}, "properties": {"segment_id": "ORIG-SEG-555", "hazard_coefficient": 0, "is_critical": false}}, {"type": "Feature", "id": "ORIG-SEG-556", "geometry": {"type": "LineString", "coordinates": [[76.358503, 10.34502], [76.358504, 10.345042]]}, "properties": {"segment_id": "ORIG-SEG-556", "hazard_coefficient": 0, "is_critical": false}}, {"type": "Feature", "id": "ORIG-SEG-557", "geometry": {"type": "LineString", "coordinates": [[76.358504, 10.345042], [76.358515, 10.34516]]}, "properties": {"segment_id": "ORIG-SEG-557", "hazard_coefficient": 0, "is_critical": false}}, {"type": "Feature", "id": "ORIG-SEG-558", "geometry": {"type": "LineString", "coordinates": [[76.358515, 10.34516], [76.358522, 10.345193]]}, "properties": {"segment_id": "ORIG-SEG-558", "hazard_coefficient": 0, "is_critical": false}}, {"type": "Feature", "id": "ORIG-SEG-559", "geometry": {"type": "LineString", "coordinates": [[76.358522, 10.345193], [76.358547, 10.345276]]}, "properties": {"segment_id": "ORIG-SEG-559", "hazard_coefficient": 0, "is_critical": false}}, {"type": "Feature", "id": "ORIG-SEG-560", "geometry": {"type": "LineString", "coordinates": [[76.358547, 10.345276], [76.358674, 10.345519]]}, "properties": {"segment_id": "ORIG-SEG-560", "hazard_coefficient": 0, "is_critical": false}}, {"type": "Feature", "id": "ORIG-SEG-561", "geometry": {"type": "LineString", "coordinates": [[76.358674, 10.345519], [76.358748, 10.345624]]}, "properties": {"segment_id": "ORIG-SEG-561", "hazard_coefficient": 0, "is_critical": false}}, {"type": "Feature", "id": "ORIG-SEG-562", "geometry": {"type": "LineString", "coordinates": [[76.358748, 10.345624], [76.358919, 10.345868]]}, "properties": {"segment_id": "ORIG-SEG-562", "hazard_coefficient": 0, "is_critical": false}}, {"type": "Feature", "id": "ORIG-SEG-563", "geometry": {"type": "LineString", "coordinates": [[76.358919, 10.345868], [76.359123, 10.346115]]}, "properties": {"segment_id": "ORIG-SEG-563", "hazard_coefficient": 0, "is_critical": false}}, {"type": "Feature", "id": "ORIG-SEG-564", "geometry": {"type": "LineString", "coordinates": [[76.359123, 10.346115], [76.359174, 10.346178]]}, "properties": {"segment_id": "ORIG-SEG-564", "hazard_coefficient": 0, "is_critical": false}}, {"type": "Feature", "id": "ORIG-SEG-565", "geometry": {"type": "LineString", "coordinates": [[76.359174, 10.346178], [76.359804, 10.346385]]}, "properties": {"segment_id": "ORIG-SEG-565", "hazard_coefficient": 0, "is_critical": false}}, {"type": "Feature", "id": "ORIG-SEG-566", "geometry": {"type": "LineString", "coordinates": [[76.359804, 10.346385], [76.360079, 10.346447]]}, "properties": {"segment_id": "ORIG-SEG-566", "hazard_coefficient": 0, "is_critical": false}}, {"type": "Feature", "id": "ORIG-SEG-567", "geometry": {"type": "LineString", "coordinates": [[76.360079, 10.346447], [76.360363, 10.346491]]}, "properties": {"segment_id": "ORIG-SEG-567", "hazard_coefficient": 0, "is_critical": false}}, {"type": "Feature", "id": "ORIG-SEG-568", "geometry": {"type": "LineString", "coordinates": [[76.360363, 10.346491], [76.360404, 10.346497]]}, "properties": {"segment_id": "ORIG-SEG-568", "hazard_coefficient": 0, "is_critical": false}}, {"type": "Feature", "id": "ORIG-SEG-569", "geometry": {"type": "LineString", "coordinates": [[76.360404, 10.346497], [76.360818, 10.346537]]}, "properties": {"segment_id": "ORIG-SEG-569", "hazard_coefficient": 0, "is_critical": false}}, {"type": "Feature", "id": "ORIG-SEG-570", "geometry": {"type": "LineString", "coordinates": [[76.360818, 10.346537], [76.361259, 10.346579]]}, "properties": {"segment_id": "ORIG-SEG-570", "hazard_coefficient": 0, "is_critical": false}}, {"type": "Feature", "id": "ORIG-SEG-571", "geometry": {"type": "LineString", "coordinates": [[76.361259, 10.346579], [76.362228, 10.346624]]}, "properties": {"segment_id": "ORIG-SEG-571", "hazard_coefficient": 0, "is_critical": false}}, {"type": "Feature", "id": "ORIG-SEG-572", "geometry": {"type": "LineString", "coordinates": [[76.362228, 10.346624], [76.362423, 10.346633]]}, "properties": {"segment_id": "ORIG-SEG-572", "hazard_coefficient": 0, "is_critical": false}}, {"type": "Feature", "id": "ORIG-SEG-573", "geometry": {"type": "LineString", "coordinates": [[76.362423, 10.346633], [76.362758, 10.346622]]}, "properties": {"segment_id": "ORIG-SEG-573", "hazard_coefficient": 0, "is_critical": false}}, {"type": "Feature", "id": "ORIG-SEG-574", "geometry": {"type": "LineString", "coordinates": [[76.362758, 10.346622], [76.362907, 10.346617]]}, "properties": {"segment_id": "ORIG-SEG-574", "hazard_coefficient": 0, "is_critical": false}}, {"type": "Feature", "id": "ORIG-SEG-575", "geometry": {"type": "LineString", "coordinates": [[76.362907, 10.346617], [76.363439, 10.346549]]}, "properties": {"segment_id": "ORIG-SEG-575", "hazard_coefficient": 0, "is_critical": false}}, {"type": "Feature", "id": "ORIG-SEG-576", "geometry": {"type": "LineString", "coordinates": [[76.363439, 10.346549], [76.363716, 10.346512]]}, "properties": {"segment_id": "ORIG-SEG-576", "hazard_coefficient": 0, "is_critical": false}}, {"type": "Feature", "id": "ORIG-SEG-577", "geometry": {"type": "LineString", "coordinates": [[76.363716, 10.346512], [76.364805, 10.346538]]}, "properties": {"segment_id": "ORIG-SEG-577", "hazard_coefficient": 0, "is_critical": false}}, {"type": "Feature", "id": "ORIG-SEG-578", "geometry": {"type": "LineString", "coordinates": [[76.364805, 10.346538], [76.365929, 10.346542]]}, "properties": {"segment_id": "ORIG-SEG-578", "hazard_coefficient": 0, "is_critical": false}}, {"type": "Feature", "id": "ORIG-SEG-579", "geometry": {"type": "LineString", "coordinates": [[76.365929, 10.346542], [76.367157, 10.34654]]}, "properties": {"segment_id": "ORIG-SEG-579", "hazard_coefficient": 0, "is_critical": false}}, {"type": "Feature", "id": "ORIG-SEG-580", "geometry": {"type": "LineString", "coordinates": [[76.367157, 10.34654], [76.367869, 10.346645]]}, "properties": {"segment_id": "ORIG-SEG-580", "hazard_coefficient": 0, "is_critical": false}}, {"type": "Feature", "id": "ORIG-SEG-581", "geometry": {"type": "LineString", "coordinates": [[76.367869, 10.346645], [76.368643, 10.346743]]}, "properties": {"segment_id": "ORIG-SEG-581", "hazard_coefficient": 0, "is_critical": false}}, {"type": "Feature", "id": "ORIG-SEG-582", "geometry": {"type": "LineString", "coordinates": [[76.368643, 10.346743], [76.369733, 10.346893]]}, "properties": {"segment_id": "ORIG-SEG-582", "hazard_coefficient": 0, "is_critical": false}}, {"type": "Feature", "id": "ORIG-SEG-583", "geometry": {"type": "LineString", "coordinates": [[76.369733, 10.346893], [76.370175, 10.346943]]}, "properties": {"segment_id": "ORIG-SEG-583", "hazard_coefficient": 0, "is_critical": false}}, {"type": "Feature", "id": "ORIG-SEG-584", "geometry": {"type": "LineString", "coordinates": [[76.370175, 10.346943], [76.370789, 10.346988]]}, "properties": {"segment_id": "ORIG-SEG-584", "hazard_coefficient": 0, "is_critical": false}}, {"type": "Feature", "id": "ORIG-SEG-585", "geometry": {"type": "LineString", "coordinates": [[76.370789, 10.346988], [76.371411, 10.347068]]}, "properties": {"segment_id": "ORIG-SEG-585", "hazard_coefficient": 0, "is_critical": false}}, {"type": "Feature", "id": "ORIG-SEG-586", "geometry": {"type": "LineString", "coordinates": [[76.371411, 10.347068], [76.371524, 10.347059]]}, "properties": {"segment_id": "ORIG-SEG-586", "hazard_coefficient": 0, "is_critical": false}}, {"type": "Feature", "id": "ORIG-SEG-587", "geometry": {"type": "LineString", "coordinates": [[76.371524, 10.347059], [76.371734, 10.346996]]}, "properties": {"segment_id": "ORIG-SEG-587", "hazard_coefficient": 0, "is_critical": false}}, {"type": "Feature", "id": "ORIG-SEG-588", "geometry": {"type": "LineString", "coordinates": [[76.371734, 10.346996], [76.372136, 10.346861]]}, "properties": {"segment_id": "ORIG-SEG-588", "hazard_coefficient": 0, "is_critical": false}}, {"type": "Feature", "id": "ORIG-SEG-589", "geometry": {"type": "LineString", "coordinates": [[76.372136, 10.346861], [76.372815, 10.346653]]}, "properties": {"segment_id": "ORIG-SEG-589", "hazard_coefficient": 0, "is_critical": false}}, {"type": "Feature", "id": "ORIG-SEG-590", "geometry": {"type": "LineString", "coordinates": [[76.372815, 10.346653], [76.373228, 10.346558]]}, "properties": {"segment_id": "ORIG-SEG-590", "hazard_coefficient": 0, "is_critical": false}}, {"type": "Feature", "id": "ORIG-SEG-591", "geometry": {"type": "LineString", "coordinates": [[76.373228, 10.346558], [76.37355, 10.346481]]}, "properties": {"segment_id": "ORIG-SEG-591", "hazard_coefficient": 0, "is_critical": false}}, {"type": "Feature", "id": "ORIG-SEG-592", "geometry": {"type": "LineString", "coordinates": [[76.37355, 10.346481], [76.374076, 10.34632]]}, "properties": {"segment_id": "ORIG-SEG-592", "hazard_coefficient": 0, "is_critical": false}}, {"type": "Feature", "id": "ORIG-SEG-593", "geometry": {"type": "LineString", "coordinates": [[76.374076, 10.34632], [76.374539, 10.346178]]}, "properties": {"segment_id": "ORIG-SEG-593", "hazard_coefficient": 0, "is_critical": false}}, {"type": "Feature", "id": "ORIG-SEG-594", "geometry": {"type": "LineString", "coordinates": [[76.374539, 10.346178], [76.374703, 10.346151]]}, "properties": {"segment_id": "ORIG-SEG-594", "hazard_coefficient": 0, "is_critical": false}}, {"type": "Feature", "id": "ORIG-SEG-595", "geometry": {"type": "LineString", "coordinates": [[76.374703, 10.346151], [76.374921, 10.346143]]}, "properties": {"segment_id": "ORIG-SEG-595", "hazard_coefficient": 0, "is_critical": false}}, {"type": "Feature", "id": "ORIG-SEG-596", "geometry": {"type": "LineString", "coordinates": [[76.374921, 10.346143], [76.37565, 10.346262]]}, "properties": {"segment_id": "ORIG-SEG-596", "hazard_coefficient": 0, "is_critical": false}}, {"type": "Feature", "id": "ORIG-SEG-597", "geometry": {"type": "LineString", "coordinates": [[76.37565, 10.346262], [76.376926, 10.346455]]}, "properties": {"segment_id": "ORIG-SEG-597", "hazard_coefficient": 0, "is_critical": false}}, {"type": "Feature", "id": "ORIG-SEG-598", "geometry": {"type": "LineString", "coordinates": [[76.376926, 10.346455], [76.377797, 10.346621]]}, "properties": {"segment_id": "ORIG-SEG-598", "hazard_coefficient": 0, "is_critical": false}}, {"type": "Feature", "id": "ORIG-SEG-599", "geometry": {"type": "LineString", "coordinates": [[76.377797, 10.346621], [76.378212, 10.346721]]}, "properties": {"segment_id": "ORIG-SEG-599", "hazard_coefficient": 0, "is_critical": false}}, {"type": "Feature", "id": "ORIG-SEG-600", "geometry": {"type": "LineString", "coordinates": [[76.378212, 10.346721], [76.378249, 10.346736]]}, "properties": {"segment_id": "ORIG-SEG-600", "hazard_coefficient": 0, "is_critical": false}}, {"type": "Feature", "id": "ORIG-SEG-601", "geometry": {"type": "LineString", "coordinates": [[76.378249, 10.346736], [76.378525, 10.346847]]}, "properties": {"segment_id": "ORIG-SEG-601", "hazard_coefficient": 0, "is_critical": false}}, {"type": "Feature", "id": "ORIG-SEG-602", "geometry": {"type": "LineString", "coordinates": [[76.378525, 10.346847], [76.378763, 10.346911]]}, "properties": {"segment_id": "ORIG-SEG-602", "hazard_coefficient": 0, "is_critical": false}}, {"type": "Feature", "id": "ORIG-SEG-603", "geometry": {"type": "LineString", "coordinates": [[76.378763, 10.346911], [76.378958, 10.346905]]}, "properties": {"segment_id": "ORIG-SEG-603", "hazard_coefficient": 0, "is_critical": false}}, {"type": "Feature", "id": "ORIG-SEG-604", "geometry": {"type": "LineString", "coordinates": [[76.378958, 10.346905], [76.37924, 10.346829]]}, "properties": {"segment_id": "ORIG-SEG-604", "hazard_coefficient": 0, "is_critical": false}}, {"type": "Feature", "id": "ORIG-SEG-605", "geometry": {"type": "LineString", "coordinates": [[76.37924, 10.346829], [76.379765, 10.346795]]}, "properties": {"segment_id": "ORIG-SEG-605", "hazard_coefficient": 0, "is_critical": false}}, {"type": "Feature", "id": "ORIG-SEG-606", "geometry": {"type": "LineString", "coordinates": [[76.379765, 10.346795], [76.380208, 10.346772]]}, "properties": {"segment_id": "ORIG-SEG-606", "hazard_coefficient": 0, "is_critical": false}}, {"type": "Feature", "id": "ORIG-SEG-607", "geometry": {"type": "LineString", "coordinates": [[76.380208, 10.346772], [76.380901, 10.346827]]}, "properties": {"segment_id": "ORIG-SEG-607", "hazard_coefficient": 0, "is_critical": false}}, {"type": "Feature", "id": "ORIG-SEG-608", "geometry": {"type": "LineString", "coordinates": [[76.380901, 10.346827], [76.38096, 10.346832]]}, "properties": {"segment_id": "ORIG-SEG-608", "hazard_coefficient": 0, "is_critical": false}}, {"type": "Feature", "id": "ORIG-SEG-609", "geometry": {"type": "LineString", "coordinates": [[76.38096, 10.346832], [76.381433, 10.346921]]}, "properties": {"segment_id": "ORIG-SEG-609", "hazard_coefficient": 0, "is_critical": false}}, {"type": "Feature", "id": "ORIG-SEG-610", "geometry": {"type": "LineString", "coordinates": [[76.381433, 10.346921], [76.382343, 10.346996]]}, "properties": {"segment_id": "ORIG-SEG-610", "hazard_coefficient": 0, "is_critical": false}}, {"type": "Feature", "id": "ORIG-SEG-611", "geometry": {"type": "LineString", "coordinates": [[76.382343, 10.346996], [76.382413, 10.347003]]}, "properties": {"segment_id": "ORIG-SEG-611", "hazard_coefficient": 0, "is_critical": false}}, {"type": "Feature", "id": "ORIG-SEG-612", "geometry": {"type": "LineString", "coordinates": [[76.382413, 10.347003], [76.383427, 10.347113]]}, "properties": {"segment_id": "ORIG-SEG-612", "hazard_coefficient": 0, "is_critical": false}}, {"type": "Feature", "id": "ORIG-SEG-613", "geometry": {"type": "LineString", "coordinates": [[76.383427, 10.347113], [76.384398, 10.346961]]}, "properties": {"segment_id": "ORIG-SEG-613", "hazard_coefficient": 0, "is_critical": false}}, {"type": "Feature", "id": "ORIG-SEG-614", "geometry": {"type": "LineString", "coordinates": [[76.384398, 10.346961], [76.384955, 10.346892]]}, "properties": {"segment_id": "ORIG-SEG-614", "hazard_coefficient": 0, "is_critical": false}}, {"type": "Feature", "id": "ORIG-SEG-615", "geometry": {"type": "LineString", "coordinates": [[76.384955, 10.346892], [76.38526, 10.346931]]}, "properties": {"segment_id": "ORIG-SEG-615", "hazard_coefficient": 0, "is_critical": false}}, {"type": "Feature", "id": "ORIG-SEG-616", "geometry": {"type": "LineString", "coordinates": [[76.38526, 10.346931], [76.385504, 10.346953]]}, "properties": {"segment_id": "ORIG-SEG-616", "hazard_coefficient": 0, "is_critical": false}}, {"type": "Feature", "id": "ORIG-SEG-617", "geometry": {"type": "LineString", "coordinates": [[76.385504, 10.346953], [76.388699, 10.345584]]}, "properties": {"segment_id": "ORIG-SEG-617", "hazard_coefficient": 0, "is_critical": false}}, {"type": "Feature", "id": "ORIG-SEG-618", "geometry": {"type": "LineString", "coordinates": [[76.388699, 10.345584], [76.391069, 10.344799]]}, "properties": {"segment_id": "ORIG-SEG-618", "hazard_coefficient": 0, "is_critical": false}}, {"type": "Feature", "id": "ORIG-SEG-619", "geometry": {"type": "LineString", "coordinates": [[76.391069, 10.344799], [76.391393, 10.344527]]}, "properties": {"segment_id": "ORIG-SEG-619", "hazard_coefficient": 0, "is_critical": false}}, {"type": "Feature", "id": "ORIG-SEG-620", "geometry": {"type": "LineString", "coordinates": [[76.391393, 10.344527], [76.39178, 10.344202]]}, "properties": {"segment_id": "ORIG-SEG-620", "hazard_coefficient": 0, "is_critical": false}}, {"type": "Feature", "id": "ORIG-SEG-621", "geometry": {"type": "LineString", "coordinates": [[76.39178, 10.344202], [76.392378, 10.344063]]}, "properties": {"segment_id": "ORIG-SEG-621", "hazard_coefficient": 0, "is_critical": false}}, {"type": "Feature", "id": "ORIG-SEG-622", "geometry": {"type": "LineString", "coordinates": [[76.392378, 10.344063], [76.393281, 10.343854]]}, "properties": {"segment_id": "ORIG-SEG-622", "hazard_coefficient": 0, "is_critical": false}}, {"type": "Feature", "id": "ORIG-SEG-623", "geometry": {"type": "LineString", "coordinates": [[76.393281, 10.343854], [76.395269, 10.343393]]}, "properties": {"segment_id": "ORIG-SEG-623", "hazard_coefficient": 0, "is_critical": false}}, {"type": "Feature", "id": "ORIG-SEG-624", "geometry": {"type": "LineString", "coordinates": [[76.395269, 10.343393], [76.395335, 10.343388]]}, "properties": {"segment_id": "ORIG-SEG-624", "hazard_coefficient": 0, "is_critical": false}}, {"type": "Feature", "id": "ORIG-SEG-625", "geometry": {"type": "LineString", "coordinates": [[76.395335, 10.343388], [76.395801, 10.343349]]}, "properties": {"segment_id": "ORIG-SEG-625", "hazard_coefficient": 0, "is_critical": false}}, {"type": "Feature", "id": "ORIG-SEG-626", "geometry": {"type": "LineString", "coordinates": [[76.395801, 10.343349], [76.395954, 10.343336]]}, "properties": {"segment_id": "ORIG-SEG-626", "hazard_coefficient": 0, "is_critical": false}}, {"type": "Feature", "id": "ORIG-SEG-627", "geometry": {"type": "LineString", "coordinates": [[76.395954, 10.343336], [76.396321, 10.343361]]}, "properties": {"segment_id": "ORIG-SEG-627", "hazard_coefficient": 0, "is_critical": false}}, {"type": "Feature", "id": "ORIG-SEG-628", "geometry": {"type": "LineString", "coordinates": [[76.396321, 10.343361], [76.397458, 10.343464]]}, "properties": {"segment_id": "ORIG-SEG-628", "hazard_coefficient": 0, "is_critical": false}}, {"type": "Feature", "id": "ORIG-SEG-629", "geometry": {"type": "LineString", "coordinates": [[76.397458, 10.343464], [76.39946, 10.343646]]}, "properties": {"segment_id": "ORIG-SEG-629", "hazard_coefficient": 0, "is_critical": false}}, {"type": "Feature", "id": "ORIG-SEG-630", "geometry": {"type": "LineString", "coordinates": [[76.39946, 10.343646], [76.399677, 10.343648]]}, "properties": {"segment_id": "ORIG-SEG-630", "hazard_coefficient": 0, "is_critical": false}}, {"type": "Feature", "id": "ORIG-SEG-631", "geometry": {"type": "LineString", "coordinates": [[76.399677, 10.343648], [76.400787, 10.343661]]}, "properties": {"segment_id": "ORIG-SEG-631", "hazard_coefficient": 0, "is_critical": false}}, {"type": "Feature", "id": "ORIG-SEG-632", "geometry": {"type": "LineString", "coordinates": [[76.400787, 10.343661], [76.401994, 10.34389]]}, "properties": {"segment_id": "ORIG-SEG-632", "hazard_coefficient": 0, "is_critical": false}}, {"type": "Feature", "id": "ORIG-SEG-633", "geometry": {"type": "LineString", "coordinates": [[76.401994, 10.34389], [76.402875, 10.343867]]}, "properties": {"segment_id": "ORIG-SEG-633", "hazard_coefficient": 0, "is_critical": false}}, {"type": "Feature", "id": "ORIG-SEG-634", "geometry": {"type": "LineString", "coordinates": [[76.402875, 10.343867], [76.403773, 10.343687]]}, "properties": {"segment_id": "ORIG-SEG-634", "hazard_coefficient": 0, "is_critical": false}}, {"type": "Feature", "id": "ORIG-SEG-635", "geometry": {"type": "LineString", "coordinates": [[76.403773, 10.343687], [76.403903, 10.343736]]}, "properties": {"segment_id": "ORIG-SEG-635", "hazard_coefficient": 0, "is_critical": false}}, {"type": "Feature", "id": "ORIG-SEG-636", "geometry": {"type": "LineString", "coordinates": [[76.403903, 10.343736], [76.404162, 10.343953]]}, "properties": {"segment_id": "ORIG-SEG-636", "hazard_coefficient": 0, "is_critical": false}}, {"type": "Feature", "id": "ORIG-SEG-637", "geometry": {"type": "LineString", "coordinates": [[76.404162, 10.343953], [76.404446, 10.344108]]}, "properties": {"segment_id": "ORIG-SEG-637", "hazard_coefficient": 0, "is_critical": false}}, {"type": "Feature", "id": "ORIG-SEG-638", "geometry": {"type": "LineString", "coordinates": [[76.404446, 10.344108], [76.404628, 10.344151]]}, "properties": {"segment_id": "ORIG-SEG-638", "hazard_coefficient": 0, "is_critical": false}}, {"type": "Feature", "id": "ORIG-SEG-639", "geometry": {"type": "LineString", "coordinates": [[76.404628, 10.344151], [76.405713, 10.344263]]}, "properties": {"segment_id": "ORIG-SEG-639", "hazard_coefficient": 0, "is_critical": false}}, {"type": "Feature", "id": "ORIG-SEG-640", "geometry": {"type": "LineString", "coordinates": [[76.405713, 10.344263], [76.407364, 10.344727]]}, "properties": {"segment_id": "ORIG-SEG-640", "hazard_coefficient": 0, "is_critical": false}}, {"type": "Feature", "id": "ORIG-SEG-641", "geometry": {"type": "LineString", "coordinates": [[76.407364, 10.344727], [76.408078, 10.344696]]}, "properties": {"segment_id": "ORIG-SEG-641", "hazard_coefficient": 0, "is_critical": false}}, {"type": "Feature", "id": "ORIG-SEG-642", "geometry": {"type": "LineString", "coordinates": [[76.408078, 10.344696], [76.40887, 10.344552]]}, "properties": {"segment_id": "ORIG-SEG-642", "hazard_coefficient": 0, "is_critical": false}}, {"type": "Feature", "id": "ORIG-SEG-643", "geometry": {"type": "LineString", "coordinates": [[76.40887, 10.344552], [76.409715, 10.344427]]}, "properties": {"segment_id": "ORIG-SEG-643", "hazard_coefficient": 0, "is_critical": false}}, {"type": "Feature", "id": "ORIG-SEG-644", "geometry": {"type": "LineString", "coordinates": [[76.409715, 10.344427], [76.41062, 10.34444]]}, "properties": {"segment_id": "ORIG-SEG-644", "hazard_coefficient": 0, "is_critical": false}}, {"type": "Feature", "id": "ORIG-SEG-645", "geometry": {"type": "LineString", "coordinates": [[76.41062, 10.34444], [76.411049, 10.344487]]}, "properties": {"segment_id": "ORIG-SEG-645", "hazard_coefficient": 0, "is_critical": false}}, {"type": "Feature", "id": "ORIG-SEG-646", "geometry": {"type": "LineString", "coordinates": [[76.411049, 10.344487], [76.411746, 10.344711]]}, "properties": {"segment_id": "ORIG-SEG-646", "hazard_coefficient": 0, "is_critical": false}}, {"type": "Feature", "id": "ORIG-SEG-647", "geometry": {"type": "LineString", "coordinates": [[76.411746, 10.344711], [76.411925, 10.344758]]}, "properties": {"segment_id": "ORIG-SEG-647", "hazard_coefficient": 0, "is_critical": false}}, {"type": "Feature", "id": "ORIG-SEG-648", "geometry": {"type": "LineString", "coordinates": [[76.411925, 10.344758], [76.412971, 10.345032]]}, "properties": {"segment_id": "ORIG-SEG-648", "hazard_coefficient": 0, "is_critical": false}}, {"type": "Feature", "id": "ORIG-SEG-649", "geometry": {"type": "LineString", "coordinates": [[76.412971, 10.345032], [76.413434, 10.345504]]}, "properties": {"segment_id": "ORIG-SEG-649", "hazard_coefficient": 0, "is_critical": false}}, {"type": "Feature", "id": "ORIG-SEG-650", "geometry": {"type": "LineString", "coordinates": [[76.413434, 10.345504], [76.413683, 10.345757]]}, "properties": {"segment_id": "ORIG-SEG-650", "hazard_coefficient": 0, "is_critical": false}}, {"type": "Feature", "id": "ORIG-SEG-651", "geometry": {"type": "LineString", "coordinates": [[76.413683, 10.345757], [76.413829, 10.345906]]}, "properties": {"segment_id": "ORIG-SEG-651", "hazard_coefficient": 0, "is_critical": false}}, {"type": "Feature", "id": "ORIG-SEG-652", "geometry": {"type": "LineString", "coordinates": [[76.413829, 10.345906], [76.414185, 10.346617]]}, "properties": {"segment_id": "ORIG-SEG-652", "hazard_coefficient": 0, "is_critical": false}}, {"type": "Feature", "id": "ORIG-SEG-653", "geometry": {"type": "LineString", "coordinates": [[76.414185, 10.346617], [76.414234, 10.346716]]}, "properties": {"segment_id": "ORIG-SEG-653", "hazard_coefficient": 0, "is_critical": false}}, {"type": "Feature", "id": "ORIG-SEG-654", "geometry": {"type": "LineString", "coordinates": [[76.414234, 10.346716], [76.414159, 10.347036]]}, "properties": {"segment_id": "ORIG-SEG-654", "hazard_coefficient": 0, "is_critical": false}}, {"type": "Feature", "id": "ORIG-SEG-655", "geometry": {"type": "LineString", "coordinates": [[76.414159, 10.347036], [76.414099, 10.347291]]}, "properties": {"segment_id": "ORIG-SEG-655", "hazard_coefficient": 0, "is_critical": false}}, {"type": "Feature", "id": "ORIG-SEG-656", "geometry": {"type": "LineString", "coordinates": [[76.414099, 10.347291], [76.41353, 10.348268]]}, "properties": {"segment_id": "ORIG-SEG-656", "hazard_coefficient": 0, "is_critical": false}}, {"type": "Feature", "id": "ORIG-SEG-657", "geometry": {"type": "LineString", "coordinates": [[76.41353, 10.348268], [76.413817, 10.348913]]}, "properties": {"segment_id": "ORIG-SEG-657", "hazard_coefficient": 0, "is_critical": false}}, {"type": "Feature", "id": "ORIG-SEG-658", "geometry": {"type": "LineString", "coordinates": [[76.413817, 10.348913], [76.413997, 10.349459]]}, "properties": {"segment_id": "ORIG-SEG-658", "hazard_coefficient": 0, "is_critical": false}}, {"type": "Feature", "id": "ORIG-SEG-659", "geometry": {"type": "LineString", "coordinates": [[76.413997, 10.349459], [76.413609, 10.350386]]}, "properties": {"segment_id": "ORIG-SEG-659", "hazard_coefficient": 0, "is_critical": false}}, {"type": "Feature", "id": "ORIG-SEG-660", "geometry": {"type": "LineString", "coordinates": [[76.413609, 10.350386], [76.41351, 10.350748]]}, "properties": {"segment_id": "ORIG-SEG-660", "hazard_coefficient": 0, "is_critical": false}}, {"type": "Feature", "id": "ORIG-SEG-661", "geometry": {"type": "LineString", "coordinates": [[76.41351, 10.350748], [76.413453, 10.350958]]}, "properties": {"segment_id": "ORIG-SEG-661", "hazard_coefficient": 0, "is_critical": false}}, {"type": "Feature", "id": "ORIG-SEG-662", "geometry": {"type": "LineString", "coordinates": [[76.413453, 10.350958], [76.413377, 10.351233]]}, "properties": {"segment_id": "ORIG-SEG-662", "hazard_coefficient": 0, "is_critical": false}}, {"type": "Feature", "id": "ORIG-SEG-663", "geometry": {"type": "LineString", "coordinates": [[76.413377, 10.351233], [76.412562, 10.352735]]}, "properties": {"segment_id": "ORIG-SEG-663", "hazard_coefficient": 0, "is_critical": false}}, {"type": "Feature", "id": "ORIG-SEG-664", "geometry": {"type": "LineString", "coordinates": [[76.412562, 10.352735], [76.412551, 10.352754]]}, "properties": {"segment_id": "ORIG-SEG-664", "hazard_coefficient": 0, "is_critical": false}}, {"type": "Feature", "id": "ORIG-SEG-665", "geometry": {"type": "LineString", "coordinates": [[76.412551, 10.352754], [76.412423, 10.352976]]}, "properties": {"segment_id": "ORIG-SEG-665", "hazard_coefficient": 0, "is_critical": false}}, {"type": "Feature", "id": "ORIG-SEG-666", "geometry": {"type": "LineString", "coordinates": [[76.412423, 10.352976], [76.41242, 10.35298]]}, "properties": {"segment_id": "ORIG-SEG-666", "hazard_coefficient": 0, "is_critical": false}}, {"type": "Feature", "id": "ORIG-SEG-667", "geometry": {"type": "LineString", "coordinates": [[76.41242, 10.35298], [76.411995, 10.353953]]}, "properties": {"segment_id": "ORIG-SEG-667", "hazard_coefficient": 0, "is_critical": false}}, {"type": "Feature", "id": "ORIG-SEG-668", "geometry": {"type": "LineString", "coordinates": [[76.411995, 10.353953], [76.411759, 10.354452]]}, "properties": {"segment_id": "ORIG-SEG-668", "hazard_coefficient": 0, "is_critical": false}}, {"type": "Feature", "id": "ORIG-SEG-669", "geometry": {"type": "LineString", "coordinates": [[76.411759, 10.354452], [76.41238, 10.356685]]}, "properties": {"segment_id": "ORIG-SEG-669", "hazard_coefficient": 0, "is_critical": false}}, {"type": "Feature", "id": "ORIG-SEG-670", "geometry": {"type": "LineString", "coordinates": [[76.41238, 10.356685], [76.412407, 10.356814]]}, "properties": {"segment_id": "ORIG-SEG-670", "hazard_coefficient": 0, "is_critical": false}}, {"type": "Feature", "id": "ORIG-SEG-671", "geometry": {"type": "LineString", "coordinates": [[76.412407, 10.356814], [76.412579, 10.357588]]}, "properties": {"segment_id": "ORIG-SEG-671", "hazard_coefficient": 0, "is_critical": false}}, {"type": "Feature", "id": "ORIG-SEG-672", "geometry": {"type": "LineString", "coordinates": [[76.412579, 10.357588], [76.412704, 10.358146]]}, "properties": {"segment_id": "ORIG-SEG-672", "hazard_coefficient": 0, "is_critical": false}}, {"type": "Feature", "id": "ORIG-SEG-673", "geometry": {"type": "LineString", "coordinates": [[76.412704, 10.358146], [76.412537, 10.358488]]}, "properties": {"segment_id": "ORIG-SEG-673", "hazard_coefficient": 0, "is_critical": false}}, {"type": "Feature", "id": "ORIG-SEG-674", "geometry": {"type": "LineString", "coordinates": [[76.412537, 10.358488], [76.412516, 10.358531]]}, "properties": {"segment_id": "ORIG-SEG-674", "hazard_coefficient": 0, "is_critical": false}}, {"type": "Feature", "id": "ORIG-SEG-675", "geometry": {"type": "LineString", "coordinates": [[76.412516, 10.358531], [76.412499, 10.358567]]}, "properties": {"segment_id": "ORIG-SEG-675", "hazard_coefficient": 0, "is_critical": false}}, {"type": "Feature", "id": "ORIG-SEG-676", "geometry": {"type": "LineString", "coordinates": [[76.412499, 10.358567], [76.412189, 10.359]]}, "properties": {"segment_id": "ORIG-SEG-676", "hazard_coefficient": 0, "is_critical": false}}, {"type": "Feature", "id": "ORIG-SEG-677", "geometry": {"type": "LineString", "coordinates": [[76.412189, 10.359], [76.412014, 10.359299]]}, "properties": {"segment_id": "ORIG-SEG-677", "hazard_coefficient": 0, "is_critical": false}}, {"type": "Feature", "id": "ORIG-SEG-678", "geometry": {"type": "LineString", "coordinates": [[76.412014, 10.359299], [76.411964, 10.359378]]}, "properties": {"segment_id": "ORIG-SEG-678", "hazard_coefficient": 0, "is_critical": false}}, {"type": "Feature", "id": "ORIG-SEG-679", "geometry": {"type": "LineString", "coordinates": [[76.411964, 10.359378], [76.411833, 10.359587]]}, "properties": {"segment_id": "ORIG-SEG-679", "hazard_coefficient": 0, "is_critical": false}}, {"type": "Feature", "id": "ORIG-SEG-680", "geometry": {"type": "LineString", "coordinates": [[76.411833, 10.359587], [76.411668, 10.359811]]}, "properties": {"segment_id": "ORIG-SEG-680", "hazard_coefficient": 0, "is_critical": false}}, {"type": "Feature", "id": "ORIG-SEG-681", "geometry": {"type": "LineString", "coordinates": [[76.411668, 10.359811], [76.411484, 10.360061]]}, "properties": {"segment_id": "ORIG-SEG-681", "hazard_coefficient": 0, "is_critical": false}}, {"type": "Feature", "id": "ORIG-SEG-682", "geometry": {"type": "LineString", "coordinates": [[76.411484, 10.360061], [76.411322, 10.360277]]}, "properties": {"segment_id": "ORIG-SEG-682", "hazard_coefficient": 0, "is_critical": false}}, {"type": "Feature", "id": "ORIG-SEG-683", "geometry": {"type": "LineString", "coordinates": [[76.411322, 10.360277], [76.411137, 10.360526]]}, "properties": {"segment_id": "ORIG-SEG-683", "hazard_coefficient": 0, "is_critical": false}}, {"type": "Feature", "id": "ORIG-SEG-684", "geometry": {"type": "LineString", "coordinates": [[76.411137, 10.360526], [76.410888, 10.36079]]}, "properties": {"segment_id": "ORIG-SEG-684", "hazard_coefficient": 0, "is_critical": false}}, {"type": "Feature", "id": "ORIG-SEG-685", "geometry": {"type": "LineString", "coordinates": [[76.410888, 10.36079], [76.410736, 10.360967]]}, "properties": {"segment_id": "ORIG-SEG-685", "hazard_coefficient": 0, "is_critical": false}}, {"type": "Feature", "id": "ORIG-SEG-686", "geometry": {"type": "LineString", "coordinates": [[76.410736, 10.360967], [76.410619, 10.36113]]}, "properties": {"segment_id": "ORIG-SEG-686", "hazard_coefficient": 0, "is_critical": false}}, {"type": "Feature", "id": "ORIG-SEG-687", "geometry": {"type": "LineString", "coordinates": [[76.410619, 10.36113], [76.41045, 10.361424]]}, "properties": {"segment_id": "ORIG-SEG-687", "hazard_coefficient": 0, "is_critical": false}}, {"type": "Feature", "id": "ORIG-SEG-688", "geometry": {"type": "LineString", "coordinates": [[76.41045, 10.361424], [76.410295, 10.361756]]}, "properties": {"segment_id": "ORIG-SEG-688", "hazard_coefficient": 0, "is_critical": false}}, {"type": "Feature", "id": "ORIG-SEG-689", "geometry": {"type": "LineString", "coordinates": [[76.410295, 10.361756], [76.410141, 10.362033]]}, "properties": {"segment_id": "ORIG-SEG-689", "hazard_coefficient": 0, "is_critical": false}}, {"type": "Feature", "id": "ORIG-SEG-690", "geometry": {"type": "LineString", "coordinates": [[76.410141, 10.362033], [76.410025, 10.362262]]}, "properties": {"segment_id": "ORIG-SEG-690", "hazard_coefficient": 0, "is_critical": false}}, {"type": "Feature", "id": "ORIG-SEG-691", "geometry": {"type": "LineString", "coordinates": [[76.410025, 10.362262], [76.409897, 10.362331]]}, "properties": {"segment_id": "ORIG-SEG-691", "hazard_coefficient": 0, "is_critical": false}}, {"type": "Feature", "id": "ORIG-SEG-692", "geometry": {"type": "LineString", "coordinates": [[76.409897, 10.362331], [76.409775, 10.362373]]}, "properties": {"segment_id": "ORIG-SEG-692", "hazard_coefficient": 0, "is_critical": false}}, {"type": "Feature", "id": "ORIG-SEG-693", "geometry": {"type": "LineString", "coordinates": [[76.409775, 10.362373], [76.40946, 10.36246]]}, "properties": {"segment_id": "ORIG-SEG-693", "hazard_coefficient": 0, "is_critical": false}}, {"type": "Feature", "id": "ORIG-SEG-694", "geometry": {"type": "LineString", "coordinates": [[76.40946, 10.36246], [76.409164, 10.362545]]}, "properties": {"segment_id": "ORIG-SEG-694", "hazard_coefficient": 0, "is_critical": false}}, {"type": "Feature", "id": "ORIG-SEG-695", "geometry": {"type": "LineString", "coordinates": [[76.409164, 10.362545], [76.409044, 10.362594]]}, "properties": {"segment_id": "ORIG-SEG-695", "hazard_coefficient": 0, "is_critical": false}}, {"type": "Feature", "id": "ORIG-SEG-696", "geometry": {"type": "LineString", "coordinates": [[76.409044, 10.362594], [76.408924, 10.362676]]}, "properties": {"segment_id": "ORIG-SEG-696", "hazard_coefficient": 0, "is_critical": false}}, {"type": "Feature", "id": "ORIG-SEG-697", "geometry": {"type": "LineString", "coordinates": [[76.408924, 10.362676], [76.408805, 10.362777]]}, "properties": {"segment_id": "ORIG-SEG-697", "hazard_coefficient": 0, "is_critical": false}}, {"type": "Feature", "id": "ORIG-SEG-698", "geometry": {"type": "LineString", "coordinates": [[76.408805, 10.362777], [76.408692, 10.362891]]}, "properties": {"segment_id": "ORIG-SEG-698", "hazard_coefficient": 0, "is_critical": false}}, {"type": "Feature", "id": "ORIG-SEG-699", "geometry": {"type": "LineString", "coordinates": [[76.408692, 10.362891], [76.408529, 10.363048]]}, "properties": {"segment_id": "ORIG-SEG-699", "hazard_coefficient": 0, "is_critical": false}}, {"type": "Feature", "id": "ORIG-SEG-700", "geometry": {"type": "LineString", "coordinates": [[76.408529, 10.363048], [76.408353, 10.363231]]}, "properties": {"segment_id": "ORIG-SEG-700", "hazard_coefficient": 0, "is_critical": false}}, {"type": "Feature", "id": "ORIG-SEG-701", "geometry": {"type": "LineString", "coordinates": [[76.408353, 10.363231], [76.40832, 10.363265]]}, "properties": {"segment_id": "ORIG-SEG-701", "hazard_coefficient": 0, "is_critical": false}}, {"type": "Feature", "id": "ORIG-SEG-702", "geometry": {"type": "LineString", "coordinates": [[76.40832, 10.363265], [76.408108, 10.363481]]}, "properties": {"segment_id": "ORIG-SEG-702", "hazard_coefficient": 0, "is_critical": false}}, {"type": "Feature", "id": "ORIG-SEG-703", "geometry": {"type": "LineString", "coordinates": [[76.408108, 10.363481], [76.407929, 10.363634]]}, "properties": {"segment_id": "ORIG-SEG-703", "hazard_coefficient": 0, "is_critical": false}}, {"type": "Feature", "id": "ORIG-SEG-704", "geometry": {"type": "LineString", "coordinates": [[76.407929, 10.363634], [76.407712, 10.363818]]}, "properties": {"segment_id": "ORIG-SEG-704", "hazard_coefficient": 0, "is_critical": false}}, {"type": "Feature", "id": "ORIG-SEG-705", "geometry": {"type": "LineString", "coordinates": [[76.407712, 10.363818], [76.407687, 10.363839]]}, "properties": {"segment_id": "ORIG-SEG-705", "hazard_coefficient": 0, "is_critical": false}}, {"type": "Feature", "id": "ORIG-SEG-706", "geometry": {"type": "LineString", "coordinates": [[76.407687, 10.363839], [76.407453, 10.364023]]}, "properties": {"segment_id": "ORIG-SEG-706", "hazard_coefficient": 0, "is_critical": false}}, {"type": "Feature", "id": "ORIG-SEG-707", "geometry": {"type": "LineString", "coordinates": [[76.407453, 10.364023], [76.407326, 10.364119]]}, "properties": {"segment_id": "ORIG-SEG-707", "hazard_coefficient": 0, "is_critical": false}}, {"type": "Feature", "id": "ORIG-SEG-708", "geometry": {"type": "LineString", "coordinates": [[76.407326, 10.364119], [76.407171, 10.36424]]}, "properties": {"segment_id": "ORIG-SEG-708", "hazard_coefficient": 0, "is_critical": false}}, {"type": "Feature", "id": "ORIG-SEG-709", "geometry": {"type": "LineString", "coordinates": [[76.407171, 10.36424], [76.406921, 10.364448]]}, "properties": {"segment_id": "ORIG-SEG-709", "hazard_coefficient": 0, "is_critical": false}}, {"type": "Feature", "id": "ORIG-SEG-710", "geometry": {"type": "LineString", "coordinates": [[76.406921, 10.364448], [76.406766, 10.3646]]}, "properties": {"segment_id": "ORIG-SEG-710", "hazard_coefficient": 0, "is_critical": false}}, {"type": "Feature", "id": "ORIG-SEG-711", "geometry": {"type": "LineString", "coordinates": [[76.406766, 10.3646], [76.406549, 10.364836]]}, "properties": {"segment_id": "ORIG-SEG-711", "hazard_coefficient": 0, "is_critical": false}}, {"type": "Feature", "id": "ORIG-SEG-712", "geometry": {"type": "LineString", "coordinates": [[76.406549, 10.364836], [76.406393, 10.365003]]}, "properties": {"segment_id": "ORIG-SEG-712", "hazard_coefficient": 0, "is_critical": false}}, {"type": "Feature", "id": "ORIG-SEG-713", "geometry": {"type": "LineString", "coordinates": [[76.406393, 10.365003], [76.406346, 10.365054]]}, "properties": {"segment_id": "ORIG-SEG-713", "hazard_coefficient": 0, "is_critical": false}}, {"type": "Feature", "id": "ORIG-SEG-714", "geometry": {"type": "LineString", "coordinates": [[76.406346, 10.365054], [76.406223, 10.365177]]}, "properties": {"segment_id": "ORIG-SEG-714", "hazard_coefficient": 0, "is_critical": false}}, {"type": "Feature", "id": "ORIG-SEG-715", "geometry": {"type": "LineString", "coordinates": [[76.406223, 10.365177], [76.40598, 10.365401]]}, "properties": {"segment_id": "ORIG-SEG-715", "hazard_coefficient": 0, "is_critical": false}}, {"type": "Feature", "id": "ORIG-SEG-716", "geometry": {"type": "LineString", "coordinates": [[76.40598, 10.365401], [76.405915, 10.365457]]}, "properties": {"segment_id": "ORIG-SEG-716", "hazard_coefficient": 0, "is_critical": false}}, {"type": "Feature", "id": "ORIG-SEG-717", "geometry": {"type": "LineString", "coordinates": [[76.405915, 10.365457], [76.405725, 10.365621]]}, "properties": {"segment_id": "ORIG-SEG-717", "hazard_coefficient": 0, "is_critical": false}}, {"type": "Feature", "id": "ORIG-SEG-718", "geometry": {"type": "LineString", "coordinates": [[76.405725, 10.365621], [76.40571, 10.365633]]}, "properties": {"segment_id": "ORIG-SEG-718", "hazard_coefficient": 0, "is_critical": false}}, {"type": "Feature", "id": "ORIG-SEG-719", "geometry": {"type": "LineString", "coordinates": [[76.40571, 10.365633], [76.405686, 10.365653]]}, "properties": {"segment_id": "ORIG-SEG-719", "hazard_coefficient": 0, "is_critical": false}}, {"type": "Feature", "id": "ORIG-SEG-720", "geometry": {"type": "LineString", "coordinates": [[76.405686, 10.365653], [76.40565, 10.365683]]}, "properties": {"segment_id": "ORIG-SEG-720", "hazard_coefficient": 0, "is_critical": false}}, {"type": "Feature", "id": "ORIG-SEG-721", "geometry": {"type": "LineString", "coordinates": [[76.40565, 10.365683], [76.405485, 10.365818]]}, "properties": {"segment_id": "ORIG-SEG-721", "hazard_coefficient": 0, "is_critical": false}}, {"type": "Feature", "id": "ORIG-SEG-722", "geometry": {"type": "LineString", "coordinates": [[76.405485, 10.365818], [76.405344, 10.365911]]}, "properties": {"segment_id": "ORIG-SEG-722", "hazard_coefficient": 0, "is_critical": false}}, {"type": "Feature", "id": "ORIG-SEG-723", "geometry": {"type": "LineString", "coordinates": [[76.405344, 10.365911], [76.405165, 10.366002]]}, "properties": {"segment_id": "ORIG-SEG-723", "hazard_coefficient": 0, "is_critical": false}}, {"type": "Feature", "id": "ORIG-SEG-724", "geometry": {"type": "LineString", "coordinates": [[76.405165, 10.366002], [76.404965, 10.366087]]}, "properties": {"segment_id": "ORIG-SEG-724", "hazard_coefficient": 0, "is_critical": false}}, {"type": "Feature", "id": "ORIG-SEG-725", "geometry": {"type": "LineString", "coordinates": [[76.404965, 10.366087], [76.404746, 10.366166]]}, "properties": {"segment_id": "ORIG-SEG-725", "hazard_coefficient": 0, "is_critical": false}}, {"type": "Feature", "id": "ORIG-SEG-726", "geometry": {"type": "LineString", "coordinates": [[76.404746, 10.366166], [76.404251, 10.366341]]}, "properties": {"segment_id": "ORIG-SEG-726", "hazard_coefficient": 0, "is_critical": false}}, {"type": "Feature", "id": "ORIG-SEG-727", "geometry": {"type": "LineString", "coordinates": [[76.404251, 10.366341], [76.403948, 10.366463]]}, "properties": {"segment_id": "ORIG-SEG-727", "hazard_coefficient": 0, "is_critical": false}}, {"type": "Feature", "id": "ORIG-SEG-728", "geometry": {"type": "LineString", "coordinates": [[76.403948, 10.366463], [76.403567, 10.366618]]}, "properties": {"segment_id": "ORIG-SEG-728", "hazard_coefficient": 0, "is_critical": false}}, {"type": "Feature", "id": "ORIG-SEG-729", "geometry": {"type": "LineString", "coordinates": [[76.403567, 10.366618], [76.403247, 10.36673]]}, "properties": {"segment_id": "ORIG-SEG-729", "hazard_coefficient": 0, "is_critical": false}}, {"type": "Feature", "id": "ORIG-SEG-730", "geometry": {"type": "LineString", "coordinates": [[76.403247, 10.36673], [76.402766, 10.366921]]}, "properties": {"segment_id": "ORIG-SEG-730", "hazard_coefficient": 0, "is_critical": false}}, {"type": "Feature", "id": "ORIG-SEG-731", "geometry": {"type": "LineString", "coordinates": [[76.402766, 10.366921], [76.402425, 10.367055]]}, "properties": {"segment_id": "ORIG-SEG-731", "hazard_coefficient": 0, "is_critical": false}}, {"type": "Feature", "id": "ORIG-SEG-732", "geometry": {"type": "LineString", "coordinates": [[76.402425, 10.367055], [76.402245, 10.367124]]}, "properties": {"segment_id": "ORIG-SEG-732", "hazard_coefficient": 0, "is_critical": false}}, {"type": "Feature", "id": "ORIG-SEG-733", "geometry": {"type": "LineString", "coordinates": [[76.402245, 10.367124], [76.402133, 10.367167]]}, "properties": {"segment_id": "ORIG-SEG-733", "hazard_coefficient": 0, "is_critical": false}}, {"type": "Feature", "id": "ORIG-SEG-734", "geometry": {"type": "LineString", "coordinates": [[76.402133, 10.367167], [76.401976, 10.367224]]}, "properties": {"segment_id": "ORIG-SEG-734", "hazard_coefficient": 0, "is_critical": false}}, {"type": "Feature", "id": "ORIG-SEG-735", "geometry": {"type": "LineString", "coordinates": [[76.401976, 10.367224], [76.401805, 10.367286]]}, "properties": {"segment_id": "ORIG-SEG-735", "hazard_coefficient": 0, "is_critical": false}}, {"type": "Feature", "id": "ORIG-SEG-736", "geometry": {"type": "LineString", "coordinates": [[76.401805, 10.367286], [76.401349, 10.36745]]}, "properties": {"segment_id": "ORIG-SEG-736", "hazard_coefficient": 0, "is_critical": false}}, {"type": "Feature", "id": "ORIG-SEG-737", "geometry": {"type": "LineString", "coordinates": [[76.401349, 10.36745], [76.401047, 10.367558]]}, "properties": {"segment_id": "ORIG-SEG-737", "hazard_coefficient": 0, "is_critical": false}}, {"type": "Feature", "id": "ORIG-SEG-738", "geometry": {"type": "LineString", "coordinates": [[76.401047, 10.367558], [76.400793, 10.367662]]}, "properties": {"segment_id": "ORIG-SEG-738", "hazard_coefficient": 0, "is_critical": false}}, {"type": "Feature", "id": "ORIG-SEG-739", "geometry": {"type": "LineString", "coordinates": [[76.400793, 10.367662], [76.400309, 10.367877]]}, "properties": {"segment_id": "ORIG-SEG-739", "hazard_coefficient": 0, "is_critical": false}}, {"type": "Feature", "id": "ORIG-SEG-740", "geometry": {"type": "LineString", "coordinates": [[76.400309, 10.367877], [76.400133, 10.367955]]}, "properties": {"segment_id": "ORIG-SEG-740", "hazard_coefficient": 0, "is_critical": false}}, {"type": "Feature", "id": "ORIG-SEG-741", "geometry": {"type": "LineString", "coordinates": [[76.400133, 10.367955], [76.399838, 10.368075]]}, "properties": {"segment_id": "ORIG-SEG-741", "hazard_coefficient": 0, "is_critical": false}}, {"type": "Feature", "id": "ORIG-SEG-742", "geometry": {"type": "LineString", "coordinates": [[76.399838, 10.368075], [76.399661, 10.368143]]}, "properties": {"segment_id": "ORIG-SEG-742", "hazard_coefficient": 0, "is_critical": false}}, {"type": "Feature", "id": "ORIG-SEG-743", "geometry": {"type": "LineString", "coordinates": [[76.399661, 10.368143], [76.399429, 10.368232]]}, "properties": {"segment_id": "ORIG-SEG-743", "hazard_coefficient": 0, "is_critical": false}}, {"type": "Feature", "id": "ORIG-SEG-744", "geometry": {"type": "LineString", "coordinates": [[76.399429, 10.368232], [76.399052, 10.368403]]}, "properties": {"segment_id": "ORIG-SEG-744", "hazard_coefficient": 0, "is_critical": false}}, {"type": "Feature", "id": "ORIG-SEG-745", "geometry": {"type": "LineString", "coordinates": [[76.399052, 10.368403], [76.398759, 10.368558]]}, "properties": {"segment_id": "ORIG-SEG-745", "hazard_coefficient": 0, "is_critical": false}}, {"type": "Feature", "id": "ORIG-SEG-746", "geometry": {"type": "LineString", "coordinates": [[76.398759, 10.368558], [76.397952, 10.368984]]}, "properties": {"segment_id": "ORIG-SEG-746", "hazard_coefficient": 0, "is_critical": false}}, {"type": "Feature", "id": "ORIG-SEG-747", "geometry": {"type": "LineString", "coordinates": [[76.397952, 10.368984], [76.397555, 10.369191]]}, "properties": {"segment_id": "ORIG-SEG-747", "hazard_coefficient": 0, "is_critical": false}}, {"type": "Feature", "id": "ORIG-SEG-748", "geometry": {"type": "LineString", "coordinates": [[76.397555, 10.369191], [76.397337, 10.369302]]}, "properties": {"segment_id": "ORIG-SEG-748", "hazard_coefficient": 0, "is_critical": false}}, {"type": "Feature", "id": "ORIG-SEG-749", "geometry": {"type": "LineString", "coordinates": [[76.397337, 10.369302], [76.396628, 10.369665]]}, "properties": {"segment_id": "ORIG-SEG-749", "hazard_coefficient": 0, "is_critical": false}}, {"type": "Feature", "id": "ORIG-SEG-750", "geometry": {"type": "LineString", "coordinates": [[76.396628, 10.369665], [76.396513, 10.369725]]}, "properties": {"segment_id": "ORIG-SEG-750", "hazard_coefficient": 0, "is_critical": false}}, {"type": "Feature", "id": "ORIG-SEG-751", "geometry": {"type": "LineString", "coordinates": [[76.396513, 10.369725], [76.396423, 10.369762]]}, "properties": {"segment_id": "ORIG-SEG-751", "hazard_coefficient": 0, "is_critical": false}}, {"type": "Feature", "id": "ORIG-SEG-752", "geometry": {"type": "LineString", "coordinates": [[76.396423, 10.369762], [76.396395, 10.369773]]}, "properties": {"segment_id": "ORIG-SEG-752", "hazard_coefficient": 0, "is_critical": false}}, {"type": "Feature", "id": "ORIG-SEG-753", "geometry": {"type": "LineString", "coordinates": [[76.396395, 10.369773], [76.396213, 10.36983]]}, "properties": {"segment_id": "ORIG-SEG-753", "hazard_coefficient": 0, "is_critical": false}}, {"type": "Feature", "id": "ORIG-SEG-754", "geometry": {"type": "LineString", "coordinates": [[76.396213, 10.36983], [76.395996, 10.369895]]}, "properties": {"segment_id": "ORIG-SEG-754", "hazard_coefficient": 0, "is_critical": false}}, {"type": "Feature", "id": "ORIG-SEG-755", "geometry": {"type": "LineString", "coordinates": [[76.395996, 10.369895], [76.395932, 10.369914]]}, "properties": {"segment_id": "ORIG-SEG-755", "hazard_coefficient": 0, "is_critical": false}}, {"type": "Feature", "id": "ORIG-SEG-756", "geometry": {"type": "LineString", "coordinates": [[76.395932, 10.369914], [76.395786, 10.369967]]}, "properties": {"segment_id": "ORIG-SEG-756", "hazard_coefficient": 0, "is_critical": false}}, {"type": "Feature", "id": "ORIG-SEG-757", "geometry": {"type": "LineString", "coordinates": [[76.395786, 10.369967], [76.395568, 10.370022]]}, "properties": {"segment_id": "ORIG-SEG-757", "hazard_coefficient": 0, "is_critical": false}}, {"type": "Feature", "id": "ORIG-SEG-758", "geometry": {"type": "LineString", "coordinates": [[76.395568, 10.370022], [76.395446, 10.370047]]}, "properties": {"segment_id": "ORIG-SEG-758", "hazard_coefficient": 0, "is_critical": false}}, {"type": "Feature", "id": "ORIG-SEG-759", "geometry": {"type": "LineString", "coordinates": [[76.395446, 10.370047], [76.39519, 10.370087]]}, "properties": {"segment_id": "ORIG-SEG-759", "hazard_coefficient": 0, "is_critical": false}}, {"type": "Feature", "id": "ORIG-SEG-760", "geometry": {"type": "LineString", "coordinates": [[76.39519, 10.370087], [76.395134, 10.370096]]}, "properties": {"segment_id": "ORIG-SEG-760", "hazard_coefficient": 0, "is_critical": false}}, {"type": "Feature", "id": "ORIG-SEG-761", "geometry": {"type": "LineString", "coordinates": [[76.395134, 10.370096], [76.394911, 10.370129]]}, "properties": {"segment_id": "ORIG-SEG-761", "hazard_coefficient": 0, "is_critical": false}}, {"type": "Feature", "id": "ORIG-SEG-762", "geometry": {"type": "LineString", "coordinates": [[76.394911, 10.370129], [76.394657, 10.37015]]}, "properties": {"segment_id": "ORIG-SEG-762", "hazard_coefficient": 0, "is_critical": false}}, {"type": "Feature", "id": "ORIG-SEG-763", "geometry": {"type": "LineString", "coordinates": [[76.394657, 10.37015], [76.39432, 10.37017]]}, "properties": {"segment_id": "ORIG-SEG-763", "hazard_coefficient": 0, "is_critical": false}}, {"type": "Feature", "id": "ORIG-SEG-764", "geometry": {"type": "LineString", "coordinates": [[76.39432, 10.37017], [76.394146, 10.370197]]}, "properties": {"segment_id": "ORIG-SEG-764", "hazard_coefficient": 0, "is_critical": false}}, {"type": "Feature", "id": "ORIG-SEG-765", "geometry": {"type": "LineString", "coordinates": [[76.394146, 10.370197], [76.394009, 10.370232]]}, "properties": {"segment_id": "ORIG-SEG-765", "hazard_coefficient": 0, "is_critical": false}}, {"type": "Feature", "id": "ORIG-SEG-766", "geometry": {"type": "LineString", "coordinates": [[76.394009, 10.370232], [76.393854, 10.370286]]}, "properties": {"segment_id": "ORIG-SEG-766", "hazard_coefficient": 0, "is_critical": false}}, {"type": "Feature", "id": "ORIG-SEG-767", "geometry": {"type": "LineString", "coordinates": [[76.393854, 10.370286], [76.393795, 10.37031]]}, "properties": {"segment_id": "ORIG-SEG-767", "hazard_coefficient": 0, "is_critical": false}}, {"type": "Feature", "id": "ORIG-SEG-768", "geometry": {"type": "LineString", "coordinates": [[76.393795, 10.37031], [76.393663, 10.370363]]}, "properties": {"segment_id": "ORIG-SEG-768", "hazard_coefficient": 0, "is_critical": false}}, {"type": "Feature", "id": "ORIG-SEG-769", "geometry": {"type": "LineString", "coordinates": [[76.393663, 10.370363], [76.393522, 10.370433]]}, "properties": {"segment_id": "ORIG-SEG-769", "hazard_coefficient": 0, "is_critical": false}}, {"type": "Feature", "id": "ORIG-SEG-770", "geometry": {"type": "LineString", "coordinates": [[76.393522, 10.370433], [76.393333, 10.370523]]}, "properties": {"segment_id": "ORIG-SEG-770", "hazard_coefficient": 0, "is_critical": false}}, {"type": "Feature", "id": "ORIG-SEG-771", "geometry": {"type": "LineString", "coordinates": [[76.393333, 10.370523], [76.393175, 10.370596]]}, "properties": {"segment_id": "ORIG-SEG-771", "hazard_coefficient": 0, "is_critical": false}}, {"type": "Feature", "id": "ORIG-SEG-772", "geometry": {"type": "LineString", "coordinates": [[76.393175, 10.370596], [76.39299, 10.370666]]}, "properties": {"segment_id": "ORIG-SEG-772", "hazard_coefficient": 0, "is_critical": false}}, {"type": "Feature", "id": "ORIG-SEG-773", "geometry": {"type": "LineString", "coordinates": [[76.39299, 10.370666], [76.392582, 10.370797]]}, "properties": {"segment_id": "ORIG-SEG-773", "hazard_coefficient": 0, "is_critical": false}}, {"type": "Feature", "id": "ORIG-SEG-774", "geometry": {"type": "LineString", "coordinates": [[76.392582, 10.370797], [76.392522, 10.370822]]}, "properties": {"segment_id": "ORIG-SEG-774", "hazard_coefficient": 0, "is_critical": false}}, {"type": "Feature", "id": "ORIG-SEG-775", "geometry": {"type": "LineString", "coordinates": [[76.392522, 10.370822], [76.39247, 10.370843]]}, "properties": {"segment_id": "ORIG-SEG-775", "hazard_coefficient": 0, "is_critical": false}}, {"type": "Feature", "id": "ORIG-SEG-776", "geometry": {"type": "LineString", "coordinates": [[76.39247, 10.370843], [76.392224, 10.370949]]}, "properties": {"segment_id": "ORIG-SEG-776", "hazard_coefficient": 0, "is_critical": false}}, {"type": "Feature", "id": "ORIG-SEG-777", "geometry": {"type": "LineString", "coordinates": [[76.392224, 10.370949], [76.39212, 10.370985]]}, "properties": {"segment_id": "ORIG-SEG-777", "hazard_coefficient": 0, "is_critical": false}}, {"type": "Feature", "id": "ORIG-SEG-778", "geometry": {"type": "LineString", "coordinates": [[76.39212, 10.370985], [76.391906, 10.371058]]}, "properties": {"segment_id": "ORIG-SEG-778", "hazard_coefficient": 0, "is_critical": false}}, {"type": "Feature", "id": "ORIG-SEG-779", "geometry": {"type": "LineString", "coordinates": [[76.391906, 10.371058], [76.391675, 10.371169]]}, "properties": {"segment_id": "ORIG-SEG-779", "hazard_coefficient": 0, "is_critical": false}}, {"type": "Feature", "id": "ORIG-SEG-780", "geometry": {"type": "LineString", "coordinates": [[76.391675, 10.371169], [76.39141, 10.371299]]}, "properties": {"segment_id": "ORIG-SEG-780", "hazard_coefficient": 0, "is_critical": false}}, {"type": "Feature", "id": "ORIG-SEG-781", "geometry": {"type": "LineString", "coordinates": [[76.39141, 10.371299], [76.391124, 10.371451]]}, "properties": {"segment_id": "ORIG-SEG-781", "hazard_coefficient": 0, "is_critical": false}}, {"type": "Feature", "id": "ORIG-SEG-782", "geometry": {"type": "LineString", "coordinates": [[76.391124, 10.371451], [76.390977, 10.371532]]}, "properties": {"segment_id": "ORIG-SEG-782", "hazard_coefficient": 0, "is_critical": false}}, {"type": "Feature", "id": "ORIG-SEG-783", "geometry": {"type": "LineString", "coordinates": [[76.390977, 10.371532], [76.390922, 10.371561]]}, "properties": {"segment_id": "ORIG-SEG-783", "hazard_coefficient": 0, "is_critical": false}}, {"type": "Feature", "id": "ORIG-SEG-784", "geometry": {"type": "LineString", "coordinates": [[76.390922, 10.371561], [76.390798, 10.371625]]}, "properties": {"segment_id": "ORIG-SEG-784", "hazard_coefficient": 0, "is_critical": false}}, {"type": "Feature", "id": "ORIG-SEG-785", "geometry": {"type": "LineString", "coordinates": [[76.390798, 10.371625], [76.390635, 10.37171]]}, "properties": {"segment_id": "ORIG-SEG-785", "hazard_coefficient": 0, "is_critical": false}}, {"type": "Feature", "id": "ORIG-SEG-786", "geometry": {"type": "LineString", "coordinates": [[76.390635, 10.37171], [76.390424, 10.37184]]}, "properties": {"segment_id": "ORIG-SEG-786", "hazard_coefficient": 0, "is_critical": false}}, {"type": "Feature", "id": "ORIG-SEG-787", "geometry": {"type": "LineString", "coordinates": [[76.390424, 10.37184], [76.390293, 10.371909]]}, "properties": {"segment_id": "ORIG-SEG-787", "hazard_coefficient": 0, "is_critical": false}}, {"type": "Feature", "id": "ORIG-SEG-788", "geometry": {"type": "LineString", "coordinates": [[76.390293, 10.371909], [76.390048, 10.372018]]}, "properties": {"segment_id": "ORIG-SEG-788", "hazard_coefficient": 0, "is_critical": false}}, {"type": "Feature", "id": "ORIG-SEG-789", "geometry": {"type": "LineString", "coordinates": [[76.390048, 10.372018], [76.389755, 10.37212]]}, "properties": {"segment_id": "ORIG-SEG-789", "hazard_coefficient": 0, "is_critical": false}}, {"type": "Feature", "id": "ORIG-SEG-790", "geometry": {"type": "LineString", "coordinates": [[76.389755, 10.37212], [76.389392, 10.372233]]}, "properties": {"segment_id": "ORIG-SEG-790", "hazard_coefficient": 0, "is_critical": false}}, {"type": "Feature", "id": "ORIG-SEG-791", "geometry": {"type": "LineString", "coordinates": [[76.389392, 10.372233], [76.389157, 10.372335]]}, "properties": {"segment_id": "ORIG-SEG-791", "hazard_coefficient": 0, "is_critical": false}}, {"type": "Feature", "id": "ORIG-SEG-792", "geometry": {"type": "LineString", "coordinates": [[76.389157, 10.372335], [76.388859, 10.372455]]}, "properties": {"segment_id": "ORIG-SEG-792", "hazard_coefficient": 0, "is_critical": false}}, {"type": "Feature", "id": "ORIG-SEG-793", "geometry": {"type": "LineString", "coordinates": [[76.388859, 10.372455], [76.38864, 10.372554]]}, "properties": {"segment_id": "ORIG-SEG-793", "hazard_coefficient": 0, "is_critical": false}}, {"type": "Feature", "id": "ORIG-SEG-794", "geometry": {"type": "LineString", "coordinates": [[76.38864, 10.372554], [76.388372, 10.372678]]}, "properties": {"segment_id": "ORIG-SEG-794", "hazard_coefficient": 0, "is_critical": false}}, {"type": "Feature", "id": "ORIG-SEG-795", "geometry": {"type": "LineString", "coordinates": [[76.388372, 10.372678], [76.388096, 10.372842]]}, "properties": {"segment_id": "ORIG-SEG-795", "hazard_coefficient": 0, "is_critical": false}}, {"type": "Feature", "id": "ORIG-SEG-796", "geometry": {"type": "LineString", "coordinates": [[76.388096, 10.372842], [76.387966, 10.372914]]}, "properties": {"segment_id": "ORIG-SEG-796", "hazard_coefficient": 0, "is_critical": false}}, {"type": "Feature", "id": "ORIG-SEG-797", "geometry": {"type": "LineString", "coordinates": [[76.387966, 10.372914], [76.387734, 10.373]]}, "properties": {"segment_id": "ORIG-SEG-797", "hazard_coefficient": 0, "is_critical": false}}, {"type": "Feature", "id": "ORIG-SEG-798", "geometry": {"type": "LineString", "coordinates": [[76.387734, 10.373], [76.387521, 10.373084]]}, "properties": {"segment_id": "ORIG-SEG-798", "hazard_coefficient": 0, "is_critical": false}}, {"type": "Feature", "id": "ORIG-SEG-799", "geometry": {"type": "LineString", "coordinates": [[76.387521, 10.373084], [76.387356, 10.373165]]}, "properties": {"segment_id": "ORIG-SEG-799", "hazard_coefficient": 0, "is_critical": false}}, {"type": "Feature", "id": "ORIG-SEG-800", "geometry": {"type": "LineString", "coordinates": [[76.387356, 10.373165], [76.387642, 10.37366]]}, "properties": {"segment_id": "ORIG-SEG-800", "hazard_coefficient": 0, "is_critical": false}}, {"type": "Feature", "id": "ORIG-SEG-801", "geometry": {"type": "LineString", "coordinates": [[76.387642, 10.37366], [76.387856, 10.37399]]}, "properties": {"segment_id": "ORIG-SEG-801", "hazard_coefficient": 0, "is_critical": false}}, {"type": "Feature", "id": "ORIG-SEG-802", "geometry": {"type": "LineString", "coordinates": [[76.387856, 10.37399], [76.387902, 10.374187]]}, "properties": {"segment_id": "ORIG-SEG-802", "hazard_coefficient": 0, "is_critical": false}}, {"type": "Feature", "id": "ORIG-SEG-803", "geometry": {"type": "LineString", "coordinates": [[76.387902, 10.374187], [76.388058, 10.37481]]}, "properties": {"segment_id": "ORIG-SEG-803", "hazard_coefficient": 0, "is_critical": false}}, {"type": "Feature", "id": "ORIG-SEG-804", "geometry": {"type": "LineString", "coordinates": [[76.388058, 10.37481], [76.38817, 10.374998]]}, "properties": {"segment_id": "ORIG-SEG-804", "hazard_coefficient": 0, "is_critical": false}}, {"type": "Feature", "id": "ORIG-SEG-805", "geometry": {"type": "LineString", "coordinates": [[76.38817, 10.374998], [76.388449, 10.374995]]}, "properties": {"segment_id": "ORIG-SEG-805", "hazard_coefficient": 0, "is_critical": false}}, {"type": "Feature", "id": "ORIG-SEG-806", "geometry": {"type": "LineString", "coordinates": [[76.388449, 10.374995], [76.388535, 10.37523]]}, "properties": {"segment_id": "ORIG-SEG-806", "hazard_coefficient": 0, "is_critical": false}}, {"type": "Feature", "id": "ORIG-SEG-807", "geometry": {"type": "LineString", "coordinates": [[76.388535, 10.37523], [76.38854, 10.375457]]}, "properties": {"segment_id": "ORIG-SEG-807", "hazard_coefficient": 0, "is_critical": false}}, {"type": "Feature", "id": "ORIG-SEG-808", "geometry": {"type": "LineString", "coordinates": [[76.38854, 10.375457], [76.388522, 10.375578]]}, "properties": {"segment_id": "ORIG-SEG-808", "hazard_coefficient": 0, "is_critical": false}}, {"type": "Feature", "id": "ORIG-SEG-809", "geometry": {"type": "LineString", "coordinates": [[76.388522, 10.375578], [76.388774, 10.375589]]}, "properties": {"segment_id": "ORIG-SEG-809", "hazard_coefficient": 0, "is_critical": false}}, {"type": "Feature", "id": "ORIG-SEG-810", "geometry": {"type": "LineString", "coordinates": [[76.388774, 10.375589], [76.389452, 10.375549]]}, "properties": {"segment_id": "ORIG-SEG-810", "hazard_coefficient": 0, "is_critical": false}}, {"type": "Feature", "id": "ORIG-SEG-811", "geometry": {"type": "LineString", "coordinates": [[76.389452, 10.375549], [76.389573, 10.375644]]}, "properties": {"segment_id": "ORIG-SEG-811", "hazard_coefficient": 0, "is_critical": false}}, {"type": "Feature", "id": "ORIG-SEG-812", "geometry": {"type": "LineString", "coordinates": [[76.389573, 10.375644], [76.389594, 10.375863]]}, "properties": {"segment_id": "ORIG-SEG-812", "hazard_coefficient": 0, "is_critical": false}}, {"type": "Feature", "id": "ORIG-SEG-813", "geometry": {"type": "LineString", "coordinates": [[76.389594, 10.375863], [76.389535, 10.37609]]}, "properties": {"segment_id": "ORIG-SEG-813", "hazard_coefficient": 0, "is_critical": false}}, {"type": "Feature", "id": "ORIG-SEG-814", "geometry": {"type": "LineString", "coordinates": [[76.389535, 10.37609], [76.389484, 10.376188]]}, "properties": {"segment_id": "ORIG-SEG-814", "hazard_coefficient": 0, "is_critical": false}}, {"type": "Feature", "id": "ORIG-SEG-815", "geometry": {"type": "LineString", "coordinates": [[76.389484, 10.376188], [76.389417, 10.376589]]}, "properties": {"segment_id": "ORIG-SEG-815", "hazard_coefficient": 0, "is_critical": false}}, {"type": "Feature", "id": "ORIG-SEG-816", "geometry": {"type": "LineString", "coordinates": [[76.389417, 10.376589], [76.389503, 10.377251]]}, "properties": {"segment_id": "ORIG-SEG-816", "hazard_coefficient": 0, "is_critical": false}}, {"type": "Feature", "id": "ORIG-SEG-817", "geometry": {"type": "LineString", "coordinates": [[76.389503, 10.377251], [76.389466, 10.378597]]}, "properties": {"segment_id": "ORIG-SEG-817", "hazard_coefficient": 0, "is_critical": false}}, {"type": "Feature", "id": "ORIG-SEG-818", "geometry": {"type": "LineString", "coordinates": [[76.389466, 10.378597], [76.389589, 10.378823]]}, "properties": {"segment_id": "ORIG-SEG-818", "hazard_coefficient": 0, "is_critical": false}}, {"type": "Feature", "id": "ORIG-SEG-819", "geometry": {"type": "LineString", "coordinates": [[76.389589, 10.378823], [76.389793, 10.379016]]}, "properties": {"segment_id": "ORIG-SEG-819", "hazard_coefficient": 0, "is_critical": false}}, {"type": "Feature", "id": "ORIG-SEG-820", "geometry": {"type": "LineString", "coordinates": [[76.389793, 10.379016], [76.39026, 10.379195]]}, "properties": {"segment_id": "ORIG-SEG-820", "hazard_coefficient": 0, "is_critical": false}}, {"type": "Feature", "id": "ORIG-SEG-821", "geometry": {"type": "LineString", "coordinates": [[76.39026, 10.379195], [76.390343, 10.379296]]}, "properties": {"segment_id": "ORIG-SEG-821", "hazard_coefficient": 0, "is_critical": false}}, {"type": "Feature", "id": "ORIG-SEG-822", "geometry": {"type": "LineString", "coordinates": [[76.390343, 10.379296], [76.390426, 10.379594]]}, "properties": {"segment_id": "ORIG-SEG-822", "hazard_coefficient": 0, "is_critical": false}}, {"type": "Feature", "id": "ORIG-SEG-823", "geometry": {"type": "LineString", "coordinates": [[76.390426, 10.379594], [76.390489, 10.379903]]}, "properties": {"segment_id": "ORIG-SEG-823", "hazard_coefficient": 0, "is_critical": false}}, {"type": "Feature", "id": "REROUTE-SEG-0", "geometry": {"type": "LineString", "coordinates": [[76.319778, 10.249946], [76.319753, 10.249956]]}, "properties": {"segment_id": "REROUTE-SEG-0", "hazard_coefficient": 0, "is_critical": false}}, {"type": "Feature", "id": "REROUTE-SEG-1", "geometry": {"type": "LineString", "coordinates": [[76.319753, 10.249956], [76.319724, 10.249954]]}, "properties": {"segment_id": "REROUTE-SEG-1", "hazard_coefficient": 0, "is_critical": false}}, {"type": "Feature", "id": "REROUTE-SEG-2", "geometry": {"type": "LineString", "coordinates": [[76.319724, 10.249954], [76.31912, 10.249784]]}, "properties": {"segment_id": "REROUTE-SEG-2", "hazard_coefficient": 0, "is_critical": false}}, {"type": "Feature", "id": "REROUTE-SEG-3", "geometry": {"type": "LineString", "coordinates": [[76.31912, 10.249784], [76.318655, 10.24966]]}, "properties": {"segment_id": "REROUTE-SEG-3", "hazard_coefficient": 0, "is_critical": false}}, {"type": "Feature", "id": "REROUTE-SEG-4", "geometry": {"type": "LineString", "coordinates": [[76.318655, 10.24966], [76.318841, 10.249175]]}, "properties": {"segment_id": "REROUTE-SEG-4", "hazard_coefficient": 0, "is_critical": false}}, {"type": "Feature", "id": "REROUTE-SEG-5", "geometry": {"type": "LineString", "coordinates": [[76.318841, 10.249175], [76.318938, 10.248764]]}, "properties": {"segment_id": "REROUTE-SEG-5", "hazard_coefficient": 0, "is_critical": false}}, {"type": "Feature", "id": "REROUTE-SEG-6", "geometry": {"type": "LineString", "coordinates": [[76.318938, 10.248764], [76.318983, 10.248624]]}, "properties": {"segment_id": "REROUTE-SEG-6", "hazard_coefficient": 0, "is_critical": false}}, {"type": "Feature", "id": "REROUTE-SEG-7", "geometry": {"type": "LineString", "coordinates": [[76.318983, 10.248624], [76.319023, 10.248531]]}, "properties": {"segment_id": "REROUTE-SEG-7", "hazard_coefficient": 0, "is_critical": false}}, {"type": "Feature", "id": "REROUTE-SEG-8", "geometry": {"type": "LineString", "coordinates": [[76.319023, 10.248531], [76.319085, 10.248439]]}, "properties": {"segment_id": "REROUTE-SEG-8", "hazard_coefficient": 0, "is_critical": false}}, {"type": "Feature", "id": "REROUTE-SEG-9", "geometry": {"type": "LineString", "coordinates": [[76.319085, 10.248439], [76.319149, 10.248359]]}, "properties": {"segment_id": "REROUTE-SEG-9", "hazard_coefficient": 0, "is_critical": false}}, {"type": "Feature", "id": "REROUTE-SEG-10", "geometry": {"type": "LineString", "coordinates": [[76.319149, 10.248359], [76.319241, 10.248268]]}, "properties": {"segment_id": "REROUTE-SEG-10", "hazard_coefficient": 0, "is_critical": false}}, {"type": "Feature", "id": "REROUTE-SEG-11", "geometry": {"type": "LineString", "coordinates": [[76.319241, 10.248268], [76.319672, 10.247882]]}, "properties": {"segment_id": "REROUTE-SEG-11", "hazard_coefficient": 0, "is_critical": false}}, {"type": "Feature", "id": "REROUTE-SEG-12", "geometry": {"type": "LineString", "coordinates": [[76.319672, 10.247882], [76.319897, 10.247729]]}, "properties": {"segment_id": "REROUTE-SEG-12", "hazard_coefficient": 0, "is_critical": false}}, {"type": "Feature", "id": "REROUTE-SEG-13", "geometry": {"type": "LineString", "coordinates": [[76.319897, 10.247729], [76.320103, 10.247556]]}, "properties": {"segment_id": "REROUTE-SEG-13", "hazard_coefficient": 0, "is_critical": false}}, {"type": "Feature", "id": "REROUTE-SEG-14", "geometry": {"type": "LineString", "coordinates": [[76.320103, 10.247556], [76.320143, 10.247514]]}, "properties": {"segment_id": "REROUTE-SEG-14", "hazard_coefficient": 0, "is_critical": false}}, {"type": "Feature", "id": "REROUTE-SEG-15", "geometry": {"type": "LineString", "coordinates": [[76.320143, 10.247514], [76.320173, 10.247472]]}, "properties": {"segment_id": "REROUTE-SEG-15", "hazard_coefficient": 0, "is_critical": false}}, {"type": "Feature", "id": "REROUTE-SEG-16", "geometry": {"type": "LineString", "coordinates": [[76.320173, 10.247472], [76.320198, 10.247429]]}, "properties": {"segment_id": "REROUTE-SEG-16", "hazard_coefficient": 0, "is_critical": false}}, {"type": "Feature", "id": "REROUTE-SEG-17", "geometry": {"type": "LineString", "coordinates": [[76.320198, 10.247429], [76.320287, 10.247216]]}, "properties": {"segment_id": "REROUTE-SEG-17", "hazard_coefficient": 0, "is_critical": false}}, {"type": "Feature", "id": "REROUTE-SEG-18", "geometry": {"type": "LineString", "coordinates": [[76.320287, 10.247216], [76.320324, 10.24717]]}, "properties": {"segment_id": "REROUTE-SEG-18", "hazard_coefficient": 0, "is_critical": false}}, {"type": "Feature", "id": "REROUTE-SEG-19", "geometry": {"type": "LineString", "coordinates": [[76.320324, 10.24717], [76.32042, 10.247083]]}, "properties": {"segment_id": "REROUTE-SEG-19", "hazard_coefficient": 0, "is_critical": false}}, {"type": "Feature", "id": "REROUTE-SEG-20", "geometry": {"type": "LineString", "coordinates": [[76.32042, 10.247083], [76.320511, 10.247004]]}, "properties": {"segment_id": "REROUTE-SEG-20", "hazard_coefficient": 0, "is_critical": false}}, {"type": "Feature", "id": "REROUTE-SEG-21", "geometry": {"type": "LineString", "coordinates": [[76.320511, 10.247004], [76.320611, 10.246926]]}, "properties": {"segment_id": "REROUTE-SEG-21", "hazard_coefficient": 0, "is_critical": false}}, {"type": "Feature", "id": "REROUTE-SEG-22", "geometry": {"type": "LineString", "coordinates": [[76.320611, 10.246926], [76.320715, 10.246856]]}, "properties": {"segment_id": "REROUTE-SEG-22", "hazard_coefficient": 0, "is_critical": false}}, {"type": "Feature", "id": "REROUTE-SEG-23", "geometry": {"type": "LineString", "coordinates": [[76.320715, 10.246856], [76.320833, 10.246742]]}, "properties": {"segment_id": "REROUTE-SEG-23", "hazard_coefficient": 0, "is_critical": false}}, {"type": "Feature", "id": "REROUTE-SEG-24", "geometry": {"type": "LineString", "coordinates": [[76.320833, 10.246742], [76.321005, 10.246526]]}, "properties": {"segment_id": "REROUTE-SEG-24", "hazard_coefficient": 0, "is_critical": false}}, {"type": "Feature", "id": "REROUTE-SEG-25", "geometry": {"type": "LineString", "coordinates": [[76.321005, 10.246526], [76.321225, 10.24618]]}, "properties": {"segment_id": "REROUTE-SEG-25", "hazard_coefficient": 0, "is_critical": false}}, {"type": "Feature", "id": "REROUTE-SEG-26", "geometry": {"type": "LineString", "coordinates": [[76.321225, 10.24618], [76.321254, 10.246135]]}, "properties": {"segment_id": "REROUTE-SEG-26", "hazard_coefficient": 0, "is_critical": false}}, {"type": "Feature", "id": "REROUTE-SEG-27", "geometry": {"type": "LineString", "coordinates": [[76.321254, 10.246135], [76.321437, 10.245824]]}, "properties": {"segment_id": "REROUTE-SEG-27", "hazard_coefficient": 0, "is_critical": false}}, {"type": "Feature", "id": "REROUTE-SEG-28", "geometry": {"type": "LineString", "coordinates": [[76.321437, 10.245824], [76.321676, 10.245436]]}, "properties": {"segment_id": "REROUTE-SEG-28", "hazard_coefficient": 0, "is_critical": false}}, {"type": "Feature", "id": "REROUTE-SEG-29", "geometry": {"type": "LineString", "coordinates": [[76.321676, 10.245436], [76.321772, 10.245296]]}, "properties": {"segment_id": "REROUTE-SEG-29", "hazard_coefficient": 0, "is_critical": false}}, {"type": "Feature", "id": "REROUTE-SEG-30", "geometry": {"type": "LineString", "coordinates": [[76.321772, 10.245296], [76.321922, 10.245143]]}, "properties": {"segment_id": "REROUTE-SEG-30", "hazard_coefficient": 0, "is_critical": false}}, {"type": "Feature", "id": "REROUTE-SEG-31", "geometry": {"type": "LineString", "coordinates": [[76.321922, 10.245143], [76.322153, 10.244926]]}, "properties": {"segment_id": "REROUTE-SEG-31", "hazard_coefficient": 0, "is_critical": false}}, {"type": "Feature", "id": "REROUTE-SEG-32", "geometry": {"type": "LineString", "coordinates": [[76.322153, 10.244926], [76.322258, 10.244768]]}, "properties": {"segment_id": "REROUTE-SEG-32", "hazard_coefficient": 0, "is_critical": false}}, {"type": "Feature", "id": "REROUTE-SEG-33", "geometry": {"type": "LineString", "coordinates": [[76.322258, 10.244768], [76.322357, 10.244665]]}, "properties": {"segment_id": "REROUTE-SEG-33", "hazard_coefficient": 0, "is_critical": false}}, {"type": "Feature", "id": "REROUTE-SEG-34", "geometry": {"type": "LineString", "coordinates": [[76.322357, 10.244665], [76.322468, 10.244538]]}, "properties": {"segment_id": "REROUTE-SEG-34", "hazard_coefficient": 0, "is_critical": false}}, {"type": "Feature", "id": "REROUTE-SEG-35", "geometry": {"type": "LineString", "coordinates": [[76.322468, 10.244538], [76.322569, 10.244422]]}, "properties": {"segment_id": "REROUTE-SEG-35", "hazard_coefficient": 0, "is_critical": false}}, {"type": "Feature", "id": "REROUTE-SEG-36", "geometry": {"type": "LineString", "coordinates": [[76.322569, 10.244422], [76.322655, 10.244296]]}, "properties": {"segment_id": "REROUTE-SEG-36", "hazard_coefficient": 0, "is_critical": false}}, {"type": "Feature", "id": "REROUTE-SEG-37", "geometry": {"type": "LineString", "coordinates": [[76.322655, 10.244296], [76.322716, 10.244185]]}, "properties": {"segment_id": "REROUTE-SEG-37", "hazard_coefficient": 0, "is_critical": false}}, {"type": "Feature", "id": "REROUTE-SEG-38", "geometry": {"type": "LineString", "coordinates": [[76.322716, 10.244185], [76.322733, 10.244168]]}, "properties": {"segment_id": "REROUTE-SEG-38", "hazard_coefficient": 0, "is_critical": false}}, {"type": "Feature", "id": "REROUTE-SEG-39", "geometry": {"type": "LineString", "coordinates": [[76.322733, 10.244168], [76.322807, 10.243968]]}, "properties": {"segment_id": "REROUTE-SEG-39", "hazard_coefficient": 0, "is_critical": false}}, {"type": "Feature", "id": "REROUTE-SEG-40", "geometry": {"type": "LineString", "coordinates": [[76.322807, 10.243968], [76.322845, 10.243889]]}, "properties": {"segment_id": "REROUTE-SEG-40", "hazard_coefficient": 0, "is_critical": false}}, {"type": "Feature", "id": "REROUTE-SEG-41", "geometry": {"type": "LineString", "coordinates": [[76.322845, 10.243889], [76.32291, 10.243807]]}, "properties": {"segment_id": "REROUTE-SEG-41", "hazard_coefficient": 0, "is_critical": false}}, {"type": "Feature", "id": "REROUTE-SEG-42", "geometry": {"type": "LineString", "coordinates": [[76.32291, 10.243807], [76.32318, 10.243541]]}, "properties": {"segment_id": "REROUTE-SEG-42", "hazard_coefficient": 0, "is_critical": false}}, {"type": "Feature", "id": "REROUTE-SEG-43", "geometry": {"type": "LineString", "coordinates": [[76.32318, 10.243541], [76.323424, 10.243205]]}, "properties": {"segment_id": "REROUTE-SEG-43", "hazard_coefficient": 0, "is_critical": false}}, {"type": "Feature", "id": "REROUTE-SEG-44", "geometry": {"type": "LineString", "coordinates": [[76.323424, 10.243205], [76.323609, 10.242984]]}, "properties": {"segment_id": "REROUTE-SEG-44", "hazard_coefficient": 0, "is_critical": false}}, {"type": "Feature", "id": "REROUTE-SEG-45", "geometry": {"type": "LineString", "coordinates": [[76.323609, 10.242984], [76.323828, 10.2427]]}, "properties": {"segment_id": "REROUTE-SEG-45", "hazard_coefficient": 0, "is_critical": false}}, {"type": "Feature", "id": "REROUTE-SEG-46", "geometry": {"type": "LineString", "coordinates": [[76.323828, 10.2427], [76.323929, 10.242559]]}, "properties": {"segment_id": "REROUTE-SEG-46", "hazard_coefficient": 0, "is_critical": false}}, {"type": "Feature", "id": "REROUTE-SEG-47", "geometry": {"type": "LineString", "coordinates": [[76.323929, 10.242559], [76.324018, 10.242381]]}, "properties": {"segment_id": "REROUTE-SEG-47", "hazard_coefficient": 0, "is_critical": false}}, {"type": "Feature", "id": "REROUTE-SEG-48", "geometry": {"type": "LineString", "coordinates": [[76.324018, 10.242381], [76.324076, 10.242231]]}, "properties": {"segment_id": "REROUTE-SEG-48", "hazard_coefficient": 0, "is_critical": false}}, {"type": "Feature", "id": "REROUTE-SEG-49", "geometry": {"type": "LineString", "coordinates": [[76.324076, 10.242231], [76.324151, 10.242034]]}, "properties": {"segment_id": "REROUTE-SEG-49", "hazard_coefficient": 0, "is_critical": false}}, {"type": "Feature", "id": "REROUTE-SEG-50", "geometry": {"type": "LineString", "coordinates": [[76.324151, 10.242034], [76.324191, 10.241907]]}, "properties": {"segment_id": "REROUTE-SEG-50", "hazard_coefficient": 0, "is_critical": false}}, {"type": "Feature", "id": "REROUTE-SEG-51", "geometry": {"type": "LineString", "coordinates": [[76.324191, 10.241907], [76.32425, 10.241785]]}, "properties": {"segment_id": "REROUTE-SEG-51", "hazard_coefficient": 0, "is_critical": false}}, {"type": "Feature", "id": "REROUTE-SEG-52", "geometry": {"type": "LineString", "coordinates": [[76.32425, 10.241785], [76.324313, 10.241695]]}, "properties": {"segment_id": "REROUTE-SEG-52", "hazard_coefficient": 0, "is_critical": false}}, {"type": "Feature", "id": "REROUTE-SEG-53", "geometry": {"type": "LineString", "coordinates": [[76.324313, 10.241695], [76.324342, 10.241652]]}, "properties": {"segment_id": "REROUTE-SEG-53", "hazard_coefficient": 0, "is_critical": false}}, {"type": "Feature", "id": "REROUTE-SEG-54", "geometry": {"type": "LineString", "coordinates": [[76.324342, 10.241652], [76.324457, 10.241498]]}, "properties": {"segment_id": "REROUTE-SEG-54", "hazard_coefficient": 0, "is_critical": false}}, {"type": "Feature", "id": "REROUTE-SEG-55", "geometry": {"type": "LineString", "coordinates": [[76.324457, 10.241498], [76.324959, 10.24093]]}, "properties": {"segment_id": "REROUTE-SEG-55", "hazard_coefficient": 0, "is_critical": false}}, {"type": "Feature", "id": "REROUTE-SEG-56", "geometry": {"type": "LineString", "coordinates": [[76.324959, 10.24093], [76.325514, 10.240341]]}, "properties": {"segment_id": "REROUTE-SEG-56", "hazard_coefficient": 0, "is_critical": false}}, {"type": "Feature", "id": "REROUTE-SEG-57", "geometry": {"type": "LineString", "coordinates": [[76.325514, 10.240341], [76.325688, 10.240093]]}, "properties": {"segment_id": "REROUTE-SEG-57", "hazard_coefficient": 0, "is_critical": false}}, {"type": "Feature", "id": "REROUTE-SEG-58", "geometry": {"type": "LineString", "coordinates": [[76.325688, 10.240093], [76.325774, 10.239932]]}, "properties": {"segment_id": "REROUTE-SEG-58", "hazard_coefficient": 0, "is_critical": false}}, {"type": "Feature", "id": "REROUTE-SEG-59", "geometry": {"type": "LineString", "coordinates": [[76.325774, 10.239932], [76.325885, 10.239702]]}, "properties": {"segment_id": "REROUTE-SEG-59", "hazard_coefficient": 0, "is_critical": false}}, {"type": "Feature", "id": "REROUTE-SEG-60", "geometry": {"type": "LineString", "coordinates": [[76.325885, 10.239702], [76.325908, 10.239655]]}, "properties": {"segment_id": "REROUTE-SEG-60", "hazard_coefficient": 0, "is_critical": false}}, {"type": "Feature", "id": "REROUTE-SEG-61", "geometry": {"type": "LineString", "coordinates": [[76.325908, 10.239655], [76.325978, 10.239513]]}, "properties": {"segment_id": "REROUTE-SEG-61", "hazard_coefficient": 0, "is_critical": false}}, {"type": "Feature", "id": "REROUTE-SEG-62", "geometry": {"type": "LineString", "coordinates": [[76.325978, 10.239513], [76.326036, 10.239433]]}, "properties": {"segment_id": "REROUTE-SEG-62", "hazard_coefficient": 0, "is_critical": false}}, {"type": "Feature", "id": "REROUTE-SEG-63", "geometry": {"type": "LineString", "coordinates": [[76.326036, 10.239433], [76.326173, 10.239295]]}, "properties": {"segment_id": "REROUTE-SEG-63", "hazard_coefficient": 0, "is_critical": false}}, {"type": "Feature", "id": "REROUTE-SEG-64", "geometry": {"type": "LineString", "coordinates": [[76.326173, 10.239295], [76.326246, 10.239212]]}, "properties": {"segment_id": "REROUTE-SEG-64", "hazard_coefficient": 0, "is_critical": false}}, {"type": "Feature", "id": "REROUTE-SEG-65", "geometry": {"type": "LineString", "coordinates": [[76.326246, 10.239212], [76.326525, 10.238897]]}, "properties": {"segment_id": "REROUTE-SEG-65", "hazard_coefficient": 0, "is_critical": false}}, {"type": "Feature", "id": "REROUTE-SEG-66", "geometry": {"type": "LineString", "coordinates": [[76.326525, 10.238897], [76.326685, 10.238658]]}, "properties": {"segment_id": "REROUTE-SEG-66", "hazard_coefficient": 0, "is_critical": false}}, {"type": "Feature", "id": "REROUTE-SEG-67", "geometry": {"type": "LineString", "coordinates": [[76.326685, 10.238658], [76.326767, 10.238535]]}, "properties": {"segment_id": "REROUTE-SEG-67", "hazard_coefficient": 0, "is_critical": false}}, {"type": "Feature", "id": "REROUTE-SEG-68", "geometry": {"type": "LineString", "coordinates": [[76.326767, 10.238535], [76.327185, 10.238695]]}, "properties": {"segment_id": "REROUTE-SEG-68", "hazard_coefficient": 0, "is_critical": false}}, {"type": "Feature", "id": "REROUTE-SEG-69", "geometry": {"type": "LineString", "coordinates": [[76.327185, 10.238695], [76.327365, 10.238721]]}, "properties": {"segment_id": "REROUTE-SEG-69", "hazard_coefficient": 0, "is_critical": false}}, {"type": "Feature", "id": "REROUTE-SEG-70", "geometry": {"type": "LineString", "coordinates": [[76.327365, 10.238721], [76.327391, 10.238724]]}, "properties": {"segment_id": "REROUTE-SEG-70", "hazard_coefficient": 0, "is_critical": false}}, {"type": "Feature", "id": "REROUTE-SEG-71", "geometry": {"type": "LineString", "coordinates": [[76.327391, 10.238724], [76.327457, 10.238734]]}, "properties": {"segment_id": "REROUTE-SEG-71", "hazard_coefficient": 0, "is_critical": false}}, {"type": "Feature", "id": "REROUTE-SEG-72", "geometry": {"type": "LineString", "coordinates": [[76.327457, 10.238734], [76.32789, 10.238797]]}, "properties": {"segment_id": "REROUTE-SEG-72", "hazard_coefficient": 0, "is_critical": false}}, {"type": "Feature", "id": "REROUTE-SEG-73", "geometry": {"type": "LineString", "coordinates": [[76.32789, 10.238797], [76.327953, 10.23882]]}, "properties": {"segment_id": "REROUTE-SEG-73", "hazard_coefficient": 0, "is_critical": false}}, {"type": "Feature", "id": "REROUTE-SEG-74", "geometry": {"type": "LineString", "coordinates": [[76.327953, 10.23882], [76.328247, 10.238927]]}, "properties": {"segment_id": "REROUTE-SEG-74", "hazard_coefficient": 0, "is_critical": false}}, {"type": "Feature", "id": "REROUTE-SEG-75", "geometry": {"type": "LineString", "coordinates": [[76.328247, 10.238927], [76.328414, 10.238967]]}, "properties": {"segment_id": "REROUTE-SEG-75", "hazard_coefficient": 0, "is_critical": false}}, {"type": "Feature", "id": "REROUTE-SEG-76", "geometry": {"type": "LineString", "coordinates": [[76.328414, 10.238967], [76.328457, 10.238981]]}, "properties": {"segment_id": "REROUTE-SEG-76", "hazard_coefficient": 0, "is_critical": false}}, {"type": "Feature", "id": "REROUTE-SEG-77", "geometry": {"type": "LineString", "coordinates": [[76.328457, 10.238981], [76.329376, 10.239238]]}, "properties": {"segment_id": "REROUTE-SEG-77", "hazard_coefficient": 0, "is_critical": false}}, {"type": "Feature", "id": "REROUTE-SEG-78", "geometry": {"type": "LineString", "coordinates": [[76.329376, 10.239238], [76.32983, 10.23937]]}, "properties": {"segment_id": "REROUTE-SEG-78", "hazard_coefficient": 0, "is_critical": false}}, {"type": "Feature", "id": "REROUTE-SEG-79", "geometry": {"type": "LineString", "coordinates": [[76.32983, 10.23937], [76.330372, 10.239531]]}, "properties": {"segment_id": "REROUTE-SEG-79", "hazard_coefficient": 0, "is_critical": false}}, {"type": "Feature", "id": "REROUTE-SEG-80", "geometry": {"type": "LineString", "coordinates": [[76.330372, 10.239531], [76.330491, 10.239614]]}, "properties": {"segment_id": "REROUTE-SEG-80", "hazard_coefficient": 0, "is_critical": false}}, {"type": "Feature", "id": "REROUTE-SEG-81", "geometry": {"type": "LineString", "coordinates": [[76.330491, 10.239614], [76.330774, 10.239773]]}, "properties": {"segment_id": "REROUTE-SEG-81", "hazard_coefficient": 0, "is_critical": false}}, {"type": "Feature", "id": "REROUTE-SEG-82", "geometry": {"type": "LineString", "coordinates": [[76.330774, 10.239773], [76.331475, 10.240267]]}, "properties": {"segment_id": "REROUTE-SEG-82", "hazard_coefficient": 0, "is_critical": false}}, {"type": "Feature", "id": "REROUTE-SEG-83", "geometry": {"type": "LineString", "coordinates": [[76.331475, 10.240267], [76.332177, 10.240769]]}, "properties": {"segment_id": "REROUTE-SEG-83", "hazard_coefficient": 0, "is_critical": false}}, {"type": "Feature", "id": "REROUTE-SEG-84", "geometry": {"type": "LineString", "coordinates": [[76.332177, 10.240769], [76.332533, 10.240925]]}, "properties": {"segment_id": "REROUTE-SEG-84", "hazard_coefficient": 0, "is_critical": false}}, {"type": "Feature", "id": "REROUTE-SEG-85", "geometry": {"type": "LineString", "coordinates": [[76.332533, 10.240925], [76.332881, 10.241035]]}, "properties": {"segment_id": "REROUTE-SEG-85", "hazard_coefficient": 0, "is_critical": false}}, {"type": "Feature", "id": "REROUTE-SEG-86", "geometry": {"type": "LineString", "coordinates": [[76.332881, 10.241035], [76.333185, 10.241102]]}, "properties": {"segment_id": "REROUTE-SEG-86", "hazard_coefficient": 0, "is_critical": false}}, {"type": "Feature", "id": "REROUTE-SEG-87", "geometry": {"type": "LineString", "coordinates": [[76.333185, 10.241102], [76.333102, 10.24163]]}, "properties": {"segment_id": "REROUTE-SEG-87", "hazard_coefficient": 0, "is_critical": false}}, {"type": "Feature", "id": "REROUTE-SEG-88", "geometry": {"type": "LineString", "coordinates": [[76.333102, 10.24163], [76.333001, 10.242019]]}, "properties": {"segment_id": "REROUTE-SEG-88", "hazard_coefficient": 0, "is_critical": false}}, {"type": "Feature", "id": "REROUTE-SEG-89", "geometry": {"type": "LineString", "coordinates": [[76.333001, 10.242019], [76.332906, 10.2424]]}, "properties": {"segment_id": "REROUTE-SEG-89", "hazard_coefficient": 0, "is_critical": false}}, {"type": "Feature", "id": "REROUTE-SEG-90", "geometry": {"type": "LineString", "coordinates": [[76.332906, 10.2424], [76.332831, 10.242793]]}, "properties": {"segment_id": "REROUTE-SEG-90", "hazard_coefficient": 0, "is_critical": false}}, {"type": "Feature", "id": "REROUTE-SEG-91", "geometry": {"type": "LineString", "coordinates": [[76.332831, 10.242793], [76.332772, 10.243069]]}, "properties": {"segment_id": "REROUTE-SEG-91", "hazard_coefficient": 0, "is_critical": false}}, {"type": "Feature", "id": "REROUTE-SEG-92", "geometry": {"type": "LineString", "coordinates": [[76.332772, 10.243069], [76.332875, 10.243114]]}, "properties": {"segment_id": "REROUTE-SEG-92", "hazard_coefficient": 0, "is_critical": false}}, {"type": "Feature", "id": "REROUTE-SEG-93", "geometry": {"type": "LineString", "coordinates": [[76.332875, 10.243114], [76.33299, 10.243183]]}, "properties": {"segment_id": "REROUTE-SEG-93", "hazard_coefficient": 0, "is_critical": false}}, {"type": "Feature", "id": "REROUTE-SEG-94", "geometry": {"type": "LineString", "coordinates": [[76.33299, 10.243183], [76.333228, 10.243284]]}, "properties": {"segment_id": "REROUTE-SEG-94", "hazard_coefficient": 0, "is_critical": false}}, {"type": "Feature", "id": "REROUTE-SEG-95", "geometry": {"type": "LineString", "coordinates": [[76.333228, 10.243284], [76.333268, 10.243395]]}, "properties": {"segment_id": "REROUTE-SEG-95", "hazard_coefficient": 0, "is_critical": false}}, {"type": "Feature", "id": "REROUTE-SEG-96", "geometry": {"type": "LineString", "coordinates": [[76.333268, 10.243395], [76.333252, 10.244371]]}, "properties": {"segment_id": "REROUTE-SEG-96", "hazard_coefficient": 0, "is_critical": false}}, {"type": "Feature", "id": "REROUTE-SEG-97", "geometry": {"type": "LineString", "coordinates": [[76.333252, 10.244371], [76.33333, 10.244533]]}, "properties": {"segment_id": "REROUTE-SEG-97", "hazard_coefficient": 0, "is_critical": false}}, {"type": "Feature", "id": "REROUTE-SEG-98", "geometry": {"type": "LineString", "coordinates": [[76.33333, 10.244533], [76.333368, 10.244576]]}, "properties": {"segment_id": "REROUTE-SEG-98", "hazard_coefficient": 0, "is_critical": false}}, {"type": "Feature", "id": "REROUTE-SEG-99", "geometry": {"type": "LineString", "coordinates": [[76.333368, 10.244576], [76.333606, 10.244844]]}, "properties": {"segment_id": "REROUTE-SEG-99", "hazard_coefficient": 0, "is_critical": false}}, {"type": "Feature", "id": "REROUTE-SEG-100", "geometry": {"type": "LineString", "coordinates": [[76.333606, 10.244844], [76.333566, 10.245159]]}, "properties": {"segment_id": "REROUTE-SEG-100", "hazard_coefficient": 0, "is_critical": false}}, {"type": "Feature", "id": "REROUTE-SEG-101", "geometry": {"type": "LineString", "coordinates": [[76.333566, 10.245159], [76.333355, 10.24586]]}, "properties": {"segment_id": "REROUTE-SEG-101", "hazard_coefficient": 0, "is_critical": false}}, {"type": "Feature", "id": "REROUTE-SEG-102", "geometry": {"type": "LineString", "coordinates": [[76.333355, 10.24586], [76.333252, 10.246203]]}, "properties": {"segment_id": "REROUTE-SEG-102", "hazard_coefficient": 0, "is_critical": false}}, {"type": "Feature", "id": "REROUTE-SEG-103", "geometry": {"type": "LineString", "coordinates": [[76.333252, 10.246203], [76.333241, 10.246945]]}, "properties": {"segment_id": "REROUTE-SEG-103", "hazard_coefficient": 0, "is_critical": false}}, {"type": "Feature", "id": "REROUTE-SEG-104", "geometry": {"type": "LineString", "coordinates": [[76.333241, 10.246945], [76.333145, 10.247433]]}, "properties": {"segment_id": "REROUTE-SEG-104", "hazard_coefficient": 0, "is_critical": false}}, {"type": "Feature", "id": "REROUTE-SEG-105", "geometry": {"type": "LineString", "coordinates": [[76.333145, 10.247433], [76.33315, 10.24747]]}, "properties": {"segment_id": "REROUTE-SEG-105", "hazard_coefficient": 0, "is_critical": false}}, {"type": "Feature", "id": "REROUTE-SEG-106", "geometry": {"type": "LineString", "coordinates": [[76.33315, 10.24747], [76.333201, 10.247845]]}, "properties": {"segment_id": "REROUTE-SEG-106", "hazard_coefficient": 0, "is_critical": false}}, {"type": "Feature", "id": "REROUTE-SEG-107", "geometry": {"type": "LineString", "coordinates": [[76.333201, 10.247845], [76.333419, 10.248185]]}, "properties": {"segment_id": "REROUTE-SEG-107", "hazard_coefficient": 0, "is_critical": false}}, {"type": "Feature", "id": "REROUTE-SEG-108", "geometry": {"type": "LineString", "coordinates": [[76.333419, 10.248185], [76.333314, 10.249149]]}, "properties": {"segment_id": "REROUTE-SEG-108", "hazard_coefficient": 0, "is_critical": false}}, {"type": "Feature", "id": "REROUTE-SEG-109", "geometry": {"type": "LineString", "coordinates": [[76.333314, 10.249149], [76.333288, 10.249821]]}, "properties": {"segment_id": "REROUTE-SEG-109", "hazard_coefficient": 0, "is_critical": false}}, {"type": "Feature", "id": "REROUTE-SEG-110", "geometry": {"type": "LineString", "coordinates": [[76.333288, 10.249821], [76.333266, 10.25041]]}, "properties": {"segment_id": "REROUTE-SEG-110", "hazard_coefficient": 0, "is_critical": false}}, {"type": "Feature", "id": "REROUTE-SEG-111", "geometry": {"type": "LineString", "coordinates": [[76.333266, 10.25041], [76.333265, 10.250437]]}, "properties": {"segment_id": "REROUTE-SEG-111", "hazard_coefficient": 0, "is_critical": false}}, {"type": "Feature", "id": "REROUTE-SEG-112", "geometry": {"type": "LineString", "coordinates": [[76.333265, 10.250437], [76.33326, 10.251132]]}, "properties": {"segment_id": "REROUTE-SEG-112", "hazard_coefficient": 0, "is_critical": false}}, {"type": "Feature", "id": "REROUTE-SEG-113", "geometry": {"type": "LineString", "coordinates": [[76.33326, 10.251132], [76.333338, 10.251606]]}, "properties": {"segment_id": "REROUTE-SEG-113", "hazard_coefficient": 0, "is_critical": false}}, {"type": "Feature", "id": "REROUTE-SEG-114", "geometry": {"type": "LineString", "coordinates": [[76.333338, 10.251606], [76.333663, 10.252084]]}, "properties": {"segment_id": "REROUTE-SEG-114", "hazard_coefficient": 0, "is_critical": false}}, {"type": "Feature", "id": "REROUTE-SEG-115", "geometry": {"type": "LineString", "coordinates": [[76.333663, 10.252084], [76.333772, 10.252245]]}, "properties": {"segment_id": "REROUTE-SEG-115", "hazard_coefficient": 0, "is_critical": false}}, {"type": "Feature", "id": "REROUTE-SEG-116", "geometry": {"type": "LineString", "coordinates": [[76.333772, 10.252245], [76.333917, 10.252596]]}, "properties": {"segment_id": "REROUTE-SEG-116", "hazard_coefficient": 0, "is_critical": false}}, {"type": "Feature", "id": "REROUTE-SEG-117", "geometry": {"type": "LineString", "coordinates": [[76.333917, 10.252596], [76.333948, 10.252957]]}, "properties": {"segment_id": "REROUTE-SEG-117", "hazard_coefficient": 0, "is_critical": false}}, {"type": "Feature", "id": "REROUTE-SEG-118", "geometry": {"type": "LineString", "coordinates": [[76.333948, 10.252957], [76.333982, 10.253345]]}, "properties": {"segment_id": "REROUTE-SEG-118", "hazard_coefficient": 0, "is_critical": false}}, {"type": "Feature", "id": "REROUTE-SEG-119", "geometry": {"type": "LineString", "coordinates": [[76.333982, 10.253345], [76.333997, 10.253482]]}, "properties": {"segment_id": "REROUTE-SEG-119", "hazard_coefficient": 0, "is_critical": false}}, {"type": "Feature", "id": "REROUTE-SEG-120", "geometry": {"type": "LineString", "coordinates": [[76.333997, 10.253482], [76.334008, 10.253571]]}, "properties": {"segment_id": "REROUTE-SEG-120", "hazard_coefficient": 0, "is_critical": false}}, {"type": "Feature", "id": "REROUTE-SEG-121", "geometry": {"type": "LineString", "coordinates": [[76.334008, 10.253571], [76.334023, 10.253704]]}, "properties": {"segment_id": "REROUTE-SEG-121", "hazard_coefficient": 0, "is_critical": false}}, {"type": "Feature", "id": "REROUTE-SEG-122", "geometry": {"type": "LineString", "coordinates": [[76.334023, 10.253704], [76.334069, 10.2541]]}, "properties": {"segment_id": "REROUTE-SEG-122", "hazard_coefficient": 0, "is_critical": false}}, {"type": "Feature", "id": "REROUTE-SEG-123", "geometry": {"type": "LineString", "coordinates": [[76.334069, 10.2541], [76.334094, 10.25432]]}, "properties": {"segment_id": "REROUTE-SEG-123", "hazard_coefficient": 0, "is_critical": false}}, {"type": "Feature", "id": "REROUTE-SEG-124", "geometry": {"type": "LineString", "coordinates": [[76.334094, 10.25432], [76.334427, 10.254824]]}, "properties": {"segment_id": "REROUTE-SEG-124", "hazard_coefficient": 0, "is_critical": false}}, {"type": "Feature", "id": "REROUTE-SEG-125", "geometry": {"type": "LineString", "coordinates": [[76.334427, 10.254824], [76.334961, 10.255623]]}, "properties": {"segment_id": "REROUTE-SEG-125", "hazard_coefficient": 0, "is_critical": false}}, {"type": "Feature", "id": "REROUTE-SEG-126", "geometry": {"type": "LineString", "coordinates": [[76.334961, 10.255623], [76.335085, 10.255823]]}, "properties": {"segment_id": "REROUTE-SEG-126", "hazard_coefficient": 0, "is_critical": false}}, {"type": "Feature", "id": "REROUTE-SEG-127", "geometry": {"type": "LineString", "coordinates": [[76.335085, 10.255823], [76.335178, 10.255972]]}, "properties": {"segment_id": "REROUTE-SEG-127", "hazard_coefficient": 0, "is_critical": false}}, {"type": "Feature", "id": "REROUTE-SEG-128", "geometry": {"type": "LineString", "coordinates": [[76.335178, 10.255972], [76.335436, 10.256394]]}, "properties": {"segment_id": "REROUTE-SEG-128", "hazard_coefficient": 0, "is_critical": false}}, {"type": "Feature", "id": "REROUTE-SEG-129", "geometry": {"type": "LineString", "coordinates": [[76.335436, 10.256394], [76.335672, 10.256631]]}, "properties": {"segment_id": "REROUTE-SEG-129", "hazard_coefficient": 0, "is_critical": false}}, {"type": "Feature", "id": "REROUTE-SEG-130", "geometry": {"type": "LineString", "coordinates": [[76.335672, 10.256631], [76.335781, 10.256703]]}, "properties": {"segment_id": "REROUTE-SEG-130", "hazard_coefficient": 0, "is_critical": false}}, {"type": "Feature", "id": "REROUTE-SEG-131", "geometry": {"type": "LineString", "coordinates": [[76.335781, 10.256703], [76.336098, 10.256911]]}, "properties": {"segment_id": "REROUTE-SEG-131", "hazard_coefficient": 0, "is_critical": false}}, {"type": "Feature", "id": "REROUTE-SEG-132", "geometry": {"type": "LineString", "coordinates": [[76.336098, 10.256911], [76.337825, 10.258315]]}, "properties": {"segment_id": "REROUTE-SEG-132", "hazard_coefficient": 0, "is_critical": false}}, {"type": "Feature", "id": "REROUTE-SEG-133", "geometry": {"type": "LineString", "coordinates": [[76.337825, 10.258315], [76.337939, 10.25842]]}, "properties": {"segment_id": "REROUTE-SEG-133", "hazard_coefficient": 0, "is_critical": false}}, {"type": "Feature", "id": "REROUTE-SEG-134", "geometry": {"type": "LineString", "coordinates": [[76.337939, 10.25842], [76.338329, 10.25878]]}, "properties": {"segment_id": "REROUTE-SEG-134", "hazard_coefficient": 0, "is_critical": false}}, {"type": "Feature", "id": "REROUTE-SEG-135", "geometry": {"type": "LineString", "coordinates": [[76.338329, 10.25878], [76.338787, 10.25938]]}, "properties": {"segment_id": "REROUTE-SEG-135", "hazard_coefficient": 0, "is_critical": false}}, {"type": "Feature", "id": "REROUTE-SEG-136", "geometry": {"type": "LineString", "coordinates": [[76.338787, 10.25938], [76.338834, 10.259443]]}, "properties": {"segment_id": "REROUTE-SEG-136", "hazard_coefficient": 0, "is_critical": false}}, {"type": "Feature", "id": "REROUTE-SEG-137", "geometry": {"type": "LineString", "coordinates": [[76.338834, 10.259443], [76.339267, 10.26001]]}, "properties": {"segment_id": "REROUTE-SEG-137", "hazard_coefficient": 0, "is_critical": false}}, {"type": "Feature", "id": "REROUTE-SEG-138", "geometry": {"type": "LineString", "coordinates": [[76.339267, 10.26001], [76.3395, 10.260316]]}, "properties": {"segment_id": "REROUTE-SEG-138", "hazard_coefficient": 0, "is_critical": false}}, {"type": "Feature", "id": "REROUTE-SEG-139", "geometry": {"type": "LineString", "coordinates": [[76.3395, 10.260316], [76.340271, 10.261324]]}, "properties": {"segment_id": "REROUTE-SEG-139", "hazard_coefficient": 0, "is_critical": false}}, {"type": "Feature", "id": "REROUTE-SEG-140", "geometry": {"type": "LineString", "coordinates": [[76.340271, 10.261324], [76.340959, 10.262243]]}, "properties": {"segment_id": "REROUTE-SEG-140", "hazard_coefficient": 0, "is_critical": false}}, {"type": "Feature", "id": "REROUTE-SEG-141", "geometry": {"type": "LineString", "coordinates": [[76.340959, 10.262243], [76.341153, 10.262501]]}, "properties": {"segment_id": "REROUTE-SEG-141", "hazard_coefficient": 0, "is_critical": false}}, {"type": "Feature", "id": "REROUTE-SEG-142", "geometry": {"type": "LineString", "coordinates": [[76.341153, 10.262501], [76.341623, 10.262971]]}, "properties": {"segment_id": "REROUTE-SEG-142", "hazard_coefficient": 0, "is_critical": false}}, {"type": "Feature", "id": "REROUTE-SEG-143", "geometry": {"type": "LineString", "coordinates": [[76.341623, 10.262971], [76.342081, 10.263341]]}, "properties": {"segment_id": "REROUTE-SEG-143", "hazard_coefficient": 0, "is_critical": false}}, {"type": "Feature", "id": "REROUTE-SEG-144", "geometry": {"type": "LineString", "coordinates": [[76.342081, 10.263341], [76.342151, 10.263384]]}, "properties": {"segment_id": "REROUTE-SEG-144", "hazard_coefficient": 0, "is_critical": false}}, {"type": "Feature", "id": "REROUTE-SEG-145", "geometry": {"type": "LineString", "coordinates": [[76.342151, 10.263384], [76.342588, 10.263654]]}, "properties": {"segment_id": "REROUTE-SEG-145", "hazard_coefficient": 0, "is_critical": false}}, {"type": "Feature", "id": "REROUTE-SEG-146", "geometry": {"type": "LineString", "coordinates": [[76.342588, 10.263654], [76.342604, 10.263652]]}, "properties": {"segment_id": "REROUTE-SEG-146", "hazard_coefficient": 0, "is_critical": false}}, {"type": "Feature", "id": "REROUTE-SEG-147", "geometry": {"type": "LineString", "coordinates": [[76.342604, 10.263652], [76.343522, 10.263557]]}, "properties": {"segment_id": "REROUTE-SEG-147", "hazard_coefficient": 0, "is_critical": false}}, {"type": "Feature", "id": "REROUTE-SEG-148", "geometry": {"type": "LineString", "coordinates": [[76.343522, 10.263557], [76.343877, 10.26359]]}, "properties": {"segment_id": "REROUTE-SEG-148", "hazard_coefficient": 0, "is_critical": false}}, {"type": "Feature", "id": "REROUTE-SEG-149", "geometry": {"type": "LineString", "coordinates": [[76.343877, 10.26359], [76.344379, 10.263636]]}, "properties": {"segment_id": "REROUTE-SEG-149", "hazard_coefficient": 0, "is_critical": false}}, {"type": "Feature", "id": "REROUTE-SEG-150", "geometry": {"type": "LineString", "coordinates": [[76.344379, 10.263636], [76.344748, 10.263669]]}, "properties": {"segment_id": "REROUTE-SEG-150", "hazard_coefficient": 0, "is_critical": false}}, {"type": "Feature", "id": "REROUTE-SEG-151", "geometry": {"type": "LineString", "coordinates": [[76.344748, 10.263669], [76.345188, 10.263707]]}, "properties": {"segment_id": "REROUTE-SEG-151", "hazard_coefficient": 0, "is_critical": false}}, {"type": "Feature", "id": "REROUTE-SEG-152", "geometry": {"type": "LineString", "coordinates": [[76.345188, 10.263707], [76.345809, 10.263762]]}, "properties": {"segment_id": "REROUTE-SEG-152", "hazard_coefficient": 0, "is_critical": false}}, {"type": "Feature", "id": "REROUTE-SEG-153", "geometry": {"type": "LineString", "coordinates": [[76.345809, 10.263762], [76.346268, 10.263818]]}, "properties": {"segment_id": "REROUTE-SEG-153", "hazard_coefficient": 0, "is_critical": false}}, {"type": "Feature", "id": "REROUTE-SEG-154", "geometry": {"type": "LineString", "coordinates": [[76.346268, 10.263818], [76.346436, 10.26387]]}, "properties": {"segment_id": "REROUTE-SEG-154", "hazard_coefficient": 0, "is_critical": false}}, {"type": "Feature", "id": "REROUTE-SEG-155", "geometry": {"type": "LineString", "coordinates": [[76.346436, 10.26387], [76.346848, 10.2641]]}, "properties": {"segment_id": "REROUTE-SEG-155", "hazard_coefficient": 0, "is_critical": false}}, {"type": "Feature", "id": "REROUTE-SEG-156", "geometry": {"type": "LineString", "coordinates": [[76.346848, 10.2641], [76.347206, 10.264194]]}, "properties": {"segment_id": "REROUTE-SEG-156", "hazard_coefficient": 0, "is_critical": false}}, {"type": "Feature", "id": "REROUTE-SEG-157", "geometry": {"type": "LineString", "coordinates": [[76.347206, 10.264194], [76.34728, 10.264258]]}, "properties": {"segment_id": "REROUTE-SEG-157", "hazard_coefficient": 0, "is_critical": false}}, {"type": "Feature", "id": "REROUTE-SEG-158", "geometry": {"type": "LineString", "coordinates": [[76.34728, 10.264258], [76.347297, 10.264355]]}, "properties": {"segment_id": "REROUTE-SEG-158", "hazard_coefficient": 0, "is_critical": false}}, {"type": "Feature", "id": "REROUTE-SEG-159", "geometry": {"type": "LineString", "coordinates": [[76.347297, 10.264355], [76.347251, 10.264909]]}, "properties": {"segment_id": "REROUTE-SEG-159", "hazard_coefficient": 0, "is_critical": false}}, {"type": "Feature", "id": "REROUTE-SEG-160", "geometry": {"type": "LineString", "coordinates": [[76.347251, 10.264909], [76.347265, 10.265026]]}, "properties": {"segment_id": "REROUTE-SEG-160", "hazard_coefficient": 0, "is_critical": false}}, {"type": "Feature", "id": "REROUTE-SEG-161", "geometry": {"type": "LineString", "coordinates": [[76.347265, 10.265026], [76.347272, 10.265083]]}, "properties": {"segment_id": "REROUTE-SEG-161", "hazard_coefficient": 0, "is_critical": false}}, {"type": "Feature", "id": "REROUTE-SEG-162", "geometry": {"type": "LineString", "coordinates": [[76.347272, 10.265083], [76.3473, 10.265129]]}, "properties": {"segment_id": "REROUTE-SEG-162", "hazard_coefficient": 0, "is_critical": false}}, {"type": "Feature", "id": "REROUTE-SEG-163", "geometry": {"type": "LineString", "coordinates": [[76.3473, 10.265129], [76.34735, 10.265157]]}, "properties": {"segment_id": "REROUTE-SEG-163", "hazard_coefficient": 0, "is_critical": false}}, {"type": "Feature", "id": "REROUTE-SEG-164", "geometry": {"type": "LineString", "coordinates": [[76.34735, 10.265157], [76.347409, 10.265165]]}, "properties": {"segment_id": "REROUTE-SEG-164", "hazard_coefficient": 0, "is_critical": false}}, {"type": "Feature", "id": "REROUTE-SEG-165", "geometry": {"type": "LineString", "coordinates": [[76.347409, 10.265165], [76.34783, 10.265129]]}, "properties": {"segment_id": "REROUTE-SEG-165", "hazard_coefficient": 0, "is_critical": false}}, {"type": "Feature", "id": "REROUTE-SEG-166", "geometry": {"type": "LineString", "coordinates": [[76.34783, 10.265129], [76.348226, 10.265034]]}, "properties": {"segment_id": "REROUTE-SEG-166", "hazard_coefficient": 0, "is_critical": false}}, {"type": "Feature", "id": "REROUTE-SEG-167", "geometry": {"type": "LineString", "coordinates": [[76.348226, 10.265034], [76.348607, 10.264936]]}, "properties": {"segment_id": "REROUTE-SEG-167", "hazard_coefficient": 0, "is_critical": false}}, {"type": "Feature", "id": "REROUTE-SEG-168", "geometry": {"type": "LineString", "coordinates": [[76.348607, 10.264936], [76.348703, 10.264959]]}, "properties": {"segment_id": "REROUTE-SEG-168", "hazard_coefficient": 0, "is_critical": false}}, {"type": "Feature", "id": "REROUTE-SEG-169", "geometry": {"type": "LineString", "coordinates": [[76.348703, 10.264959], [76.348824, 10.264987]]}, "properties": {"segment_id": "REROUTE-SEG-169", "hazard_coefficient": 0, "is_critical": false}}, {"type": "Feature", "id": "REROUTE-SEG-170", "geometry": {"type": "LineString", "coordinates": [[76.348824, 10.264987], [76.349058, 10.265098]]}, "properties": {"segment_id": "REROUTE-SEG-170", "hazard_coefficient": 0, "is_critical": false}}, {"type": "Feature", "id": "REROUTE-SEG-171", "geometry": {"type": "LineString", "coordinates": [[76.349058, 10.265098], [76.349143, 10.265155]]}, "properties": {"segment_id": "REROUTE-SEG-171", "hazard_coefficient": 0, "is_critical": false}}, {"type": "Feature", "id": "REROUTE-SEG-172", "geometry": {"type": "LineString", "coordinates": [[76.349143, 10.265155], [76.349211, 10.265221]]}, "properties": {"segment_id": "REROUTE-SEG-172", "hazard_coefficient": 0, "is_critical": false}}, {"type": "Feature", "id": "REROUTE-SEG-173", "geometry": {"type": "LineString", "coordinates": [[76.349211, 10.265221], [76.349337, 10.265369]]}, "properties": {"segment_id": "REROUTE-SEG-173", "hazard_coefficient": 0, "is_critical": false}}, {"type": "Feature", "id": "REROUTE-SEG-174", "geometry": {"type": "LineString", "coordinates": [[76.349337, 10.265369], [76.349451, 10.265602]]}, "properties": {"segment_id": "REROUTE-SEG-174", "hazard_coefficient": 0, "is_critical": false}}, {"type": "Feature", "id": "REROUTE-SEG-175", "geometry": {"type": "LineString", "coordinates": [[76.349451, 10.265602], [76.349513, 10.265807]]}, "properties": {"segment_id": "REROUTE-SEG-175", "hazard_coefficient": 0, "is_critical": false}}, {"type": "Feature", "id": "REROUTE-SEG-176", "geometry": {"type": "LineString", "coordinates": [[76.349513, 10.265807], [76.349608, 10.266551]]}, "properties": {"segment_id": "REROUTE-SEG-176", "hazard_coefficient": 0, "is_critical": false}}, {"type": "Feature", "id": "REROUTE-SEG-177", "geometry": {"type": "LineString", "coordinates": [[76.349608, 10.266551], [76.349625, 10.26678]]}, "properties": {"segment_id": "REROUTE-SEG-177", "hazard_coefficient": 0, "is_critical": false}}, {"type": "Feature", "id": "REROUTE-SEG-178", "geometry": {"type": "LineString", "coordinates": [[76.349625, 10.26678], [76.34966, 10.26718]]}, "properties": {"segment_id": "REROUTE-SEG-178", "hazard_coefficient": 0, "is_critical": false}}, {"type": "Feature", "id": "REROUTE-SEG-179", "geometry": {"type": "LineString", "coordinates": [[76.34966, 10.26718], [76.349648, 10.267383]]}, "properties": {"segment_id": "REROUTE-SEG-179", "hazard_coefficient": 0, "is_critical": false}}, {"type": "Feature", "id": "REROUTE-SEG-180", "geometry": {"type": "LineString", "coordinates": [[76.349648, 10.267383], [76.349569, 10.267554]]}, "properties": {"segment_id": "REROUTE-SEG-180", "hazard_coefficient": 0, "is_critical": false}}, {"type": "Feature", "id": "REROUTE-SEG-181", "geometry": {"type": "LineString", "coordinates": [[76.349569, 10.267554], [76.349301, 10.267899]]}, "properties": {"segment_id": "REROUTE-SEG-181", "hazard_coefficient": 0, "is_critical": false}}, {"type": "Feature", "id": "REROUTE-SEG-182", "geometry": {"type": "LineString", "coordinates": [[76.349301, 10.267899], [76.349273, 10.26794]]}, "properties": {"segment_id": "REROUTE-SEG-182", "hazard_coefficient": 0, "is_critical": false}}, {"type": "Feature", "id": "REROUTE-SEG-183", "geometry": {"type": "LineString", "coordinates": [[76.349273, 10.26794], [76.349244, 10.267972]]}, "properties": {"segment_id": "REROUTE-SEG-183", "hazard_coefficient": 0, "is_critical": false}}, {"type": "Feature", "id": "REROUTE-SEG-184", "geometry": {"type": "LineString", "coordinates": [[76.349244, 10.267972], [76.349222, 10.267997]]}, "properties": {"segment_id": "REROUTE-SEG-184", "hazard_coefficient": 0, "is_critical": false}}, {"type": "Feature", "id": "REROUTE-SEG-185", "geometry": {"type": "LineString", "coordinates": [[76.349222, 10.267997], [76.349206, 10.268025]]}, "properties": {"segment_id": "REROUTE-SEG-185", "hazard_coefficient": 0, "is_critical": false}}, {"type": "Feature", "id": "REROUTE-SEG-186", "geometry": {"type": "LineString", "coordinates": [[76.349206, 10.268025], [76.349191, 10.26806]]}, "properties": {"segment_id": "REROUTE-SEG-186", "hazard_coefficient": 0, "is_critical": false}}, {"type": "Feature", "id": "REROUTE-SEG-187", "geometry": {"type": "LineString", "coordinates": [[76.349191, 10.26806], [76.349169, 10.26816]]}, "properties": {"segment_id": "REROUTE-SEG-187", "hazard_coefficient": 0, "is_critical": false}}, {"type": "Feature", "id": "REROUTE-SEG-188", "geometry": {"type": "LineString", "coordinates": [[76.349169, 10.26816], [76.349158, 10.268251]]}, "properties": {"segment_id": "REROUTE-SEG-188", "hazard_coefficient": 0, "is_critical": false}}, {"type": "Feature", "id": "REROUTE-SEG-189", "geometry": {"type": "LineString", "coordinates": [[76.349158, 10.268251], [76.349154, 10.268329]]}, "properties": {"segment_id": "REROUTE-SEG-189", "hazard_coefficient": 0, "is_critical": false}}, {"type": "Feature", "id": "REROUTE-SEG-190", "geometry": {"type": "LineString", "coordinates": [[76.349154, 10.268329], [76.349128, 10.26836]]}, "properties": {"segment_id": "REROUTE-SEG-190", "hazard_coefficient": 0, "is_critical": false}}, {"type": "Feature", "id": "REROUTE-SEG-191", "geometry": {"type": "LineString", "coordinates": [[76.349128, 10.26836], [76.34882, 10.268817]]}, "properties": {"segment_id": "REROUTE-SEG-191", "hazard_coefficient": 0, "is_critical": false}}, {"type": "Feature", "id": "REROUTE-SEG-192", "geometry": {"type": "LineString", "coordinates": [[76.34882, 10.268817], [76.348597, 10.269145]]}, "properties": {"segment_id": "REROUTE-SEG-192", "hazard_coefficient": 0, "is_critical": false}}, {"type": "Feature", "id": "REROUTE-SEG-193", "geometry": {"type": "LineString", "coordinates": [[76.348597, 10.269145], [76.34823, 10.26999]]}, "properties": {"segment_id": "REROUTE-SEG-193", "hazard_coefficient": 0, "is_critical": false}}, {"type": "Feature", "id": "REROUTE-SEG-194", "geometry": {"type": "LineString", "coordinates": [[76.34823, 10.26999], [76.347983, 10.270611]]}, "properties": {"segment_id": "REROUTE-SEG-194", "hazard_coefficient": 0, "is_critical": false}}, {"type": "Feature", "id": "REROUTE-SEG-195", "geometry": {"type": "LineString", "coordinates": [[76.347983, 10.270611], [76.347983, 10.270611]]}, "properties": {"segment_id": "REROUTE-SEG-195", "hazard_coefficient": 0, "is_critical": false}}, {"type": "Feature", "id": "REROUTE-SEG-196", "geometry": {"type": "LineString", "coordinates": [[76.347983, 10.270611], [76.347653, 10.271432]]}, "properties": {"segment_id": "REROUTE-SEG-196", "hazard_coefficient": 0, "is_critical": false}}, {"type": "Feature", "id": "REROUTE-SEG-197", "geometry": {"type": "LineString", "coordinates": [[76.347653, 10.271432], [76.347699, 10.271471]]}, "properties": {"segment_id": "REROUTE-SEG-197", "hazard_coefficient": 0, "is_critical": false}}, {"type": "Feature", "id": "REROUTE-SEG-198", "geometry": {"type": "LineString", "coordinates": [[76.347699, 10.271471], [76.34769, 10.271494]]}, "properties": {"segment_id": "REROUTE-SEG-198", "hazard_coefficient": 0, "is_critical": false}}, {"type": "Feature", "id": "REROUTE-SEG-199", "geometry": {"type": "LineString", "coordinates": [[76.34769, 10.271494], [76.347676, 10.271527]]}, "properties": {"segment_id": "REROUTE-SEG-199", "hazard_coefficient": 0, "is_critical": false}}, {"type": "Feature", "id": "REROUTE-SEG-200", "geometry": {"type": "LineString", "coordinates": [[76.347676, 10.271527], [76.347667, 10.27155]]}, "properties": {"segment_id": "REROUTE-SEG-200", "hazard_coefficient": 0, "is_critical": false}}, {"type": "Feature", "id": "REROUTE-SEG-201", "geometry": {"type": "LineString", "coordinates": [[76.347667, 10.27155], [76.347658, 10.271572]]}, "properties": {"segment_id": "REROUTE-SEG-201", "hazard_coefficient": 0, "is_critical": false}}, {"type": "Feature", "id": "REROUTE-SEG-202", "geometry": {"type": "LineString", "coordinates": [[76.347658, 10.271572], [76.347639, 10.271621]]}, "properties": {"segment_id": "REROUTE-SEG-202", "hazard_coefficient": 0, "is_critical": false}}, {"type": "Feature", "id": "REROUTE-SEG-203", "geometry": {"type": "LineString", "coordinates": [[76.347639, 10.271621], [76.347628, 10.271647]]}, "properties": {"segment_id": "REROUTE-SEG-203", "hazard_coefficient": 0, "is_critical": false}}, {"type": "Feature", "id": "REROUTE-SEG-204", "geometry": {"type": "LineString", "coordinates": [[76.347628, 10.271647], [76.347609, 10.271694]]}, "properties": {"segment_id": "REROUTE-SEG-204", "hazard_coefficient": 0, "is_critical": false}}, {"type": "Feature", "id": "REROUTE-SEG-205", "geometry": {"type": "LineString", "coordinates": [[76.347609, 10.271694], [76.347581, 10.271765]]}, "properties": {"segment_id": "REROUTE-SEG-205", "hazard_coefficient": 0, "is_critical": false}}, {"type": "Feature", "id": "REROUTE-SEG-206", "geometry": {"type": "LineString", "coordinates": [[76.347581, 10.271765], [76.34756, 10.271817]]}, "properties": {"segment_id": "REROUTE-SEG-206", "hazard_coefficient": 0, "is_critical": false}}, {"type": "Feature", "id": "REROUTE-SEG-207", "geometry": {"type": "LineString", "coordinates": [[76.34756, 10.271817], [76.347547, 10.271849]]}, "properties": {"segment_id": "REROUTE-SEG-207", "hazard_coefficient": 0, "is_critical": false}}, {"type": "Feature", "id": "REROUTE-SEG-208", "geometry": {"type": "LineString", "coordinates": [[76.347547, 10.271849], [76.347524, 10.271909]]}, "properties": {"segment_id": "REROUTE-SEG-208", "hazard_coefficient": 0, "is_critical": false}}, {"type": "Feature", "id": "REROUTE-SEG-209", "geometry": {"type": "LineString", "coordinates": [[76.347524, 10.271909], [76.347498, 10.271979]]}, "properties": {"segment_id": "REROUTE-SEG-209", "hazard_coefficient": 0, "is_critical": false}}, {"type": "Feature", "id": "REROUTE-SEG-210", "geometry": {"type": "LineString", "coordinates": [[76.347498, 10.271979], [76.347475, 10.272041]]}, "properties": {"segment_id": "REROUTE-SEG-210", "hazard_coefficient": 0, "is_critical": false}}, {"type": "Feature", "id": "REROUTE-SEG-211", "geometry": {"type": "LineString", "coordinates": [[76.347475, 10.272041], [76.347432, 10.272158]]}, "properties": {"segment_id": "REROUTE-SEG-211", "hazard_coefficient": 0, "is_critical": false}}, {"type": "Feature", "id": "REROUTE-SEG-212", "geometry": {"type": "LineString", "coordinates": [[76.347432, 10.272158], [76.347402, 10.272239]]}, "properties": {"segment_id": "REROUTE-SEG-212", "hazard_coefficient": 0, "is_critical": false}}, {"type": "Feature", "id": "REROUTE-SEG-213", "geometry": {"type": "LineString", "coordinates": [[76.347402, 10.272239], [76.34737, 10.272324]]}, "properties": {"segment_id": "REROUTE-SEG-213", "hazard_coefficient": 0, "is_critical": false}}, {"type": "Feature", "id": "REROUTE-SEG-214", "geometry": {"type": "LineString", "coordinates": [[76.34737, 10.272324], [76.347327, 10.272426]]}, "properties": {"segment_id": "REROUTE-SEG-214", "hazard_coefficient": 0, "is_critical": false}}, {"type": "Feature", "id": "REROUTE-SEG-215", "geometry": {"type": "LineString", "coordinates": [[76.347327, 10.272426], [76.347297, 10.272497]]}, "properties": {"segment_id": "REROUTE-SEG-215", "hazard_coefficient": 0, "is_critical": false}}, {"type": "Feature", "id": "REROUTE-SEG-216", "geometry": {"type": "LineString", "coordinates": [[76.347297, 10.272497], [76.347261, 10.272581]]}, "properties": {"segment_id": "REROUTE-SEG-216", "hazard_coefficient": 0, "is_critical": false}}, {"type": "Feature", "id": "REROUTE-SEG-217", "geometry": {"type": "LineString", "coordinates": [[76.347261, 10.272581], [76.347215, 10.272691]]}, "properties": {"segment_id": "REROUTE-SEG-217", "hazard_coefficient": 0, "is_critical": false}}, {"type": "Feature", "id": "REROUTE-SEG-218", "geometry": {"type": "LineString", "coordinates": [[76.347215, 10.272691], [76.347148, 10.272847]]}, "properties": {"segment_id": "REROUTE-SEG-218", "hazard_coefficient": 0, "is_critical": false}}, {"type": "Feature", "id": "REROUTE-SEG-219", "geometry": {"type": "LineString", "coordinates": [[76.347148, 10.272847], [76.347103, 10.272954]]}, "properties": {"segment_id": "REROUTE-SEG-219", "hazard_coefficient": 0, "is_critical": false}}, {"type": "Feature", "id": "REROUTE-SEG-220", "geometry": {"type": "LineString", "coordinates": [[76.347103, 10.272954], [76.347077, 10.273016]]}, "properties": {"segment_id": "REROUTE-SEG-220", "hazard_coefficient": 0, "is_critical": false}}, {"type": "Feature", "id": "REROUTE-SEG-221", "geometry": {"type": "LineString", "coordinates": [[76.347077, 10.273016], [76.34694, 10.273285]]}, "properties": {"segment_id": "REROUTE-SEG-221", "hazard_coefficient": 0, "is_critical": false}}, {"type": "Feature", "id": "REROUTE-SEG-222", "geometry": {"type": "LineString", "coordinates": [[76.34694, 10.273285], [76.346773, 10.273567]]}, "properties": {"segment_id": "REROUTE-SEG-222", "hazard_coefficient": 0, "is_critical": false}}, {"type": "Feature", "id": "REROUTE-SEG-223", "geometry": {"type": "LineString", "coordinates": [[76.346773, 10.273567], [76.346604, 10.273824]]}, "properties": {"segment_id": "REROUTE-SEG-223", "hazard_coefficient": 0, "is_critical": false}}, {"type": "Feature", "id": "REROUTE-SEG-224", "geometry": {"type": "LineString", "coordinates": [[76.346604, 10.273824], [76.34642, 10.274067]]}, "properties": {"segment_id": "REROUTE-SEG-224", "hazard_coefficient": 0, "is_critical": false}}, {"type": "Feature", "id": "REROUTE-SEG-225", "geometry": {"type": "LineString", "coordinates": [[76.34642, 10.274067], [76.346269, 10.274255]]}, "properties": {"segment_id": "REROUTE-SEG-225", "hazard_coefficient": 0, "is_critical": false}}, {"type": "Feature", "id": "REROUTE-SEG-226", "geometry": {"type": "LineString", "coordinates": [[76.346269, 10.274255], [76.345924, 10.274689]]}, "properties": {"segment_id": "REROUTE-SEG-226", "hazard_coefficient": 0, "is_critical": false}}, {"type": "Feature", "id": "REROUTE-SEG-227", "geometry": {"type": "LineString", "coordinates": [[76.345924, 10.274689], [76.345687, 10.274984]]}, "properties": {"segment_id": "REROUTE-SEG-227", "hazard_coefficient": 0, "is_critical": false}}, {"type": "Feature", "id": "REROUTE-SEG-228", "geometry": {"type": "LineString", "coordinates": [[76.345687, 10.274984], [76.34501, 10.27583]]}, "properties": {"segment_id": "REROUTE-SEG-228", "hazard_coefficient": 0, "is_critical": false}}, {"type": "Feature", "id": "REROUTE-SEG-229", "geometry": {"type": "LineString", "coordinates": [[76.34501, 10.27583], [76.344855, 10.276046]]}, "properties": {"segment_id": "REROUTE-SEG-229", "hazard_coefficient": 0, "is_critical": false}}, {"type": "Feature", "id": "REROUTE-SEG-230", "geometry": {"type": "LineString", "coordinates": [[76.344855, 10.276046], [76.344679, 10.276304]]}, "properties": {"segment_id": "REROUTE-SEG-230", "hazard_coefficient": 0, "is_critical": false}}, {"type": "Feature", "id": "REROUTE-SEG-231", "geometry": {"type": "LineString", "coordinates": [[76.344679, 10.276304], [76.344542, 10.276554]]}, "properties": {"segment_id": "REROUTE-SEG-231", "hazard_coefficient": 0, "is_critical": false}}, {"type": "Feature", "id": "REROUTE-SEG-232", "geometry": {"type": "LineString", "coordinates": [[76.344542, 10.276554], [76.344399, 10.276854]]}, "properties": {"segment_id": "REROUTE-SEG-232", "hazard_coefficient": 0, "is_critical": false}}, {"type": "Feature", "id": "REROUTE-SEG-233", "geometry": {"type": "LineString", "coordinates": [[76.344399, 10.276854], [76.344286, 10.277143]]}, "properties": {"segment_id": "REROUTE-SEG-233", "hazard_coefficient": 0, "is_critical": false}}, {"type": "Feature", "id": "REROUTE-SEG-234", "geometry": {"type": "LineString", "coordinates": [[76.344286, 10.277143], [76.344176, 10.277478]]}, "properties": {"segment_id": "REROUTE-SEG-234", "hazard_coefficient": 0, "is_critical": false}}, {"type": "Feature", "id": "REROUTE-SEG-235", "geometry": {"type": "LineString", "coordinates": [[76.344176, 10.277478], [76.344111, 10.277757]]}, "properties": {"segment_id": "REROUTE-SEG-235", "hazard_coefficient": 0, "is_critical": false}}, {"type": "Feature", "id": "REROUTE-SEG-236", "geometry": {"type": "LineString", "coordinates": [[76.344111, 10.277757], [76.344062, 10.278056]]}, "properties": {"segment_id": "REROUTE-SEG-236", "hazard_coefficient": 0, "is_critical": false}}, {"type": "Feature", "id": "REROUTE-SEG-237", "geometry": {"type": "LineString", "coordinates": [[76.344062, 10.278056], [76.344031, 10.278341]]}, "properties": {"segment_id": "REROUTE-SEG-237", "hazard_coefficient": 0, "is_critical": false}}, {"type": "Feature", "id": "REROUTE-SEG-238", "geometry": {"type": "LineString", "coordinates": [[76.344031, 10.278341], [76.344029, 10.280057]]}, "properties": {"segment_id": "REROUTE-SEG-238", "hazard_coefficient": 0, "is_critical": false}}, {"type": "Feature", "id": "REROUTE-SEG-239", "geometry": {"type": "LineString", "coordinates": [[76.344029, 10.280057], [76.344024, 10.280504]]}, "properties": {"segment_id": "REROUTE-SEG-239", "hazard_coefficient": 0, "is_critical": false}}, {"type": "Feature", "id": "REROUTE-SEG-240", "geometry": {"type": "LineString", "coordinates": [[76.344024, 10.280504], [76.344009, 10.280713]]}, "properties": {"segment_id": "REROUTE-SEG-240", "hazard_coefficient": 0, "is_critical": false}}, {"type": "Feature", "id": "REROUTE-SEG-241", "geometry": {"type": "LineString", "coordinates": [[76.344009, 10.280713], [76.343985, 10.280937]]}, "properties": {"segment_id": "REROUTE-SEG-241", "hazard_coefficient": 0, "is_critical": false}}, {"type": "Feature", "id": "REROUTE-SEG-242", "geometry": {"type": "LineString", "coordinates": [[76.343985, 10.280937], [76.343941, 10.281226]]}, "properties": {"segment_id": "REROUTE-SEG-242", "hazard_coefficient": 0, "is_critical": false}}, {"type": "Feature", "id": "REROUTE-SEG-243", "geometry": {"type": "LineString", "coordinates": [[76.343941, 10.281226], [76.343873, 10.281518]]}, "properties": {"segment_id": "REROUTE-SEG-243", "hazard_coefficient": 0, "is_critical": false}}, {"type": "Feature", "id": "REROUTE-SEG-244", "geometry": {"type": "LineString", "coordinates": [[76.343873, 10.281518], [76.343819, 10.281733]]}, "properties": {"segment_id": "REROUTE-SEG-244", "hazard_coefficient": 0, "is_critical": false}}, {"type": "Feature", "id": "REROUTE-SEG-245", "geometry": {"type": "LineString", "coordinates": [[76.343819, 10.281733], [76.343746, 10.281972]]}, "properties": {"segment_id": "REROUTE-SEG-245", "hazard_coefficient": 0, "is_critical": false}}, {"type": "Feature", "id": "REROUTE-SEG-246", "geometry": {"type": "LineString", "coordinates": [[76.343746, 10.281972], [76.34366, 10.282222]]}, "properties": {"segment_id": "REROUTE-SEG-246", "hazard_coefficient": 0, "is_critical": false}}, {"type": "Feature", "id": "REROUTE-SEG-247", "geometry": {"type": "LineString", "coordinates": [[76.34366, 10.282222], [76.343534, 10.282522]]}, "properties": {"segment_id": "REROUTE-SEG-247", "hazard_coefficient": 0, "is_critical": false}}, {"type": "Feature", "id": "REROUTE-SEG-248", "geometry": {"type": "LineString", "coordinates": [[76.343534, 10.282522], [76.34323, 10.283142]]}, "properties": {"segment_id": "REROUTE-SEG-248", "hazard_coefficient": 0, "is_critical": false}}, {"type": "Feature", "id": "REROUTE-SEG-249", "geometry": {"type": "LineString", "coordinates": [[76.34323, 10.283142], [76.343041, 10.283559]]}, "properties": {"segment_id": "REROUTE-SEG-249", "hazard_coefficient": 0, "is_critical": false}}, {"type": "Feature", "id": "REROUTE-SEG-250", "geometry": {"type": "LineString", "coordinates": [[76.343041, 10.283559], [76.342959, 10.283739]]}, "properties": {"segment_id": "REROUTE-SEG-250", "hazard_coefficient": 0, "is_critical": false}}, {"type": "Feature", "id": "REROUTE-SEG-251", "geometry": {"type": "LineString", "coordinates": [[76.342959, 10.283739], [76.342871, 10.283934]]}, "properties": {"segment_id": "REROUTE-SEG-251", "hazard_coefficient": 0, "is_critical": false}}, {"type": "Feature", "id": "REROUTE-SEG-252", "geometry": {"type": "LineString", "coordinates": [[76.342871, 10.283934], [76.342992, 10.283967]]}, "properties": {"segment_id": "REROUTE-SEG-252", "hazard_coefficient": 0, "is_critical": false}}, {"type": "Feature", "id": "REROUTE-SEG-253", "geometry": {"type": "LineString", "coordinates": [[76.342992, 10.283967], [76.343054, 10.283998]]}, "properties": {"segment_id": "REROUTE-SEG-253", "hazard_coefficient": 0, "is_critical": false}}, {"type": "Feature", "id": "REROUTE-SEG-254", "geometry": {"type": "LineString", "coordinates": [[76.343054, 10.283998], [76.344277, 10.284744]]}, "properties": {"segment_id": "REROUTE-SEG-254", "hazard_coefficient": 0, "is_critical": false}}, {"type": "Feature", "id": "REROUTE-SEG-255", "geometry": {"type": "LineString", "coordinates": [[76.344277, 10.284744], [76.34435, 10.284789]]}, "properties": {"segment_id": "REROUTE-SEG-255", "hazard_coefficient": 0, "is_critical": false}}, {"type": "Feature", "id": "REROUTE-SEG-256", "geometry": {"type": "LineString", "coordinates": [[76.34435, 10.284789], [76.344538, 10.284886]]}, "properties": {"segment_id": "REROUTE-SEG-256", "hazard_coefficient": 0, "is_critical": false}}, {"type": "Feature", "id": "REROUTE-SEG-257", "geometry": {"type": "LineString", "coordinates": [[76.344538, 10.284886], [76.344761, 10.284935]]}, "properties": {"segment_id": "REROUTE-SEG-257", "hazard_coefficient": 0, "is_critical": false}}, {"type": "Feature", "id": "REROUTE-SEG-258", "geometry": {"type": "LineString", "coordinates": [[76.344761, 10.284935], [76.345199, 10.285019]]}, "properties": {"segment_id": "REROUTE-SEG-258", "hazard_coefficient": 0, "is_critical": false}}, {"type": "Feature", "id": "REROUTE-SEG-259", "geometry": {"type": "LineString", "coordinates": [[76.345199, 10.285019], [76.345521, 10.285109]]}, "properties": {"segment_id": "REROUTE-SEG-259", "hazard_coefficient": 0, "is_critical": false}}, {"type": "Feature", "id": "REROUTE-SEG-260", "geometry": {"type": "LineString", "coordinates": [[76.345521, 10.285109], [76.345679, 10.285163]]}, "properties": {"segment_id": "REROUTE-SEG-260", "hazard_coefficient": 0, "is_critical": false}}, {"type": "Feature", "id": "REROUTE-SEG-261", "geometry": {"type": "LineString", "coordinates": [[76.345679, 10.285163], [76.345828, 10.285239]]}, "properties": {"segment_id": "REROUTE-SEG-261", "hazard_coefficient": 0, "is_critical": false}}, {"type": "Feature", "id": "REROUTE-SEG-262", "geometry": {"type": "LineString", "coordinates": [[76.345828, 10.285239], [76.346587, 10.285786]]}, "properties": {"segment_id": "REROUTE-SEG-262", "hazard_coefficient": 0, "is_critical": false}}, {"type": "Feature", "id": "REROUTE-SEG-263", "geometry": {"type": "LineString", "coordinates": [[76.346587, 10.285786], [76.346918, 10.285973]]}, "properties": {"segment_id": "REROUTE-SEG-263", "hazard_coefficient": 0, "is_critical": false}}, {"type": "Feature", "id": "REROUTE-SEG-264", "geometry": {"type": "LineString", "coordinates": [[76.346918, 10.285973], [76.347084, 10.286057]]}, "properties": {"segment_id": "REROUTE-SEG-264", "hazard_coefficient": 0, "is_critical": false}}, {"type": "Feature", "id": "REROUTE-SEG-265", "geometry": {"type": "LineString", "coordinates": [[76.347084, 10.286057], [76.347165, 10.286109]]}, "properties": {"segment_id": "REROUTE-SEG-265", "hazard_coefficient": 0, "is_critical": false}}, {"type": "Feature", "id": "REROUTE-SEG-266", "geometry": {"type": "LineString", "coordinates": [[76.347165, 10.286109], [76.347231, 10.286162]]}, "properties": {"segment_id": "REROUTE-SEG-266", "hazard_coefficient": 0, "is_critical": false}}, {"type": "Feature", "id": "REROUTE-SEG-267", "geometry": {"type": "LineString", "coordinates": [[76.347231, 10.286162], [76.347339, 10.286308]]}, "properties": {"segment_id": "REROUTE-SEG-267", "hazard_coefficient": 0, "is_critical": false}}, {"type": "Feature", "id": "REROUTE-SEG-268", "geometry": {"type": "LineString", "coordinates": [[76.347339, 10.286308], [76.348363, 10.287694]]}, "properties": {"segment_id": "REROUTE-SEG-268", "hazard_coefficient": 0, "is_critical": false}}, {"type": "Feature", "id": "REROUTE-SEG-269", "geometry": {"type": "LineString", "coordinates": [[76.348363, 10.287694], [76.348411, 10.287764]]}, "properties": {"segment_id": "REROUTE-SEG-269", "hazard_coefficient": 0, "is_critical": false}}, {"type": "Feature", "id": "REROUTE-SEG-270", "geometry": {"type": "LineString", "coordinates": [[76.348411, 10.287764], [76.348998, 10.289098]]}, "properties": {"segment_id": "REROUTE-SEG-270", "hazard_coefficient": 0, "is_critical": false}}, {"type": "Feature", "id": "REROUTE-SEG-271", "geometry": {"type": "LineString", "coordinates": [[76.348998, 10.289098], [76.349508, 10.290774]]}, "properties": {"segment_id": "REROUTE-SEG-271", "hazard_coefficient": 0, "is_critical": false}}, {"type": "Feature", "id": "REROUTE-SEG-272", "geometry": {"type": "LineString", "coordinates": [[76.349508, 10.290774], [76.349525, 10.290892]]}, "properties": {"segment_id": "REROUTE-SEG-272", "hazard_coefficient": 0, "is_critical": false}}, {"type": "Feature", "id": "REROUTE-SEG-273", "geometry": {"type": "LineString", "coordinates": [[76.349525, 10.290892], [76.349528, 10.291024]]}, "properties": {"segment_id": "REROUTE-SEG-273", "hazard_coefficient": 0, "is_critical": false}}, {"type": "Feature", "id": "REROUTE-SEG-274", "geometry": {"type": "LineString", "coordinates": [[76.349528, 10.291024], [76.34951, 10.291258]]}, "properties": {"segment_id": "REROUTE-SEG-274", "hazard_coefficient": 0, "is_critical": false}}, {"type": "Feature", "id": "REROUTE-SEG-275", "geometry": {"type": "LineString", "coordinates": [[76.34951, 10.291258], [76.349516, 10.29235]]}, "properties": {"segment_id": "REROUTE-SEG-275", "hazard_coefficient": 0, "is_critical": false}}, {"type": "Feature", "id": "REROUTE-SEG-276", "geometry": {"type": "LineString", "coordinates": [[76.349516, 10.29235], [76.349509, 10.292435]]}, "properties": {"segment_id": "REROUTE-SEG-276", "hazard_coefficient": 0, "is_critical": false}}, {"type": "Feature", "id": "REROUTE-SEG-277", "geometry": {"type": "LineString", "coordinates": [[76.349509, 10.292435], [76.349501, 10.292546]]}, "properties": {"segment_id": "REROUTE-SEG-277", "hazard_coefficient": 0, "is_critical": false}}, {"type": "Feature", "id": "REROUTE-SEG-278", "geometry": {"type": "LineString", "coordinates": [[76.349501, 10.292546], [76.349528, 10.29264]]}, "properties": {"segment_id": "REROUTE-SEG-278", "hazard_coefficient": 0, "is_critical": false}}, {"type": "Feature", "id": "REROUTE-SEG-279", "geometry": {"type": "LineString", "coordinates": [[76.349528, 10.29264], [76.349568, 10.292708]]}, "properties": {"segment_id": "REROUTE-SEG-279", "hazard_coefficient": 0, "is_critical": false}}, {"type": "Feature", "id": "REROUTE-SEG-280", "geometry": {"type": "LineString", "coordinates": [[76.349568, 10.292708], [76.349609, 10.292734]]}, "properties": {"segment_id": "REROUTE-SEG-280", "hazard_coefficient": 0, "is_critical": false}}, {"type": "Feature", "id": "REROUTE-SEG-281", "geometry": {"type": "LineString", "coordinates": [[76.349609, 10.292734], [76.349689, 10.292744]]}, "properties": {"segment_id": "REROUTE-SEG-281", "hazard_coefficient": 0, "is_critical": false}}, {"type": "Feature", "id": "REROUTE-SEG-282", "geometry": {"type": "LineString", "coordinates": [[76.349689, 10.292744], [76.349804, 10.292731]]}, "properties": {"segment_id": "REROUTE-SEG-282", "hazard_coefficient": 0, "is_critical": false}}, {"type": "Feature", "id": "REROUTE-SEG-283", "geometry": {"type": "LineString", "coordinates": [[76.349804, 10.292731], [76.350388, 10.292712]]}, "properties": {"segment_id": "REROUTE-SEG-283", "hazard_coefficient": 0, "is_critical": false}}, {"type": "Feature", "id": "REROUTE-SEG-284", "geometry": {"type": "LineString", "coordinates": [[76.350388, 10.292712], [76.350508, 10.292731]]}, "properties": {"segment_id": "REROUTE-SEG-284", "hazard_coefficient": 0, "is_critical": false}}, {"type": "Feature", "id": "REROUTE-SEG-285", "geometry": {"type": "LineString", "coordinates": [[76.350508, 10.292731], [76.350601, 10.292769]]}, "properties": {"segment_id": "REROUTE-SEG-285", "hazard_coefficient": 0, "is_critical": false}}, {"type": "Feature", "id": "REROUTE-SEG-286", "geometry": {"type": "LineString", "coordinates": [[76.350601, 10.292769], [76.350668, 10.29283]]}, "properties": {"segment_id": "REROUTE-SEG-286", "hazard_coefficient": 0, "is_critical": false}}, {"type": "Feature", "id": "REROUTE-SEG-287", "geometry": {"type": "LineString", "coordinates": [[76.350668, 10.29283], [76.350708, 10.29289]]}, "properties": {"segment_id": "REROUTE-SEG-287", "hazard_coefficient": 0, "is_critical": false}}, {"type": "Feature", "id": "REROUTE-SEG-288", "geometry": {"type": "LineString", "coordinates": [[76.350708, 10.29289], [76.351028, 10.29395]]}, "properties": {"segment_id": "REROUTE-SEG-288", "hazard_coefficient": 0, "is_critical": false}}, {"type": "Feature", "id": "REROUTE-SEG-289", "geometry": {"type": "LineString", "coordinates": [[76.351028, 10.29395], [76.35105, 10.293989]]}, "properties": {"segment_id": "REROUTE-SEG-289", "hazard_coefficient": 0, "is_critical": false}}, {"type": "Feature", "id": "REROUTE-SEG-290", "geometry": {"type": "LineString", "coordinates": [[76.35105, 10.293989], [76.351078, 10.294026]]}, "properties": {"segment_id": "REROUTE-SEG-290", "hazard_coefficient": 0, "is_critical": false}}, {"type": "Feature", "id": "REROUTE-SEG-291", "geometry": {"type": "LineString", "coordinates": [[76.351078, 10.294026], [76.351119, 10.294046]]}, "properties": {"segment_id": "REROUTE-SEG-291", "hazard_coefficient": 0, "is_critical": false}}, {"type": "Feature", "id": "REROUTE-SEG-292", "geometry": {"type": "LineString", "coordinates": [[76.351119, 10.294046], [76.351166, 10.294061]]}, "properties": {"segment_id": "REROUTE-SEG-292", "hazard_coefficient": 0, "is_critical": false}}, {"type": "Feature", "id": "REROUTE-SEG-293", "geometry": {"type": "LineString", "coordinates": [[76.351166, 10.294061], [76.351802, 10.294034]]}, "properties": {"segment_id": "REROUTE-SEG-293", "hazard_coefficient": 0, "is_critical": false}}, {"type": "Feature", "id": "REROUTE-SEG-294", "geometry": {"type": "LineString", "coordinates": [[76.351802, 10.294034], [76.352112, 10.294021]]}, "properties": {"segment_id": "REROUTE-SEG-294", "hazard_coefficient": 0, "is_critical": false}}, {"type": "Feature", "id": "REROUTE-SEG-295", "geometry": {"type": "LineString", "coordinates": [[76.352112, 10.294021], [76.35215, 10.29402]]}, "properties": {"segment_id": "REROUTE-SEG-295", "hazard_coefficient": 0, "is_critical": false}}, {"type": "Feature", "id": "REROUTE-SEG-296", "geometry": {"type": "LineString", "coordinates": [[76.35215, 10.29402], [76.352205, 10.294004]]}, "properties": {"segment_id": "REROUTE-SEG-296", "hazard_coefficient": 0, "is_critical": false}}, {"type": "Feature", "id": "REROUTE-SEG-297", "geometry": {"type": "LineString", "coordinates": [[76.352205, 10.294004], [76.352224, 10.293992]]}, "properties": {"segment_id": "REROUTE-SEG-297", "hazard_coefficient": 0, "is_critical": false}}, {"type": "Feature", "id": "REROUTE-SEG-298", "geometry": {"type": "LineString", "coordinates": [[76.352224, 10.293992], [76.352246, 10.293972]]}, "properties": {"segment_id": "REROUTE-SEG-298", "hazard_coefficient": 0, "is_critical": false}}, {"type": "Feature", "id": "REROUTE-SEG-299", "geometry": {"type": "LineString", "coordinates": [[76.352246, 10.293972], [76.352282, 10.293927]]}, "properties": {"segment_id": "REROUTE-SEG-299", "hazard_coefficient": 0, "is_critical": false}}, {"type": "Feature", "id": "REROUTE-SEG-300", "geometry": {"type": "LineString", "coordinates": [[76.352282, 10.293927], [76.352306, 10.293887]]}, "properties": {"segment_id": "REROUTE-SEG-300", "hazard_coefficient": 0, "is_critical": false}}, {"type": "Feature", "id": "REROUTE-SEG-301", "geometry": {"type": "LineString", "coordinates": [[76.352306, 10.293887], [76.352329, 10.293851]]}, "properties": {"segment_id": "REROUTE-SEG-301", "hazard_coefficient": 0, "is_critical": false}}, {"type": "Feature", "id": "REROUTE-SEG-302", "geometry": {"type": "LineString", "coordinates": [[76.352329, 10.293851], [76.352357, 10.293808]]}, "properties": {"segment_id": "REROUTE-SEG-302", "hazard_coefficient": 0, "is_critical": false}}, {"type": "Feature", "id": "REROUTE-SEG-303", "geometry": {"type": "LineString", "coordinates": [[76.352357, 10.293808], [76.352392, 10.293755]]}, "properties": {"segment_id": "REROUTE-SEG-303", "hazard_coefficient": 0, "is_critical": false}}, {"type": "Feature", "id": "REROUTE-SEG-304", "geometry": {"type": "LineString", "coordinates": [[76.352392, 10.293755], [76.352426, 10.293726]]}, "properties": {"segment_id": "REROUTE-SEG-304", "hazard_coefficient": 0, "is_critical": false}}, {"type": "Feature", "id": "REROUTE-SEG-305", "geometry": {"type": "LineString", "coordinates": [[76.352426, 10.293726], [76.352466, 10.293707]]}, "properties": {"segment_id": "REROUTE-SEG-305", "hazard_coefficient": 0, "is_critical": false}}, {"type": "Feature", "id": "REROUTE-SEG-306", "geometry": {"type": "LineString", "coordinates": [[76.352466, 10.293707], [76.35251, 10.293695]]}, "properties": {"segment_id": "REROUTE-SEG-306", "hazard_coefficient": 0, "is_critical": false}}, {"type": "Feature", "id": "REROUTE-SEG-307", "geometry": {"type": "LineString", "coordinates": [[76.35251, 10.293695], [76.352696, 10.293662]]}, "properties": {"segment_id": "REROUTE-SEG-307", "hazard_coefficient": 0, "is_critical": false}}, {"type": "Feature", "id": "REROUTE-SEG-308", "geometry": {"type": "LineString", "coordinates": [[76.352696, 10.293662], [76.352821, 10.29365]]}, "properties": {"segment_id": "REROUTE-SEG-308", "hazard_coefficient": 0, "is_critical": false}}, {"type": "Feature", "id": "REROUTE-SEG-309", "geometry": {"type": "LineString", "coordinates": [[76.352821, 10.29365], [76.352951, 10.293628]]}, "properties": {"segment_id": "REROUTE-SEG-309", "hazard_coefficient": 0, "is_critical": false}}, {"type": "Feature", "id": "REROUTE-SEG-310", "geometry": {"type": "LineString", "coordinates": [[76.352951, 10.293628], [76.353184, 10.293541]]}, "properties": {"segment_id": "REROUTE-SEG-310", "hazard_coefficient": 0, "is_critical": false}}, {"type": "Feature", "id": "REROUTE-SEG-311", "geometry": {"type": "LineString", "coordinates": [[76.353184, 10.293541], [76.353395, 10.293461]]}, "properties": {"segment_id": "REROUTE-SEG-311", "hazard_coefficient": 0, "is_critical": false}}, {"type": "Feature", "id": "REROUTE-SEG-312", "geometry": {"type": "LineString", "coordinates": [[76.353395, 10.293461], [76.353697, 10.293376]]}, "properties": {"segment_id": "REROUTE-SEG-312", "hazard_coefficient": 0, "is_critical": false}}, {"type": "Feature", "id": "REROUTE-SEG-313", "geometry": {"type": "LineString", "coordinates": [[76.353697, 10.293376], [76.354135, 10.293299]]}, "properties": {"segment_id": "REROUTE-SEG-313", "hazard_coefficient": 0, "is_critical": false}}, {"type": "Feature", "id": "REROUTE-SEG-314", "geometry": {"type": "LineString", "coordinates": [[76.354135, 10.293299], [76.354327, 10.293283]]}, "properties": {"segment_id": "REROUTE-SEG-314", "hazard_coefficient": 0, "is_critical": false}}, {"type": "Feature", "id": "REROUTE-SEG-315", "geometry": {"type": "LineString", "coordinates": [[76.354327, 10.293283], [76.354632, 10.293257]]}, "properties": {"segment_id": "REROUTE-SEG-315", "hazard_coefficient": 0, "is_critical": false}}, {"type": "Feature", "id": "REROUTE-SEG-316", "geometry": {"type": "LineString", "coordinates": [[76.354632, 10.293257], [76.354785, 10.293235]]}, "properties": {"segment_id": "REROUTE-SEG-316", "hazard_coefficient": 0, "is_critical": false}}, {"type": "Feature", "id": "REROUTE-SEG-317", "geometry": {"type": "LineString", "coordinates": [[76.354785, 10.293235], [76.355374, 10.293142]]}, "properties": {"segment_id": "REROUTE-SEG-317", "hazard_coefficient": 0, "is_critical": false}}, {"type": "Feature", "id": "REROUTE-SEG-318", "geometry": {"type": "LineString", "coordinates": [[76.355374, 10.293142], [76.35568, 10.293095]]}, "properties": {"segment_id": "REROUTE-SEG-318", "hazard_coefficient": 0, "is_critical": false}}, {"type": "Feature", "id": "REROUTE-SEG-319", "geometry": {"type": "LineString", "coordinates": [[76.35568, 10.293095], [76.355731, 10.293103]]}, "properties": {"segment_id": "REROUTE-SEG-319", "hazard_coefficient": 0, "is_critical": false}}, {"type": "Feature", "id": "REROUTE-SEG-320", "geometry": {"type": "LineString", "coordinates": [[76.355731, 10.293103], [76.355757, 10.293111]]}, "properties": {"segment_id": "REROUTE-SEG-320", "hazard_coefficient": 0, "is_critical": false}}, {"type": "Feature", "id": "REROUTE-SEG-321", "geometry": {"type": "LineString", "coordinates": [[76.355757, 10.293111], [76.355783, 10.293131]]}, "properties": {"segment_id": "REROUTE-SEG-321", "hazard_coefficient": 0, "is_critical": false}}, {"type": "Feature", "id": "REROUTE-SEG-322", "geometry": {"type": "LineString", "coordinates": [[76.355783, 10.293131], [76.355809, 10.293158]]}, "properties": {"segment_id": "REROUTE-SEG-322", "hazard_coefficient": 0, "is_critical": false}}, {"type": "Feature", "id": "REROUTE-SEG-323", "geometry": {"type": "LineString", "coordinates": [[76.355809, 10.293158], [76.355847, 10.293263]]}, "properties": {"segment_id": "REROUTE-SEG-323", "hazard_coefficient": 0, "is_critical": false}}, {"type": "Feature", "id": "REROUTE-SEG-324", "geometry": {"type": "LineString", "coordinates": [[76.355847, 10.293263], [76.355867, 10.293385]]}, "properties": {"segment_id": "REROUTE-SEG-324", "hazard_coefficient": 0, "is_critical": false}}, {"type": "Feature", "id": "REROUTE-SEG-325", "geometry": {"type": "LineString", "coordinates": [[76.355867, 10.293385], [76.356034, 10.294399]]}, "properties": {"segment_id": "REROUTE-SEG-325", "hazard_coefficient": 0, "is_critical": false}}, {"type": "Feature", "id": "REROUTE-SEG-326", "geometry": {"type": "LineString", "coordinates": [[76.356034, 10.294399], [76.356055, 10.294434]]}, "properties": {"segment_id": "REROUTE-SEG-326", "hazard_coefficient": 0, "is_critical": false}}, {"type": "Feature", "id": "REROUTE-SEG-327", "geometry": {"type": "LineString", "coordinates": [[76.356055, 10.294434], [76.356075, 10.294455]]}, "properties": {"segment_id": "REROUTE-SEG-327", "hazard_coefficient": 0, "is_critical": false}}, {"type": "Feature", "id": "REROUTE-SEG-328", "geometry": {"type": "LineString", "coordinates": [[76.356075, 10.294455], [76.356101, 10.294481]]}, "properties": {"segment_id": "REROUTE-SEG-328", "hazard_coefficient": 0, "is_critical": false}}, {"type": "Feature", "id": "REROUTE-SEG-329", "geometry": {"type": "LineString", "coordinates": [[76.356101, 10.294481], [76.356131, 10.294497]]}, "properties": {"segment_id": "REROUTE-SEG-329", "hazard_coefficient": 0, "is_critical": false}}, {"type": "Feature", "id": "REROUTE-SEG-330", "geometry": {"type": "LineString", "coordinates": [[76.356131, 10.294497], [76.356147, 10.294502]]}, "properties": {"segment_id": "REROUTE-SEG-330", "hazard_coefficient": 0, "is_critical": false}}, {"type": "Feature", "id": "REROUTE-SEG-331", "geometry": {"type": "LineString", "coordinates": [[76.356147, 10.294502], [76.356268, 10.294491]]}, "properties": {"segment_id": "REROUTE-SEG-331", "hazard_coefficient": 0, "is_critical": false}}, {"type": "Feature", "id": "REROUTE-SEG-332", "geometry": {"type": "LineString", "coordinates": [[76.356268, 10.294491], [76.356635, 10.294453]]}, "properties": {"segment_id": "REROUTE-SEG-332", "hazard_coefficient": 0, "is_critical": false}}, {"type": "Feature", "id": "REROUTE-SEG-333", "geometry": {"type": "LineString", "coordinates": [[76.356635, 10.294453], [76.357017, 10.294442]]}, "properties": {"segment_id": "REROUTE-SEG-333", "hazard_coefficient": 0, "is_critical": false}}, {"type": "Feature", "id": "REROUTE-SEG-334", "geometry": {"type": "LineString", "coordinates": [[76.357017, 10.294442], [76.35724, 10.294453]]}, "properties": {"segment_id": "REROUTE-SEG-334", "hazard_coefficient": 0, "is_critical": false}}, {"type": "Feature", "id": "REROUTE-SEG-335", "geometry": {"type": "LineString", "coordinates": [[76.35724, 10.294453], [76.35757, 10.294491]]}, "properties": {"segment_id": "REROUTE-SEG-335", "hazard_coefficient": 0, "is_critical": false}}, {"type": "Feature", "id": "REROUTE-SEG-336", "geometry": {"type": "LineString", "coordinates": [[76.35757, 10.294491], [76.35799, 10.294549]]}, "properties": {"segment_id": "REROUTE-SEG-336", "hazard_coefficient": 0, "is_critical": false}}, {"type": "Feature", "id": "REROUTE-SEG-337", "geometry": {"type": "LineString", "coordinates": [[76.35799, 10.294549], [76.358187, 10.294569]]}, "properties": {"segment_id": "REROUTE-SEG-337", "hazard_coefficient": 0, "is_critical": false}}, {"type": "Feature", "id": "REROUTE-SEG-338", "geometry": {"type": "LineString", "coordinates": [[76.358187, 10.294569], [76.358225, 10.294584]]}, "properties": {"segment_id": "REROUTE-SEG-338", "hazard_coefficient": 0, "is_critical": false}}, {"type": "Feature", "id": "REROUTE-SEG-339", "geometry": {"type": "LineString", "coordinates": [[76.358225, 10.294584], [76.35831, 10.294624]]}, "properties": {"segment_id": "REROUTE-SEG-339", "hazard_coefficient": 0, "is_critical": false}}, {"type": "Feature", "id": "REROUTE-SEG-340", "geometry": {"type": "LineString", "coordinates": [[76.35831, 10.294624], [76.358394, 10.294656]]}, "properties": {"segment_id": "REROUTE-SEG-340", "hazard_coefficient": 0, "is_critical": false}}, {"type": "Feature", "id": "REROUTE-SEG-341", "geometry": {"type": "LineString", "coordinates": [[76.358394, 10.294656], [76.35849, 10.294675]]}, "properties": {"segment_id": "REROUTE-SEG-341", "hazard_coefficient": 0, "is_critical": false}}, {"type": "Feature", "id": "REROUTE-SEG-342", "geometry": {"type": "LineString", "coordinates": [[76.35849, 10.294675], [76.358583, 10.294685]]}, "properties": {"segment_id": "REROUTE-SEG-342", "hazard_coefficient": 0, "is_critical": false}}, {"type": "Feature", "id": "REROUTE-SEG-343", "geometry": {"type": "LineString", "coordinates": [[76.358583, 10.294685], [76.359037, 10.294721]]}, "properties": {"segment_id": "REROUTE-SEG-343", "hazard_coefficient": 0, "is_critical": false}}, {"type": "Feature", "id": "REROUTE-SEG-344", "geometry": {"type": "LineString", "coordinates": [[76.359037, 10.294721], [76.359256, 10.294732]]}, "properties": {"segment_id": "REROUTE-SEG-344", "hazard_coefficient": 0, "is_critical": false}}, {"type": "Feature", "id": "REROUTE-SEG-345", "geometry": {"type": "LineString", "coordinates": [[76.359256, 10.294732], [76.359814, 10.294723]]}, "properties": {"segment_id": "REROUTE-SEG-345", "hazard_coefficient": 0, "is_critical": false}}, {"type": "Feature", "id": "REROUTE-SEG-346", "geometry": {"type": "LineString", "coordinates": [[76.359814, 10.294723], [76.359974, 10.294722]]}, "properties": {"segment_id": "REROUTE-SEG-346", "hazard_coefficient": 0, "is_critical": false}}, {"type": "Feature", "id": "REROUTE-SEG-347", "geometry": {"type": "LineString", "coordinates": [[76.359974, 10.294722], [76.36007, 10.294721]]}, "properties": {"segment_id": "REROUTE-SEG-347", "hazard_coefficient": 0, "is_critical": false}}, {"type": "Feature", "id": "REROUTE-SEG-348", "geometry": {"type": "LineString", "coordinates": [[76.36007, 10.294721], [76.360817, 10.294685]]}, "properties": {"segment_id": "REROUTE-SEG-348", "hazard_coefficient": 0, "is_critical": false}}, {"type": "Feature", "id": "REROUTE-SEG-349", "geometry": {"type": "LineString", "coordinates": [[76.360817, 10.294685], [76.361064, 10.294692]]}, "properties": {"segment_id": "REROUTE-SEG-349", "hazard_coefficient": 0, "is_critical": false}}, {"type": "Feature", "id": "REROUTE-SEG-350", "geometry": {"type": "LineString", "coordinates": [[76.361064, 10.294692], [76.361139, 10.294708]]}, "properties": {"segment_id": "REROUTE-SEG-350", "hazard_coefficient": 0, "is_critical": false}}, {"type": "Feature", "id": "REROUTE-SEG-351", "geometry": {"type": "LineString", "coordinates": [[76.361139, 10.294708], [76.361196, 10.294733]]}, "properties": {"segment_id": "REROUTE-SEG-351", "hazard_coefficient": 0, "is_critical": false}}, {"type": "Feature", "id": "REROUTE-SEG-352", "geometry": {"type": "LineString", "coordinates": [[76.361196, 10.294733], [76.361231, 10.294774]]}, "properties": {"segment_id": "REROUTE-SEG-352", "hazard_coefficient": 0, "is_critical": false}}, {"type": "Feature", "id": "REROUTE-SEG-353", "geometry": {"type": "LineString", "coordinates": [[76.361231, 10.294774], [76.361255, 10.294816]]}, "properties": {"segment_id": "REROUTE-SEG-353", "hazard_coefficient": 0, "is_critical": false}}, {"type": "Feature", "id": "REROUTE-SEG-354", "geometry": {"type": "LineString", "coordinates": [[76.361255, 10.294816], [76.362306, 10.294882]]}, "properties": {"segment_id": "REROUTE-SEG-354", "hazard_coefficient": 0, "is_critical": false}}, {"type": "Feature", "id": "REROUTE-SEG-355", "geometry": {"type": "LineString", "coordinates": [[76.362306, 10.294882], [76.362354, 10.294886]]}, "properties": {"segment_id": "REROUTE-SEG-355", "hazard_coefficient": 0, "is_critical": false}}, {"type": "Feature", "id": "REROUTE-SEG-356", "geometry": {"type": "LineString", "coordinates": [[76.362354, 10.294886], [76.362369, 10.294886]]}, "properties": {"segment_id": "REROUTE-SEG-356", "hazard_coefficient": 0, "is_critical": false}}, {"type": "Feature", "id": "REROUTE-SEG-357", "geometry": {"type": "LineString", "coordinates": [[76.362369, 10.294886], [76.362692, 10.294913]]}, "properties": {"segment_id": "REROUTE-SEG-357", "hazard_coefficient": 0, "is_critical": false}}, {"type": "Feature", "id": "REROUTE-SEG-358", "geometry": {"type": "LineString", "coordinates": [[76.362692, 10.294913], [76.362817, 10.294931]]}, "properties": {"segment_id": "REROUTE-SEG-358", "hazard_coefficient": 0, "is_critical": false}}, {"type": "Feature", "id": "REROUTE-SEG-359", "geometry": {"type": "LineString", "coordinates": [[76.362817, 10.294931], [76.363346, 10.294948]]}, "properties": {"segment_id": "REROUTE-SEG-359", "hazard_coefficient": 0, "is_critical": false}}, {"type": "Feature", "id": "REROUTE-SEG-360", "geometry": {"type": "LineString", "coordinates": [[76.363346, 10.294948], [76.363955, 10.294945]]}, "properties": {"segment_id": "REROUTE-SEG-360", "hazard_coefficient": 0, "is_critical": false}}, {"type": "Feature", "id": "REROUTE-SEG-361", "geometry": {"type": "LineString", "coordinates": [[76.363955, 10.294945], [76.364505, 10.294906]]}, "properties": {"segment_id": "REROUTE-SEG-361", "hazard_coefficient": 0, "is_critical": false}}, {"type": "Feature", "id": "REROUTE-SEG-362", "geometry": {"type": "LineString", "coordinates": [[76.364505, 10.294906], [76.36462, 10.294702]]}, "properties": {"segment_id": "REROUTE-SEG-362", "hazard_coefficient": 0, "is_critical": false}}, {"type": "Feature", "id": "REROUTE-SEG-363", "geometry": {"type": "LineString", "coordinates": [[76.36462, 10.294702], [76.364714, 10.294306]]}, "properties": {"segment_id": "REROUTE-SEG-363", "hazard_coefficient": 0, "is_critical": false}}, {"type": "Feature", "id": "REROUTE-SEG-364", "geometry": {"type": "LineString", "coordinates": [[76.364714, 10.294306], [76.364838, 10.294172]]}, "properties": {"segment_id": "REROUTE-SEG-364", "hazard_coefficient": 0, "is_critical": false}}, {"type": "Feature", "id": "REROUTE-SEG-365", "geometry": {"type": "LineString", "coordinates": [[76.364838, 10.294172], [76.365103, 10.294093]]}, "properties": {"segment_id": "REROUTE-SEG-365", "hazard_coefficient": 0, "is_critical": false}}, {"type": "Feature", "id": "REROUTE-SEG-366", "geometry": {"type": "LineString", "coordinates": [[76.365103, 10.294093], [76.365471, 10.294111]]}, "properties": {"segment_id": "REROUTE-SEG-366", "hazard_coefficient": 0, "is_critical": false}}, {"type": "Feature", "id": "REROUTE-SEG-367", "geometry": {"type": "LineString", "coordinates": [[76.365471, 10.294111], [76.366061, 10.294087]]}, "properties": {"segment_id": "REROUTE-SEG-367", "hazard_coefficient": 0, "is_critical": false}}, {"type": "Feature", "id": "REROUTE-SEG-368", "geometry": {"type": "LineString", "coordinates": [[76.366061, 10.294087], [76.366211, 10.294077]]}, "properties": {"segment_id": "REROUTE-SEG-368", "hazard_coefficient": 0, "is_critical": false}}, {"type": "Feature", "id": "REROUTE-SEG-369", "geometry": {"type": "LineString", "coordinates": [[76.366211, 10.294077], [76.366852, 10.29403]]}, "properties": {"segment_id": "REROUTE-SEG-369", "hazard_coefficient": 0, "is_critical": false}}, {"type": "Feature", "id": "REROUTE-SEG-370", "geometry": {"type": "LineString", "coordinates": [[76.366852, 10.29403], [76.367386, 10.293959]]}, "properties": {"segment_id": "REROUTE-SEG-370", "hazard_coefficient": 0, "is_critical": false}}, {"type": "Feature", "id": "REROUTE-SEG-371", "geometry": {"type": "LineString", "coordinates": [[76.367386, 10.293959], [76.367573, 10.293869]]}, "properties": {"segment_id": "REROUTE-SEG-371", "hazard_coefficient": 0, "is_critical": false}}, {"type": "Feature", "id": "REROUTE-SEG-372", "geometry": {"type": "LineString", "coordinates": [[76.367573, 10.293869], [76.367622, 10.293766]]}, "properties": {"segment_id": "REROUTE-SEG-372", "hazard_coefficient": 0, "is_critical": false}}, {"type": "Feature", "id": "REROUTE-SEG-373", "geometry": {"type": "LineString", "coordinates": [[76.367622, 10.293766], [76.367691, 10.293618]]}, "properties": {"segment_id": "REROUTE-SEG-373", "hazard_coefficient": 0, "is_critical": false}}, {"type": "Feature", "id": "REROUTE-SEG-374", "geometry": {"type": "LineString", "coordinates": [[76.367691, 10.293618], [76.367761, 10.293497]]}, "properties": {"segment_id": "REROUTE-SEG-374", "hazard_coefficient": 0, "is_critical": false}}, {"type": "Feature", "id": "REROUTE-SEG-375", "geometry": {"type": "LineString", "coordinates": [[76.367761, 10.293497], [76.368343, 10.293388]]}, "properties": {"segment_id": "REROUTE-SEG-375", "hazard_coefficient": 0, "is_critical": false}}, {"type": "Feature", "id": "REROUTE-SEG-376", "geometry": {"type": "LineString", "coordinates": [[76.368343, 10.293388], [76.368565, 10.293325]]}, "properties": {"segment_id": "REROUTE-SEG-376", "hazard_coefficient": 0, "is_critical": false}}, {"type": "Feature", "id": "REROUTE-SEG-377", "geometry": {"type": "LineString", "coordinates": [[76.368565, 10.293325], [76.368917, 10.293224]]}, "properties": {"segment_id": "REROUTE-SEG-377", "hazard_coefficient": 0, "is_critical": false}}, {"type": "Feature", "id": "REROUTE-SEG-378", "geometry": {"type": "LineString", "coordinates": [[76.368917, 10.293224], [76.369314, 10.293093]]}, "properties": {"segment_id": "REROUTE-SEG-378", "hazard_coefficient": 0, "is_critical": false}}, {"type": "Feature", "id": "REROUTE-SEG-379", "geometry": {"type": "LineString", "coordinates": [[76.369314, 10.293093], [76.369371, 10.292976]]}, "properties": {"segment_id": "REROUTE-SEG-379", "hazard_coefficient": 0, "is_critical": false}}, {"type": "Feature", "id": "REROUTE-SEG-380", "geometry": {"type": "LineString", "coordinates": [[76.369371, 10.292976], [76.369352, 10.292712]]}, "properties": {"segment_id": "REROUTE-SEG-380", "hazard_coefficient": 0, "is_critical": false}}, {"type": "Feature", "id": "REROUTE-SEG-381", "geometry": {"type": "LineString", "coordinates": [[76.369352, 10.292712], [76.369352, 10.292507]]}, "properties": {"segment_id": "REROUTE-SEG-381", "hazard_coefficient": 0, "is_critical": false}}, {"type": "Feature", "id": "REROUTE-SEG-382", "geometry": {"type": "LineString", "coordinates": [[76.369352, 10.292507], [76.36948, 10.292383]]}, "properties": {"segment_id": "REROUTE-SEG-382", "hazard_coefficient": 0, "is_critical": false}}, {"type": "Feature", "id": "REROUTE-SEG-383", "geometry": {"type": "LineString", "coordinates": [[76.36948, 10.292383], [76.370017, 10.29215]]}, "properties": {"segment_id": "REROUTE-SEG-383", "hazard_coefficient": 0, "is_critical": false}}, {"type": "Feature", "id": "REROUTE-SEG-384", "geometry": {"type": "LineString", "coordinates": [[76.370017, 10.29215], [76.370242, 10.292185]]}, "properties": {"segment_id": "REROUTE-SEG-384", "hazard_coefficient": 0, "is_critical": false}}, {"type": "Feature", "id": "REROUTE-SEG-385", "geometry": {"type": "LineString", "coordinates": [[76.370242, 10.292185], [76.37072, 10.29205]]}, "properties": {"segment_id": "REROUTE-SEG-385", "hazard_coefficient": 0, "is_critical": false}}, {"type": "Feature", "id": "REROUTE-SEG-386", "geometry": {"type": "LineString", "coordinates": [[76.37072, 10.29205], [76.37081, 10.292004]]}, "properties": {"segment_id": "REROUTE-SEG-386", "hazard_coefficient": 0, "is_critical": false}}, {"type": "Feature", "id": "REROUTE-SEG-387", "geometry": {"type": "LineString", "coordinates": [[76.37081, 10.292004], [76.37109, 10.29186]]}, "properties": {"segment_id": "REROUTE-SEG-387", "hazard_coefficient": 0, "is_critical": false}}, {"type": "Feature", "id": "REROUTE-SEG-388", "geometry": {"type": "LineString", "coordinates": [[76.37109, 10.29186], [76.371534, 10.291853]]}, "properties": {"segment_id": "REROUTE-SEG-388", "hazard_coefficient": 0, "is_critical": false}}, {"type": "Feature", "id": "REROUTE-SEG-389", "geometry": {"type": "LineString", "coordinates": [[76.371534, 10.291853], [76.37176, 10.291849]]}, "properties": {"segment_id": "REROUTE-SEG-389", "hazard_coefficient": 0, "is_critical": false}}, {"type": "Feature", "id": "REROUTE-SEG-390", "geometry": {"type": "LineString", "coordinates": [[76.37176, 10.291849], [76.372069, 10.291828]]}, "properties": {"segment_id": "REROUTE-SEG-390", "hazard_coefficient": 0, "is_critical": false}}, {"type": "Feature", "id": "REROUTE-SEG-391", "geometry": {"type": "LineString", "coordinates": [[76.372069, 10.291828], [76.372433, 10.291655]]}, "properties": {"segment_id": "REROUTE-SEG-391", "hazard_coefficient": 0, "is_critical": false}}, {"type": "Feature", "id": "REROUTE-SEG-392", "geometry": {"type": "LineString", "coordinates": [[76.372433, 10.291655], [76.373077, 10.291439]]}, "properties": {"segment_id": "REROUTE-SEG-392", "hazard_coefficient": 0, "is_critical": false}}, {"type": "Feature", "id": "REROUTE-SEG-393", "geometry": {"type": "LineString", "coordinates": [[76.373077, 10.291439], [76.373164, 10.291414]]}, "properties": {"segment_id": "REROUTE-SEG-393", "hazard_coefficient": 0, "is_critical": false}}, {"type": "Feature", "id": "REROUTE-SEG-394", "geometry": {"type": "LineString", "coordinates": [[76.373164, 10.291414], [76.37341, 10.291345]]}, "properties": {"segment_id": "REROUTE-SEG-394", "hazard_coefficient": 0, "is_critical": false}}, {"type": "Feature", "id": "REROUTE-SEG-395", "geometry": {"type": "LineString", "coordinates": [[76.37341, 10.291345], [76.373499, 10.291348]]}, "properties": {"segment_id": "REROUTE-SEG-395", "hazard_coefficient": 0, "is_critical": false}}, {"type": "Feature", "id": "REROUTE-SEG-396", "geometry": {"type": "LineString", "coordinates": [[76.373499, 10.291348], [76.373761, 10.291356]]}, "properties": {"segment_id": "REROUTE-SEG-396", "hazard_coefficient": 0, "is_critical": false}}, {"type": "Feature", "id": "REROUTE-SEG-397", "geometry": {"type": "LineString", "coordinates": [[76.373761, 10.291356], [76.374233, 10.291451]]}, "properties": {"segment_id": "REROUTE-SEG-397", "hazard_coefficient": 0, "is_critical": false}}, {"type": "Feature", "id": "REROUTE-SEG-398", "geometry": {"type": "LineString", "coordinates": [[76.374233, 10.291451], [76.37484, 10.291467]]}, "properties": {"segment_id": "REROUTE-SEG-398", "hazard_coefficient": 0, "is_critical": false}}, {"type": "Feature", "id": "REROUTE-SEG-399", "geometry": {"type": "LineString", "coordinates": [[76.37484, 10.291467], [76.375124, 10.291543]]}, "properties": {"segment_id": "REROUTE-SEG-399", "hazard_coefficient": 0, "is_critical": false}}, {"type": "Feature", "id": "REROUTE-SEG-400", "geometry": {"type": "LineString", "coordinates": [[76.375124, 10.291543], [76.37551, 10.291673]]}, "properties": {"segment_id": "REROUTE-SEG-400", "hazard_coefficient": 0, "is_critical": false}}, {"type": "Feature", "id": "REROUTE-SEG-401", "geometry": {"type": "LineString", "coordinates": [[76.37551, 10.291673], [76.375695, 10.291686]]}, "properties": {"segment_id": "REROUTE-SEG-401", "hazard_coefficient": 0, "is_critical": false}}, {"type": "Feature", "id": "REROUTE-SEG-402", "geometry": {"type": "LineString", "coordinates": [[76.375695, 10.291686], [76.37577, 10.291676]]}, "properties": {"segment_id": "REROUTE-SEG-402", "hazard_coefficient": 0, "is_critical": false}}, {"type": "Feature", "id": "REROUTE-SEG-403", "geometry": {"type": "LineString", "coordinates": [[76.37577, 10.291676], [76.377125, 10.291718]]}, "properties": {"segment_id": "REROUTE-SEG-403", "hazard_coefficient": 0, "is_critical": false}}, {"type": "Feature", "id": "REROUTE-SEG-404", "geometry": {"type": "LineString", "coordinates": [[76.377125, 10.291718], [76.378147, 10.291689]]}, "properties": {"segment_id": "REROUTE-SEG-404", "hazard_coefficient": 0, "is_critical": false}}, {"type": "Feature", "id": "REROUTE-SEG-405", "geometry": {"type": "LineString", "coordinates": [[76.378147, 10.291689], [76.378541, 10.291649]]}, "properties": {"segment_id": "REROUTE-SEG-405", "hazard_coefficient": 0, "is_critical": false}}, {"type": "Feature", "id": "REROUTE-SEG-406", "geometry": {"type": "LineString", "coordinates": [[76.378541, 10.291649], [76.379221, 10.291761]]}, "properties": {"segment_id": "REROUTE-SEG-406", "hazard_coefficient": 0, "is_critical": false}}, {"type": "Feature", "id": "REROUTE-SEG-407", "geometry": {"type": "LineString", "coordinates": [[76.379221, 10.291761], [76.379252, 10.291766]]}, "properties": {"segment_id": "REROUTE-SEG-407", "hazard_coefficient": 0, "is_critical": false}}, {"type": "Feature", "id": "REROUTE-SEG-408", "geometry": {"type": "LineString", "coordinates": [[76.379252, 10.291766], [76.379598, 10.292218]]}, "properties": {"segment_id": "REROUTE-SEG-408", "hazard_coefficient": 0, "is_critical": false}}, {"type": "Feature", "id": "REROUTE-SEG-409", "geometry": {"type": "LineString", "coordinates": [[76.379598, 10.292218], [76.379677, 10.292332]]}, "properties": {"segment_id": "REROUTE-SEG-409", "hazard_coefficient": 0, "is_critical": false}}, {"type": "Feature", "id": "REROUTE-SEG-410", "geometry": {"type": "LineString", "coordinates": [[76.379677, 10.292332], [76.37987, 10.292509]]}, "properties": {"segment_id": "REROUTE-SEG-410", "hazard_coefficient": 0, "is_critical": false}}, {"type": "Feature", "id": "REROUTE-SEG-411", "geometry": {"type": "LineString", "coordinates": [[76.37987, 10.292509], [76.380097, 10.292565]]}, "properties": {"segment_id": "REROUTE-SEG-411", "hazard_coefficient": 0, "is_critical": false}}, {"type": "Feature", "id": "REROUTE-SEG-412", "geometry": {"type": "LineString", "coordinates": [[76.380097, 10.292565], [76.380569, 10.292464]]}, "properties": {"segment_id": "REROUTE-SEG-412", "hazard_coefficient": 0, "is_critical": false}}, {"type": "Feature", "id": "REROUTE-SEG-413", "geometry": {"type": "LineString", "coordinates": [[76.380569, 10.292464], [76.380912, 10.292436]]}, "properties": {"segment_id": "REROUTE-SEG-413", "hazard_coefficient": 0, "is_critical": false}}, {"type": "Feature", "id": "REROUTE-SEG-414", "geometry": {"type": "LineString", "coordinates": [[76.380912, 10.292436], [76.38147, 10.292399]]}, "properties": {"segment_id": "REROUTE-SEG-414", "hazard_coefficient": 0, "is_critical": false}}, {"type": "Feature", "id": "REROUTE-SEG-415", "geometry": {"type": "LineString", "coordinates": [[76.38147, 10.292399], [76.381601, 10.292467]]}, "properties": {"segment_id": "REROUTE-SEG-415", "hazard_coefficient": 0, "is_critical": false}}, {"type": "Feature", "id": "REROUTE-SEG-416", "geometry": {"type": "LineString", "coordinates": [[76.381601, 10.292467], [76.381786, 10.292702]]}, "properties": {"segment_id": "REROUTE-SEG-416", "hazard_coefficient": 0, "is_critical": false}}, {"type": "Feature", "id": "REROUTE-SEG-417", "geometry": {"type": "LineString", "coordinates": [[76.381786, 10.292702], [76.381907, 10.292734]]}, "properties": {"segment_id": "REROUTE-SEG-417", "hazard_coefficient": 0, "is_critical": false}}, {"type": "Feature", "id": "REROUTE-SEG-418", "geometry": {"type": "LineString", "coordinates": [[76.381907, 10.292734], [76.382213, 10.292702]]}, "properties": {"segment_id": "REROUTE-SEG-418", "hazard_coefficient": 0, "is_critical": false}}, {"type": "Feature", "id": "REROUTE-SEG-419", "geometry": {"type": "LineString", "coordinates": [[76.382213, 10.292702], [76.382602, 10.292742]]}, "properties": {"segment_id": "REROUTE-SEG-419", "hazard_coefficient": 0, "is_critical": false}}, {"type": "Feature", "id": "REROUTE-SEG-420", "geometry": {"type": "LineString", "coordinates": [[76.382602, 10.292742], [76.383064, 10.292986]]}, "properties": {"segment_id": "REROUTE-SEG-420", "hazard_coefficient": 0, "is_critical": false}}, {"type": "Feature", "id": "REROUTE-SEG-421", "geometry": {"type": "LineString", "coordinates": [[76.383064, 10.292986], [76.383205, 10.293061]]}, "properties": {"segment_id": "REROUTE-SEG-421", "hazard_coefficient": 0, "is_critical": false}}, {"type": "Feature", "id": "REROUTE-SEG-422", "geometry": {"type": "LineString", "coordinates": [[76.383205, 10.293061], [76.383439, 10.293114]]}, "properties": {"segment_id": "REROUTE-SEG-422", "hazard_coefficient": 0, "is_critical": false}}, {"type": "Feature", "id": "REROUTE-SEG-423", "geometry": {"type": "LineString", "coordinates": [[76.383439, 10.293114], [76.383903, 10.293157]]}, "properties": {"segment_id": "REROUTE-SEG-423", "hazard_coefficient": 0, "is_critical": false}}, {"type": "Feature", "id": "REROUTE-SEG-424", "geometry": {"type": "LineString", "coordinates": [[76.383903, 10.293157], [76.38493, 10.293513]]}, "properties": {"segment_id": "REROUTE-SEG-424", "hazard_coefficient": 0, "is_critical": false}}, {"type": "Feature", "id": "REROUTE-SEG-425", "geometry": {"type": "LineString", "coordinates": [[76.38493, 10.293513], [76.385319, 10.29362]]}, "properties": {"segment_id": "REROUTE-SEG-425", "hazard_coefficient": 0, "is_critical": false}}, {"type": "Feature", "id": "REROUTE-SEG-426", "geometry": {"type": "LineString", "coordinates": [[76.385319, 10.29362], [76.385614, 10.293608]]}, "properties": {"segment_id": "REROUTE-SEG-426", "hazard_coefficient": 0, "is_critical": false}}, {"type": "Feature", "id": "REROUTE-SEG-427", "geometry": {"type": "LineString", "coordinates": [[76.385614, 10.293608], [76.385807, 10.293496]]}, "properties": {"segment_id": "REROUTE-SEG-427", "hazard_coefficient": 0, "is_critical": false}}, {"type": "Feature", "id": "REROUTE-SEG-428", "geometry": {"type": "LineString", "coordinates": [[76.385807, 10.293496], [76.386145, 10.293409]]}, "properties": {"segment_id": "REROUTE-SEG-428", "hazard_coefficient": 0, "is_critical": false}}, {"type": "Feature", "id": "REROUTE-SEG-429", "geometry": {"type": "LineString", "coordinates": [[76.386145, 10.293409], [76.386246, 10.293406]]}, "properties": {"segment_id": "REROUTE-SEG-429", "hazard_coefficient": 0, "is_critical": false}}, {"type": "Feature", "id": "REROUTE-SEG-430", "geometry": {"type": "LineString", "coordinates": [[76.386246, 10.293406], [76.38662, 10.293394]]}, "properties": {"segment_id": "REROUTE-SEG-430", "hazard_coefficient": 0, "is_critical": false}}, {"type": "Feature", "id": "REROUTE-SEG-431", "geometry": {"type": "LineString", "coordinates": [[76.38662, 10.293394], [76.387014, 10.293275]]}, "properties": {"segment_id": "REROUTE-SEG-431", "hazard_coefficient": 0, "is_critical": false}}, {"type": "Feature", "id": "REROUTE-SEG-432", "geometry": {"type": "LineString", "coordinates": [[76.387014, 10.293275], [76.387331, 10.293098]]}, "properties": {"segment_id": "REROUTE-SEG-432", "hazard_coefficient": 0, "is_critical": false}}, {"type": "Feature", "id": "REROUTE-SEG-433", "geometry": {"type": "LineString", "coordinates": [[76.387331, 10.293098], [76.387746, 10.292779]]}, "properties": {"segment_id": "REROUTE-SEG-433", "hazard_coefficient": 0, "is_critical": false}}, {"type": "Feature", "id": "REROUTE-SEG-434", "geometry": {"type": "LineString", "coordinates": [[76.387746, 10.292779], [76.38798, 10.292621]]}, "properties": {"segment_id": "REROUTE-SEG-434", "hazard_coefficient": 0, "is_critical": false}}, {"type": "Feature", "id": "REROUTE-SEG-435", "geometry": {"type": "LineString", "coordinates": [[76.38798, 10.292621], [76.3885, 10.292386]]}, "properties": {"segment_id": "REROUTE-SEG-435", "hazard_coefficient": 0, "is_critical": false}}, {"type": "Feature", "id": "REROUTE-SEG-436", "geometry": {"type": "LineString", "coordinates": [[76.3885, 10.292386], [76.388956, 10.292021]]}, "properties": {"segment_id": "REROUTE-SEG-436", "hazard_coefficient": 0, "is_critical": false}}, {"type": "Feature", "id": "REROUTE-SEG-437", "geometry": {"type": "LineString", "coordinates": [[76.388956, 10.292021], [76.389197, 10.291705]]}, "properties": {"segment_id": "REROUTE-SEG-437", "hazard_coefficient": 0, "is_critical": false}}, {"type": "Feature", "id": "REROUTE-SEG-438", "geometry": {"type": "LineString", "coordinates": [[76.389197, 10.291705], [76.389431, 10.291122]]}, "properties": {"segment_id": "REROUTE-SEG-438", "hazard_coefficient": 0, "is_critical": false}}, {"type": "Feature", "id": "REROUTE-SEG-439", "geometry": {"type": "LineString", "coordinates": [[76.389431, 10.291122], [76.389498, 10.290979]]}, "properties": {"segment_id": "REROUTE-SEG-439", "hazard_coefficient": 0, "is_critical": false}}, {"type": "Feature", "id": "REROUTE-SEG-440", "geometry": {"type": "LineString", "coordinates": [[76.389498, 10.290979], [76.389569, 10.290942]]}, "properties": {"segment_id": "REROUTE-SEG-440", "hazard_coefficient": 0, "is_critical": false}}, {"type": "Feature", "id": "REROUTE-SEG-441", "geometry": {"type": "LineString", "coordinates": [[76.389569, 10.290942], [76.389662, 10.290908]]}, "properties": {"segment_id": "REROUTE-SEG-441", "hazard_coefficient": 0, "is_critical": false}}, {"type": "Feature", "id": "REROUTE-SEG-442", "geometry": {"type": "LineString", "coordinates": [[76.389662, 10.290908], [76.390139, 10.290795]]}, "properties": {"segment_id": "REROUTE-SEG-442", "hazard_coefficient": 0, "is_critical": false}}, {"type": "Feature", "id": "REROUTE-SEG-443", "geometry": {"type": "LineString", "coordinates": [[76.390139, 10.290795], [76.390329, 10.290671]]}, "properties": {"segment_id": "REROUTE-SEG-443", "hazard_coefficient": 0, "is_critical": false}}, {"type": "Feature", "id": "REROUTE-SEG-444", "geometry": {"type": "LineString", "coordinates": [[76.390329, 10.290671], [76.39042, 10.290536]]}, "properties": {"segment_id": "REROUTE-SEG-444", "hazard_coefficient": 0, "is_critical": false}}, {"type": "Feature", "id": "REROUTE-SEG-445", "geometry": {"type": "LineString", "coordinates": [[76.39042, 10.290536], [76.390493, 10.290512]]}, "properties": {"segment_id": "REROUTE-SEG-445", "hazard_coefficient": 0, "is_critical": false}}, {"type": "Feature", "id": "REROUTE-SEG-446", "geometry": {"type": "LineString", "coordinates": [[76.390493, 10.290512], [76.390654, 10.290459]]}, "properties": {"segment_id": "REROUTE-SEG-446", "hazard_coefficient": 0, "is_critical": false}}, {"type": "Feature", "id": "REROUTE-SEG-447", "geometry": {"type": "LineString", "coordinates": [[76.390654, 10.290459], [76.390984, 10.29032]]}, "properties": {"segment_id": "REROUTE-SEG-447", "hazard_coefficient": 0, "is_critical": false}}, {"type": "Feature", "id": "REROUTE-SEG-448", "geometry": {"type": "LineString", "coordinates": [[76.390984, 10.29032], [76.392003, 10.289641]]}, "properties": {"segment_id": "REROUTE-SEG-448", "hazard_coefficient": 0, "is_critical": false}}, {"type": "Feature", "id": "REROUTE-SEG-449", "geometry": {"type": "LineString", "coordinates": [[76.392003, 10.289641], [76.392899, 10.289097]]}, "properties": {"segment_id": "REROUTE-SEG-449", "hazard_coefficient": 0, "is_critical": false}}, {"type": "Feature", "id": "REROUTE-SEG-450", "geometry": {"type": "LineString", "coordinates": [[76.392899, 10.289097], [76.393508, 10.28876]]}, "properties": {"segment_id": "REROUTE-SEG-450", "hazard_coefficient": 0, "is_critical": false}}, {"type": "Feature", "id": "REROUTE-SEG-451", "geometry": {"type": "LineString", "coordinates": [[76.393508, 10.28876], [76.393679, 10.28859]]}, "properties": {"segment_id": "REROUTE-SEG-451", "hazard_coefficient": 0, "is_critical": false}}, {"type": "Feature", "id": "REROUTE-SEG-452", "geometry": {"type": "LineString", "coordinates": [[76.393679, 10.28859], [76.393956, 10.288408]]}, "properties": {"segment_id": "REROUTE-SEG-452", "hazard_coefficient": 0, "is_critical": false}}, {"type": "Feature", "id": "REROUTE-SEG-453", "geometry": {"type": "LineString", "coordinates": [[76.393956, 10.288408], [76.39472, 10.287973]]}, "properties": {"segment_id": "REROUTE-SEG-453", "hazard_coefficient": 0, "is_critical": false}}, {"type": "Feature", "id": "REROUTE-SEG-454", "geometry": {"type": "LineString", "coordinates": [[76.39472, 10.287973], [76.394761, 10.288001]]}, "properties": {"segment_id": "REROUTE-SEG-454", "hazard_coefficient": 0, "is_critical": false}}, {"type": "Feature", "id": "REROUTE-SEG-455", "geometry": {"type": "LineString", "coordinates": [[76.394761, 10.288001], [76.395088, 10.28815]]}, "properties": {"segment_id": "REROUTE-SEG-455", "hazard_coefficient": 0, "is_critical": false}}, {"type": "Feature", "id": "REROUTE-SEG-456", "geometry": {"type": "LineString", "coordinates": [[76.395088, 10.28815], [76.395248, 10.288332]]}, "properties": {"segment_id": "REROUTE-SEG-456", "hazard_coefficient": 0, "is_critical": false}}, {"type": "Feature", "id": "REROUTE-SEG-457", "geometry": {"type": "LineString", "coordinates": [[76.395248, 10.288332], [76.395297, 10.288387]]}, "properties": {"segment_id": "REROUTE-SEG-457", "hazard_coefficient": 0, "is_critical": false}}, {"type": "Feature", "id": "REROUTE-SEG-458", "geometry": {"type": "LineString", "coordinates": [[76.395297, 10.288387], [76.395396, 10.288783]]}, "properties": {"segment_id": "REROUTE-SEG-458", "hazard_coefficient": 0, "is_critical": false}}, {"type": "Feature", "id": "REROUTE-SEG-459", "geometry": {"type": "LineString", "coordinates": [[76.395396, 10.288783], [76.395359, 10.28904]]}, "properties": {"segment_id": "REROUTE-SEG-459", "hazard_coefficient": 0, "is_critical": false}}, {"type": "Feature", "id": "REROUTE-SEG-460", "geometry": {"type": "LineString", "coordinates": [[76.395359, 10.28904], [76.395325, 10.289204]]}, "properties": {"segment_id": "REROUTE-SEG-460", "hazard_coefficient": 0, "is_critical": false}}, {"type": "Feature", "id": "REROUTE-SEG-461", "geometry": {"type": "LineString", "coordinates": [[76.395325, 10.289204], [76.395393, 10.289347]]}, "properties": {"segment_id": "REROUTE-SEG-461", "hazard_coefficient": 0, "is_critical": false}}, {"type": "Feature", "id": "REROUTE-SEG-462", "geometry": {"type": "LineString", "coordinates": [[76.395393, 10.289347], [76.395579, 10.289431]]}, "properties": {"segment_id": "REROUTE-SEG-462", "hazard_coefficient": 0, "is_critical": false}}, {"type": "Feature", "id": "REROUTE-SEG-463", "geometry": {"type": "LineString", "coordinates": [[76.395579, 10.289431], [76.396032, 10.289547]]}, "properties": {"segment_id": "REROUTE-SEG-463", "hazard_coefficient": 0, "is_critical": false}}, {"type": "Feature", "id": "REROUTE-SEG-464", "geometry": {"type": "LineString", "coordinates": [[76.396032, 10.289547], [76.396141, 10.289631]]}, "properties": {"segment_id": "REROUTE-SEG-464", "hazard_coefficient": 0, "is_critical": false}}, {"type": "Feature", "id": "REROUTE-SEG-465", "geometry": {"type": "LineString", "coordinates": [[76.396141, 10.289631], [76.396195, 10.289928]]}, "properties": {"segment_id": "REROUTE-SEG-465", "hazard_coefficient": 0, "is_critical": false}}, {"type": "Feature", "id": "REROUTE-SEG-466", "geometry": {"type": "LineString", "coordinates": [[76.396195, 10.289928], [76.396351, 10.290018]]}, "properties": {"segment_id": "REROUTE-SEG-466", "hazard_coefficient": 0, "is_critical": false}}, {"type": "Feature", "id": "REROUTE-SEG-467", "geometry": {"type": "LineString", "coordinates": [[76.396351, 10.290018], [76.397059, 10.289992]]}, "properties": {"segment_id": "REROUTE-SEG-467", "hazard_coefficient": 0, "is_critical": false}}, {"type": "Feature", "id": "REROUTE-SEG-468", "geometry": {"type": "LineString", "coordinates": [[76.397059, 10.289992], [76.39781, 10.289978]]}, "properties": {"segment_id": "REROUTE-SEG-468", "hazard_coefficient": 0, "is_critical": false}}, {"type": "Feature", "id": "REROUTE-SEG-469", "geometry": {"type": "LineString", "coordinates": [[76.39781, 10.289978], [76.398282, 10.290047]]}, "properties": {"segment_id": "REROUTE-SEG-469", "hazard_coefficient": 0, "is_critical": false}}, {"type": "Feature", "id": "REROUTE-SEG-470", "geometry": {"type": "LineString", "coordinates": [[76.398282, 10.290047], [76.398803, 10.290214]]}, "properties": {"segment_id": "REROUTE-SEG-470", "hazard_coefficient": 0, "is_critical": false}}, {"type": "Feature", "id": "REROUTE-SEG-471", "geometry": {"type": "LineString", "coordinates": [[76.398803, 10.290214], [76.399146, 10.290189]]}, "properties": {"segment_id": "REROUTE-SEG-471", "hazard_coefficient": 0, "is_critical": false}}, {"type": "Feature", "id": "REROUTE-SEG-472", "geometry": {"type": "LineString", "coordinates": [[76.399146, 10.290189], [76.399323, 10.290132]]}, "properties": {"segment_id": "REROUTE-SEG-472", "hazard_coefficient": 0, "is_critical": false}}, {"type": "Feature", "id": "REROUTE-SEG-473", "geometry": {"type": "LineString", "coordinates": [[76.399323, 10.290132], [76.39943, 10.290103]]}, "properties": {"segment_id": "REROUTE-SEG-473", "hazard_coefficient": 0, "is_critical": false}}, {"type": "Feature", "id": "REROUTE-SEG-474", "geometry": {"type": "LineString", "coordinates": [[76.39943, 10.290103], [76.400146, 10.289965]]}, "properties": {"segment_id": "REROUTE-SEG-474", "hazard_coefficient": 0, "is_critical": false}}, {"type": "Feature", "id": "REROUTE-SEG-475", "geometry": {"type": "LineString", "coordinates": [[76.400146, 10.289965], [76.40086, 10.28983]]}, "properties": {"segment_id": "REROUTE-SEG-475", "hazard_coefficient": 0, "is_critical": false}}, {"type": "Feature", "id": "REROUTE-SEG-476", "geometry": {"type": "LineString", "coordinates": [[76.40086, 10.28983], [76.400956, 10.289822]]}, "properties": {"segment_id": "REROUTE-SEG-476", "hazard_coefficient": 0, "is_critical": false}}, {"type": "Feature", "id": "REROUTE-SEG-477", "geometry": {"type": "LineString", "coordinates": [[76.400956, 10.289822], [76.401005, 10.289818]]}, "properties": {"segment_id": "REROUTE-SEG-477", "hazard_coefficient": 0, "is_critical": false}}, {"type": "Feature", "id": "REROUTE-SEG-478", "geometry": {"type": "LineString", "coordinates": [[76.401005, 10.289818], [76.401466, 10.289643]]}, "properties": {"segment_id": "REROUTE-SEG-478", "hazard_coefficient": 0, "is_critical": false}}, {"type": "Feature", "id": "REROUTE-SEG-479", "geometry": {"type": "LineString", "coordinates": [[76.401466, 10.289643], [76.401734, 10.289237]]}, "properties": {"segment_id": "REROUTE-SEG-479", "hazard_coefficient": 0, "is_critical": false}}, {"type": "Feature", "id": "REROUTE-SEG-480", "geometry": {"type": "LineString", "coordinates": [[76.401734, 10.289237], [76.40212, 10.288767]]}, "properties": {"segment_id": "REROUTE-SEG-480", "hazard_coefficient": 0, "is_critical": false}}, {"type": "Feature", "id": "REROUTE-SEG-481", "geometry": {"type": "LineString", "coordinates": [[76.40212, 10.288767], [76.402377, 10.288734]]}, "properties": {"segment_id": "REROUTE-SEG-481", "hazard_coefficient": 0, "is_critical": false}}, {"type": "Feature", "id": "REROUTE-SEG-482", "geometry": {"type": "LineString", "coordinates": [[76.402377, 10.288734], [76.402874, 10.28867]]}, "properties": {"segment_id": "REROUTE-SEG-482", "hazard_coefficient": 0, "is_critical": false}}, {"type": "Feature", "id": "REROUTE-SEG-483", "geometry": {"type": "LineString", "coordinates": [[76.402874, 10.28867], [76.403271, 10.288648]]}, "properties": {"segment_id": "REROUTE-SEG-483", "hazard_coefficient": 0, "is_critical": false}}, {"type": "Feature", "id": "REROUTE-SEG-484", "geometry": {"type": "LineString", "coordinates": [[76.403271, 10.288648], [76.403301, 10.288647]]}, "properties": {"segment_id": "REROUTE-SEG-484", "hazard_coefficient": 0, "is_critical": false}}, {"type": "Feature", "id": "REROUTE-SEG-485", "geometry": {"type": "LineString", "coordinates": [[76.403301, 10.288647], [76.403467, 10.288638]]}, "properties": {"segment_id": "REROUTE-SEG-485", "hazard_coefficient": 0, "is_critical": false}}, {"type": "Feature", "id": "REROUTE-SEG-486", "geometry": {"type": "LineString", "coordinates": [[76.403467, 10.288638], [76.40386, 10.28877]]}, "properties": {"segment_id": "REROUTE-SEG-486", "hazard_coefficient": 0, "is_critical": false}}, {"type": "Feature", "id": "REROUTE-SEG-487", "geometry": {"type": "LineString", "coordinates": [[76.40386, 10.28877], [76.404137, 10.288846]]}, "properties": {"segment_id": "REROUTE-SEG-487", "hazard_coefficient": 0, "is_critical": false}}, {"type": "Feature", "id": "REROUTE-SEG-488", "geometry": {"type": "LineString", "coordinates": [[76.404137, 10.288846], [76.404188, 10.288891]]}, "properties": {"segment_id": "REROUTE-SEG-488", "hazard_coefficient": 0, "is_critical": false}}, {"type": "Feature", "id": "REROUTE-SEG-489", "geometry": {"type": "LineString", "coordinates": [[76.404188, 10.288891], [76.404403, 10.289079]]}, "properties": {"segment_id": "REROUTE-SEG-489", "hazard_coefficient": 0, "is_critical": false}}, {"type": "Feature", "id": "REROUTE-SEG-490", "geometry": {"type": "LineString", "coordinates": [[76.404403, 10.289079], [76.404493, 10.289256]]}, "properties": {"segment_id": "REROUTE-SEG-490", "hazard_coefficient": 0, "is_critical": false}}, {"type": "Feature", "id": "REROUTE-SEG-491", "geometry": {"type": "LineString", "coordinates": [[76.404493, 10.289256], [76.404529, 10.289327]]}, "properties": {"segment_id": "REROUTE-SEG-491", "hazard_coefficient": 0, "is_critical": false}}, {"type": "Feature", "id": "REROUTE-SEG-492", "geometry": {"type": "LineString", "coordinates": [[76.404529, 10.289327], [76.40465, 10.289609]]}, "properties": {"segment_id": "REROUTE-SEG-492", "hazard_coefficient": 0, "is_critical": false}}, {"type": "Feature", "id": "REROUTE-SEG-493", "geometry": {"type": "LineString", "coordinates": [[76.40465, 10.289609], [76.404773, 10.289876]]}, "properties": {"segment_id": "REROUTE-SEG-493", "hazard_coefficient": 0, "is_critical": false}}, {"type": "Feature", "id": "REROUTE-SEG-494", "geometry": {"type": "LineString", "coordinates": [[76.404773, 10.289876], [76.404985, 10.290323]]}, "properties": {"segment_id": "REROUTE-SEG-494", "hazard_coefficient": 0, "is_critical": false}}, {"type": "Feature", "id": "REROUTE-SEG-495", "geometry": {"type": "LineString", "coordinates": [[76.404985, 10.290323], [76.405705, 10.289842]]}, "properties": {"segment_id": "REROUTE-SEG-495", "hazard_coefficient": 0, "is_critical": false}}, {"type": "Feature", "id": "REROUTE-SEG-496", "geometry": {"type": "LineString", "coordinates": [[76.405705, 10.289842], [76.406656, 10.288977]]}, "properties": {"segment_id": "REROUTE-SEG-496", "hazard_coefficient": 0, "is_critical": false}}, {"type": "Feature", "id": "REROUTE-SEG-497", "geometry": {"type": "LineString", "coordinates": [[76.406656, 10.288977], [76.407217, 10.28877]]}, "properties": {"segment_id": "REROUTE-SEG-497", "hazard_coefficient": 0, "is_critical": false}}, {"type": "Feature", "id": "REROUTE-SEG-498", "geometry": {"type": "LineString", "coordinates": [[76.407217, 10.28877], [76.407422, 10.288725]]}, "properties": {"segment_id": "REROUTE-SEG-498", "hazard_coefficient": 0, "is_critical": false}}, {"type": "Feature", "id": "REROUTE-SEG-499", "geometry": {"type": "LineString", "coordinates": [[76.407422, 10.288725], [76.407858, 10.288629]]}, "properties": {"segment_id": "REROUTE-SEG-499", "hazard_coefficient": 0, "is_critical": false}}, {"type": "Feature", "id": "REROUTE-SEG-500", "geometry": {"type": "LineString", "coordinates": [[76.407858, 10.288629], [76.408359, 10.288541]]}, "properties": {"segment_id": "REROUTE-SEG-500", "hazard_coefficient": 0, "is_critical": false}}, {"type": "Feature", "id": "REROUTE-SEG-501", "geometry": {"type": "LineString", "coordinates": [[76.408359, 10.288541], [76.408646, 10.2885]]}, "properties": {"segment_id": "REROUTE-SEG-501", "hazard_coefficient": 0, "is_critical": false}}, {"type": "Feature", "id": "REROUTE-SEG-502", "geometry": {"type": "LineString", "coordinates": [[76.408646, 10.2885], [76.409942, 10.28822]]}, "properties": {"segment_id": "REROUTE-SEG-502", "hazard_coefficient": 0, "is_critical": false}}, {"type": "Feature", "id": "REROUTE-SEG-503", "geometry": {"type": "LineString", "coordinates": [[76.409942, 10.28822], [76.410763, 10.288236]]}, "properties": {"segment_id": "REROUTE-SEG-503", "hazard_coefficient": 0, "is_critical": false}}, {"type": "Feature", "id": "REROUTE-SEG-504", "geometry": {"type": "LineString", "coordinates": [[76.410763, 10.288236], [76.411529, 10.288054]]}, "properties": {"segment_id": "REROUTE-SEG-504", "hazard_coefficient": 0, "is_critical": false}}, {"type": "Feature", "id": "REROUTE-SEG-505", "geometry": {"type": "LineString", "coordinates": [[76.411529, 10.288054], [76.411663, 10.288032]]}, "properties": {"segment_id": "REROUTE-SEG-505", "hazard_coefficient": 0, "is_critical": false}}, {"type": "Feature", "id": "REROUTE-SEG-506", "geometry": {"type": "LineString", "coordinates": [[76.411663, 10.288032], [76.412097, 10.287959]]}, "properties": {"segment_id": "REROUTE-SEG-506", "hazard_coefficient": 0, "is_critical": false}}, {"type": "Feature", "id": "REROUTE-SEG-507", "geometry": {"type": "LineString", "coordinates": [[76.412097, 10.287959], [76.412139, 10.28794]]}, "properties": {"segment_id": "REROUTE-SEG-507", "hazard_coefficient": 0, "is_critical": false}}, {"type": "Feature", "id": "REROUTE-SEG-508", "geometry": {"type": "LineString", "coordinates": [[76.412139, 10.28794], [76.413977, 10.287108]]}, "properties": {"segment_id": "REROUTE-SEG-508", "hazard_coefficient": 0, "is_critical": false}}, {"type": "Feature", "id": "REROUTE-SEG-509", "geometry": {"type": "LineString", "coordinates": [[76.413977, 10.287108], [76.414608, 10.286889]]}, "properties": {"segment_id": "REROUTE-SEG-509", "hazard_coefficient": 0, "is_critical": false}}, {"type": "Feature", "id": "REROUTE-SEG-510", "geometry": {"type": "LineString", "coordinates": [[76.414608, 10.286889], [76.415847, 10.286173]]}, "properties": {"segment_id": "REROUTE-SEG-510", "hazard_coefficient": 0, "is_critical": false}}, {"type": "Feature", "id": "REROUTE-SEG-511", "geometry": {"type": "LineString", "coordinates": [[76.415847, 10.286173], [76.419012, 10.285042]]}, "properties": {"segment_id": "REROUTE-SEG-511", "hazard_coefficient": 0, "is_critical": false}}, {"type": "Feature", "id": "REROUTE-SEG-512", "geometry": {"type": "LineString", "coordinates": [[76.419012, 10.285042], [76.419719, 10.284738]]}, "properties": {"segment_id": "REROUTE-SEG-512", "hazard_coefficient": 0, "is_critical": false}}, {"type": "Feature", "id": "REROUTE-SEG-513", "geometry": {"type": "LineString", "coordinates": [[76.419719, 10.284738], [76.420108, 10.284633]]}, "properties": {"segment_id": "REROUTE-SEG-513", "hazard_coefficient": 0, "is_critical": false}}, {"type": "Feature", "id": "REROUTE-SEG-514", "geometry": {"type": "LineString", "coordinates": [[76.420108, 10.284633], [76.420381, 10.284671]]}, "properties": {"segment_id": "REROUTE-SEG-514", "hazard_coefficient": 0, "is_critical": false}}, {"type": "Feature", "id": "REROUTE-SEG-515", "geometry": {"type": "LineString", "coordinates": [[76.420381, 10.284671], [76.420156, 10.284516]]}, "properties": {"segment_id": "REROUTE-SEG-515", "hazard_coefficient": 0, "is_critical": false}}, {"type": "Feature", "id": "REROUTE-SEG-516", "geometry": {"type": "LineString", "coordinates": [[76.420156, 10.284516], [76.419985, 10.284126]]}, "properties": {"segment_id": "REROUTE-SEG-516", "hazard_coefficient": 0, "is_critical": false}}, {"type": "Feature", "id": "REROUTE-SEG-517", "geometry": {"type": "LineString", "coordinates": [[76.419985, 10.284126], [76.41994, 10.283716]]}, "properties": {"segment_id": "REROUTE-SEG-517", "hazard_coefficient": 0, "is_critical": false}}, {"type": "Feature", "id": "REROUTE-SEG-518", "geometry": {"type": "LineString", "coordinates": [[76.41994, 10.283716], [76.419931, 10.28363]]}, "properties": {"segment_id": "REROUTE-SEG-518", "hazard_coefficient": 0, "is_critical": false}}, {"type": "Feature", "id": "REROUTE-SEG-519", "geometry": {"type": "LineString", "coordinates": [[76.419931, 10.28363], [76.419984, 10.283341]]}, "properties": {"segment_id": "REROUTE-SEG-519", "hazard_coefficient": 0, "is_critical": false}}, {"type": "Feature", "id": "REROUTE-SEG-520", "geometry": {"type": "LineString", "coordinates": [[76.419984, 10.283341], [76.420012, 10.283187]]}, "properties": {"segment_id": "REROUTE-SEG-520", "hazard_coefficient": 0, "is_critical": false}}, {"type": "Feature", "id": "REROUTE-SEG-521", "geometry": {"type": "LineString", "coordinates": [[76.420012, 10.283187], [76.420082, 10.283013]]}, "properties": {"segment_id": "REROUTE-SEG-521", "hazard_coefficient": 0, "is_critical": false}}, {"type": "Feature", "id": "REROUTE-SEG-522", "geometry": {"type": "LineString", "coordinates": [[76.420082, 10.283013], [76.420105, 10.282886]]}, "properties": {"segment_id": "REROUTE-SEG-522", "hazard_coefficient": 0, "is_critical": false}}, {"type": "Feature", "id": "REROUTE-SEG-523", "geometry": {"type": "LineString", "coordinates": [[76.420105, 10.282886], [76.420087, 10.282762]]}, "properties": {"segment_id": "REROUTE-SEG-523", "hazard_coefficient": 0, "is_critical": false}}, {"type": "Feature", "id": "REROUTE-SEG-524", "geometry": {"type": "LineString", "coordinates": [[76.420087, 10.282762], [76.420068, 10.282637]]}, "properties": {"segment_id": "REROUTE-SEG-524", "hazard_coefficient": 0, "is_critical": false}}, {"type": "Feature", "id": "REROUTE-SEG-525", "geometry": {"type": "LineString", "coordinates": [[76.420068, 10.282637], [76.420036, 10.282518]]}, "properties": {"segment_id": "REROUTE-SEG-525", "hazard_coefficient": 0, "is_critical": false}}, {"type": "Feature", "id": "REROUTE-SEG-526", "geometry": {"type": "LineString", "coordinates": [[76.420036, 10.282518], [76.41998, 10.282392]]}, "properties": {"segment_id": "REROUTE-SEG-526", "hazard_coefficient": 0, "is_critical": false}}, {"type": "Feature", "id": "REROUTE-SEG-527", "geometry": {"type": "LineString", "coordinates": [[76.41998, 10.282392], [76.419914, 10.282258]]}, "properties": {"segment_id": "REROUTE-SEG-527", "hazard_coefficient": 0, "is_critical": false}}, {"type": "Feature", "id": "REROUTE-SEG-528", "geometry": {"type": "LineString", "coordinates": [[76.419914, 10.282258], [76.419796, 10.281989]]}, "properties": {"segment_id": "REROUTE-SEG-528", "hazard_coefficient": 0, "is_critical": false}}, {"type": "Feature", "id": "REROUTE-SEG-529", "geometry": {"type": "LineString", "coordinates": [[76.419796, 10.281989], [76.419667, 10.28172]]}, "properties": {"segment_id": "REROUTE-SEG-529", "hazard_coefficient": 0, "is_critical": false}}, {"type": "Feature", "id": "REROUTE-SEG-530", "geometry": {"type": "LineString", "coordinates": [[76.419667, 10.28172], [76.419643, 10.281642]]}, "properties": {"segment_id": "REROUTE-SEG-530", "hazard_coefficient": 0, "is_critical": false}}, {"type": "Feature", "id": "REROUTE-SEG-531", "geometry": {"type": "LineString", "coordinates": [[76.419643, 10.281642], [76.419641, 10.281561]]}, "properties": {"segment_id": "REROUTE-SEG-531", "hazard_coefficient": 0, "is_critical": false}}, {"type": "Feature", "id": "REROUTE-SEG-532", "geometry": {"type": "LineString", "coordinates": [[76.419641, 10.281561], [76.419651, 10.281455]]}, "properties": {"segment_id": "REROUTE-SEG-532", "hazard_coefficient": 0, "is_critical": false}}, {"type": "Feature", "id": "REROUTE-SEG-533", "geometry": {"type": "LineString", "coordinates": [[76.419651, 10.281455], [76.419696, 10.281357]]}, "properties": {"segment_id": "REROUTE-SEG-533", "hazard_coefficient": 0, "is_critical": false}}, {"type": "Feature", "id": "REROUTE-SEG-534", "geometry": {"type": "LineString", "coordinates": [[76.419696, 10.281357], [76.419726, 10.281288]]}, "properties": {"segment_id": "REROUTE-SEG-534", "hazard_coefficient": 0, "is_critical": false}}, {"type": "Feature", "id": "REROUTE-SEG-535", "geometry": {"type": "LineString", "coordinates": [[76.419726, 10.281288], [76.419751, 10.28121]]}, "properties": {"segment_id": "REROUTE-SEG-535", "hazard_coefficient": 0, "is_critical": false}}, {"type": "Feature", "id": "REROUTE-SEG-536", "geometry": {"type": "LineString", "coordinates": [[76.419751, 10.28121], [76.419772, 10.281063]]}, "properties": {"segment_id": "REROUTE-SEG-536", "hazard_coefficient": 0, "is_critical": false}}, {"type": "Feature", "id": "REROUTE-SEG-537", "geometry": {"type": "LineString", "coordinates": [[76.419772, 10.281063], [76.419844, 10.280896]]}, "properties": {"segment_id": "REROUTE-SEG-537", "hazard_coefficient": 0, "is_critical": false}}, {"type": "Feature", "id": "REROUTE-SEG-538", "geometry": {"type": "LineString", "coordinates": [[76.419844, 10.280896], [76.419767, 10.280245]]}, "properties": {"segment_id": "REROUTE-SEG-538", "hazard_coefficient": 0, "is_critical": false}}, {"type": "Feature", "id": "REROUTE-SEG-539", "geometry": {"type": "LineString", "coordinates": [[76.419767, 10.280245], [76.419842, 10.280108]]}, "properties": {"segment_id": "REROUTE-SEG-539", "hazard_coefficient": 0, "is_critical": false}}, {"type": "Feature", "id": "REROUTE-SEG-540", "geometry": {"type": "LineString", "coordinates": [[76.419842, 10.280108], [76.419937, 10.280078]]}, "properties": {"segment_id": "REROUTE-SEG-540", "hazard_coefficient": 0, "is_critical": false}}, {"type": "Feature", "id": "REROUTE-SEG-541", "geometry": {"type": "LineString", "coordinates": [[76.419937, 10.280078], [76.41996, 10.279999]]}, "properties": {"segment_id": "REROUTE-SEG-541", "hazard_coefficient": 0, "is_critical": false}}, {"type": "Feature", "id": "REROUTE-SEG-542", "geometry": {"type": "LineString", "coordinates": [[76.41996, 10.279999], [76.420027, 10.279884]]}, "properties": {"segment_id": "REROUTE-SEG-542", "hazard_coefficient": 0, "is_critical": false}}, {"type": "Feature", "id": "REROUTE-SEG-543", "geometry": {"type": "LineString", "coordinates": [[76.420027, 10.279884], [76.420161, 10.279801]]}, "properties": {"segment_id": "REROUTE-SEG-543", "hazard_coefficient": 0, "is_critical": false}}, {"type": "Feature", "id": "REROUTE-SEG-544", "geometry": {"type": "LineString", "coordinates": [[76.420161, 10.279801], [76.420244, 10.279776]]}, "properties": {"segment_id": "REROUTE-SEG-544", "hazard_coefficient": 0, "is_critical": false}}, {"type": "Feature", "id": "REROUTE-SEG-545", "geometry": {"type": "LineString", "coordinates": [[76.420244, 10.279776], [76.420295, 10.279703]]}, "properties": {"segment_id": "REROUTE-SEG-545", "hazard_coefficient": 0, "is_critical": false}}, {"type": "Feature", "id": "REROUTE-SEG-546", "geometry": {"type": "LineString", "coordinates": [[76.420295, 10.279703], [76.420288, 10.279649]]}, "properties": {"segment_id": "REROUTE-SEG-546", "hazard_coefficient": 0, "is_critical": false}}, {"type": "Feature", "id": "REROUTE-SEG-547", "geometry": {"type": "LineString", "coordinates": [[76.420288, 10.279649], [76.420292, 10.279471]]}, "properties": {"segment_id": "REROUTE-SEG-547", "hazard_coefficient": 0, "is_critical": false}}, {"type": "Feature", "id": "REROUTE-SEG-548", "geometry": {"type": "LineString", "coordinates": [[76.420292, 10.279471], [76.42039, 10.279426]]}, "properties": {"segment_id": "REROUTE-SEG-548", "hazard_coefficient": 0, "is_critical": false}}, {"type": "Feature", "id": "REROUTE-SEG-549", "geometry": {"type": "LineString", "coordinates": [[76.42039, 10.279426], [76.420459, 10.279366]]}, "properties": {"segment_id": "REROUTE-SEG-549", "hazard_coefficient": 0, "is_critical": false}}, {"type": "Feature", "id": "REROUTE-SEG-550", "geometry": {"type": "LineString", "coordinates": [[76.420459, 10.279366], [76.420472, 10.27931]]}, "properties": {"segment_id": "REROUTE-SEG-550", "hazard_coefficient": 0, "is_critical": false}}, {"type": "Feature", "id": "REROUTE-SEG-551", "geometry": {"type": "LineString", "coordinates": [[76.420472, 10.27931], [76.420461, 10.279252]]}, "properties": {"segment_id": "REROUTE-SEG-551", "hazard_coefficient": 0, "is_critical": false}}, {"type": "Feature", "id": "REROUTE-SEG-552", "geometry": {"type": "LineString", "coordinates": [[76.420461, 10.279252], [76.420405, 10.279107]]}, "properties": {"segment_id": "REROUTE-SEG-552", "hazard_coefficient": 0, "is_critical": false}}, {"type": "Feature", "id": "REROUTE-SEG-553", "geometry": {"type": "LineString", "coordinates": [[76.420405, 10.279107], [76.419848, 10.277956]]}, "properties": {"segment_id": "REROUTE-SEG-553", "hazard_coefficient": 0, "is_critical": false}}, {"type": "Feature", "id": "REROUTE-SEG-554", "geometry": {"type": "LineString", "coordinates": [[76.419848, 10.277956], [76.418674, 10.278372]]}, "properties": {"segment_id": "REROUTE-SEG-554", "hazard_coefficient": 0, "is_critical": false}}, {"type": "Feature", "id": "REROUTE-SEG-555", "geometry": {"type": "LineString", "coordinates": [[76.418674, 10.278372], [76.418903, 10.278451]]}, "properties": {"segment_id": "REROUTE-SEG-555", "hazard_coefficient": 0, "is_critical": false}}, {"type": "Feature", "id": "REROUTE-SEG-556", "geometry": {"type": "LineString", "coordinates": [[76.418903, 10.278451], [76.419673, 10.278718]]}, "properties": {"segment_id": "REROUTE-SEG-556", "hazard_coefficient": 0, "is_critical": false}}, {"type": "Feature", "id": "REROUTE-SEG-557", "geometry": {"type": "LineString", "coordinates": [[76.419673, 10.278718], [76.420229, 10.279015]]}, "properties": {"segment_id": "REROUTE-SEG-557", "hazard_coefficient": 0, "is_critical": false}}, {"type": "Feature", "id": "REROUTE-SEG-558", "geometry": {"type": "LineString", "coordinates": [[76.420229, 10.279015], [76.420405, 10.279107]]}, "properties": {"segment_id": "REROUTE-SEG-558", "hazard_coefficient": 0, "is_critical": false}}, {"type": "Feature", "id": "REROUTE-SEG-559", "geometry": {"type": "LineString", "coordinates": [[76.420405, 10.279107], [76.420461, 10.279252]]}, "properties": {"segment_id": "REROUTE-SEG-559", "hazard_coefficient": 0, "is_critical": false}}, {"type": "Feature", "id": "REROUTE-SEG-560", "geometry": {"type": "LineString", "coordinates": [[76.420461, 10.279252], [76.420472, 10.27931]]}, "properties": {"segment_id": "REROUTE-SEG-560", "hazard_coefficient": 0, "is_critical": false}}, {"type": "Feature", "id": "REROUTE-SEG-561", "geometry": {"type": "LineString", "coordinates": [[76.420472, 10.27931], [76.420459, 10.279366]]}, "properties": {"segment_id": "REROUTE-SEG-561", "hazard_coefficient": 0, "is_critical": false}}, {"type": "Feature", "id": "REROUTE-SEG-562", "geometry": {"type": "LineString", "coordinates": [[76.420459, 10.279366], [76.42039, 10.279426]]}, "properties": {"segment_id": "REROUTE-SEG-562", "hazard_coefficient": 0, "is_critical": false}}, {"type": "Feature", "id": "REROUTE-SEG-563", "geometry": {"type": "LineString", "coordinates": [[76.42039, 10.279426], [76.420292, 10.279471]]}, "properties": {"segment_id": "REROUTE-SEG-563", "hazard_coefficient": 0, "is_critical": false}}, {"type": "Feature", "id": "REROUTE-SEG-564", "geometry": {"type": "LineString", "coordinates": [[76.420292, 10.279471], [76.420288, 10.279649]]}, "properties": {"segment_id": "REROUTE-SEG-564", "hazard_coefficient": 0, "is_critical": false}}, {"type": "Feature", "id": "REROUTE-SEG-565", "geometry": {"type": "LineString", "coordinates": [[76.420288, 10.279649], [76.420295, 10.279703]]}, "properties": {"segment_id": "REROUTE-SEG-565", "hazard_coefficient": 0, "is_critical": false}}, {"type": "Feature", "id": "REROUTE-SEG-566", "geometry": {"type": "LineString", "coordinates": [[76.420295, 10.279703], [76.420244, 10.279776]]}, "properties": {"segment_id": "REROUTE-SEG-566", "hazard_coefficient": 0, "is_critical": false}}, {"type": "Feature", "id": "REROUTE-SEG-567", "geometry": {"type": "LineString", "coordinates": [[76.420244, 10.279776], [76.420161, 10.279801]]}, "properties": {"segment_id": "REROUTE-SEG-567", "hazard_coefficient": 0, "is_critical": false}}, {"type": "Feature", "id": "REROUTE-SEG-568", "geometry": {"type": "LineString", "coordinates": [[76.420161, 10.279801], [76.420027, 10.279884]]}, "properties": {"segment_id": "REROUTE-SEG-568", "hazard_coefficient": 0, "is_critical": false}}, {"type": "Feature", "id": "REROUTE-SEG-569", "geometry": {"type": "LineString", "coordinates": [[76.420027, 10.279884], [76.419969, 10.279983]]}, "properties": {"segment_id": "REROUTE-SEG-569", "hazard_coefficient": 0, "is_critical": false}}, {"type": "Feature", "id": "REROUTE-SEG-570", "geometry": {"type": "LineString", "coordinates": [[76.419969, 10.279983], [76.41996, 10.279999]]}, "properties": {"segment_id": "REROUTE-SEG-570", "hazard_coefficient": 0, "is_critical": false}}, {"type": "Feature", "id": "REROUTE-SEG-571", "geometry": {"type": "LineString", "coordinates": [[76.41996, 10.279999], [76.419937, 10.280078]]}, "properties": {"segment_id": "REROUTE-SEG-571", "hazard_coefficient": 0, "is_critical": false}}, {"type": "Feature", "id": "REROUTE-SEG-572", "geometry": {"type": "LineString", "coordinates": [[76.419937, 10.280078], [76.419842, 10.280108]]}, "properties": {"segment_id": "REROUTE-SEG-572", "hazard_coefficient": 0, "is_critical": false}}, {"type": "Feature", "id": "REROUTE-SEG-573", "geometry": {"type": "LineString", "coordinates": [[76.419842, 10.280108], [76.419767, 10.280245]]}, "properties": {"segment_id": "REROUTE-SEG-573", "hazard_coefficient": 0, "is_critical": false}}, {"type": "Feature", "id": "REROUTE-SEG-574", "geometry": {"type": "LineString", "coordinates": [[76.419767, 10.280245], [76.419844, 10.280896]]}, "properties": {"segment_id": "REROUTE-SEG-574", "hazard_coefficient": 0, "is_critical": false}}, {"type": "Feature", "id": "REROUTE-SEG-575", "geometry": {"type": "LineString", "coordinates": [[76.419844, 10.280896], [76.419772, 10.281063]]}, "properties": {"segment_id": "REROUTE-SEG-575", "hazard_coefficient": 0, "is_critical": false}}, {"type": "Feature", "id": "REROUTE-SEG-576", "geometry": {"type": "LineString", "coordinates": [[76.419772, 10.281063], [76.419751, 10.28121]]}, "properties": {"segment_id": "REROUTE-SEG-576", "hazard_coefficient": 0, "is_critical": false}}, {"type": "Feature", "id": "REROUTE-SEG-577", "geometry": {"type": "LineString", "coordinates": [[76.419751, 10.28121], [76.419726, 10.281288]]}, "properties": {"segment_id": "REROUTE-SEG-577", "hazard_coefficient": 0, "is_critical": false}}, {"type": "Feature", "id": "REROUTE-SEG-578", "geometry": {"type": "LineString", "coordinates": [[76.419726, 10.281288], [76.419696, 10.281357]]}, "properties": {"segment_id": "REROUTE-SEG-578", "hazard_coefficient": 0, "is_critical": false}}, {"type": "Feature", "id": "REROUTE-SEG-579", "geometry": {"type": "LineString", "coordinates": [[76.419696, 10.281357], [76.419651, 10.281455]]}, "properties": {"segment_id": "REROUTE-SEG-579", "hazard_coefficient": 0, "is_critical": false}}, {"type": "Feature", "id": "REROUTE-SEG-580", "geometry": {"type": "LineString", "coordinates": [[76.419651, 10.281455], [76.419641, 10.281561]]}, "properties": {"segment_id": "REROUTE-SEG-580", "hazard_coefficient": 0, "is_critical": false}}, {"type": "Feature", "id": "REROUTE-SEG-581", "geometry": {"type": "LineString", "coordinates": [[76.419641, 10.281561], [76.419643, 10.281642]]}, "properties": {"segment_id": "REROUTE-SEG-581", "hazard_coefficient": 0, "is_critical": false}}, {"type": "Feature", "id": "REROUTE-SEG-582", "geometry": {"type": "LineString", "coordinates": [[76.419643, 10.281642], [76.419667, 10.28172]]}, "properties": {"segment_id": "REROUTE-SEG-582", "hazard_coefficient": 0, "is_critical": false}}, {"type": "Feature", "id": "REROUTE-SEG-583", "geometry": {"type": "LineString", "coordinates": [[76.419667, 10.28172], [76.419796, 10.281989]]}, "properties": {"segment_id": "REROUTE-SEG-583", "hazard_coefficient": 0, "is_critical": false}}, {"type": "Feature", "id": "REROUTE-SEG-584", "geometry": {"type": "LineString", "coordinates": [[76.419796, 10.281989], [76.419914, 10.282258]]}, "properties": {"segment_id": "REROUTE-SEG-584", "hazard_coefficient": 0, "is_critical": false}}, {"type": "Feature", "id": "REROUTE-SEG-585", "geometry": {"type": "LineString", "coordinates": [[76.419914, 10.282258], [76.41998, 10.282392]]}, "properties": {"segment_id": "REROUTE-SEG-585", "hazard_coefficient": 0, "is_critical": false}}, {"type": "Feature", "id": "REROUTE-SEG-586", "geometry": {"type": "LineString", "coordinates": [[76.41998, 10.282392], [76.420036, 10.282518]]}, "properties": {"segment_id": "REROUTE-SEG-586", "hazard_coefficient": 0, "is_critical": false}}, {"type": "Feature", "id": "REROUTE-SEG-587", "geometry": {"type": "LineString", "coordinates": [[76.420036, 10.282518], [76.420068, 10.282637]]}, "properties": {"segment_id": "REROUTE-SEG-587", "hazard_coefficient": 0, "is_critical": false}}, {"type": "Feature", "id": "REROUTE-SEG-588", "geometry": {"type": "LineString", "coordinates": [[76.420068, 10.282637], [76.420087, 10.282762]]}, "properties": {"segment_id": "REROUTE-SEG-588", "hazard_coefficient": 0, "is_critical": false}}, {"type": "Feature", "id": "REROUTE-SEG-589", "geometry": {"type": "LineString", "coordinates": [[76.420087, 10.282762], [76.420105, 10.282886]]}, "properties": {"segment_id": "REROUTE-SEG-589", "hazard_coefficient": 0, "is_critical": false}}, {"type": "Feature", "id": "REROUTE-SEG-590", "geometry": {"type": "LineString", "coordinates": [[76.420105, 10.282886], [76.420082, 10.283013]]}, "properties": {"segment_id": "REROUTE-SEG-590", "hazard_coefficient": 0, "is_critical": false}}, {"type": "Feature", "id": "REROUTE-SEG-591", "geometry": {"type": "LineString", "coordinates": [[76.420082, 10.283013], [76.420012, 10.283187]]}, "properties": {"segment_id": "REROUTE-SEG-591", "hazard_coefficient": 0, "is_critical": false}}, {"type": "Feature", "id": "REROUTE-SEG-592", "geometry": {"type": "LineString", "coordinates": [[76.420012, 10.283187], [76.419984, 10.283341]]}, "properties": {"segment_id": "REROUTE-SEG-592", "hazard_coefficient": 0, "is_critical": false}}, {"type": "Feature", "id": "REROUTE-SEG-593", "geometry": {"type": "LineString", "coordinates": [[76.419984, 10.283341], [76.419931, 10.28363]]}, "properties": {"segment_id": "REROUTE-SEG-593", "hazard_coefficient": 0, "is_critical": false}}, {"type": "Feature", "id": "REROUTE-SEG-594", "geometry": {"type": "LineString", "coordinates": [[76.419931, 10.28363], [76.41994, 10.283716]]}, "properties": {"segment_id": "REROUTE-SEG-594", "hazard_coefficient": 0, "is_critical": false}}, {"type": "Feature", "id": "REROUTE-SEG-595", "geometry": {"type": "LineString", "coordinates": [[76.41994, 10.283716], [76.419985, 10.284126]]}, "properties": {"segment_id": "REROUTE-SEG-595", "hazard_coefficient": 0, "is_critical": false}}, {"type": "Feature", "id": "REROUTE-SEG-596", "geometry": {"type": "LineString", "coordinates": [[76.419985, 10.284126], [76.420156, 10.284516]]}, "properties": {"segment_id": "REROUTE-SEG-596", "hazard_coefficient": 0, "is_critical": false}}, {"type": "Feature", "id": "REROUTE-SEG-597", "geometry": {"type": "LineString", "coordinates": [[76.420156, 10.284516], [76.420381, 10.284671]]}, "properties": {"segment_id": "REROUTE-SEG-597", "hazard_coefficient": 0, "is_critical": false}}, {"type": "Feature", "id": "REROUTE-SEG-598", "geometry": {"type": "LineString", "coordinates": [[76.420381, 10.284671], [76.42074, 10.285141]]}, "properties": {"segment_id": "REROUTE-SEG-598", "hazard_coefficient": 0, "is_critical": false}}, {"type": "Feature", "id": "REROUTE-SEG-599", "geometry": {"type": "LineString", "coordinates": [[76.42074, 10.285141], [76.42098, 10.285199]]}, "properties": {"segment_id": "REROUTE-SEG-599", "hazard_coefficient": 0, "is_critical": false}}, {"type": "Feature", "id": "REROUTE-SEG-600", "geometry": {"type": "LineString", "coordinates": [[76.42098, 10.285199], [76.421102, 10.285229]]}, "properties": {"segment_id": "REROUTE-SEG-600", "hazard_coefficient": 0, "is_critical": false}}, {"type": "Feature", "id": "REROUTE-SEG-601", "geometry": {"type": "LineString", "coordinates": [[76.421102, 10.285229], [76.422092, 10.285144]]}, "properties": {"segment_id": "REROUTE-SEG-601", "hazard_coefficient": 0, "is_critical": false}}, {"type": "Feature", "id": "REROUTE-SEG-602", "geometry": {"type": "LineString", "coordinates": [[76.422092, 10.285144], [76.42282, 10.285053]]}, "properties": {"segment_id": "REROUTE-SEG-602", "hazard_coefficient": 0, "is_critical": false}}, {"type": "Feature", "id": "REROUTE-SEG-603", "geometry": {"type": "LineString", "coordinates": [[76.42282, 10.285053], [76.423349, 10.2849]]}, "properties": {"segment_id": "REROUTE-SEG-603", "hazard_coefficient": 0, "is_critical": false}}, {"type": "Feature", "id": "REROUTE-SEG-604", "geometry": {"type": "LineString", "coordinates": [[76.423349, 10.2849], [76.423974, 10.284784]]}, "properties": {"segment_id": "REROUTE-SEG-604", "hazard_coefficient": 0, "is_critical": false}}, {"type": "Feature", "id": "REROUTE-SEG-605", "geometry": {"type": "LineString", "coordinates": [[76.423974, 10.284784], [76.424645, 10.284689]]}, "properties": {"segment_id": "REROUTE-SEG-605", "hazard_coefficient": 0, "is_critical": false}}, {"type": "Feature", "id": "REROUTE-SEG-606", "geometry": {"type": "LineString", "coordinates": [[76.424645, 10.284689], [76.425413, 10.284524]]}, "properties": {"segment_id": "REROUTE-SEG-606", "hazard_coefficient": 0, "is_critical": false}}, {"type": "Feature", "id": "REROUTE-SEG-607", "geometry": {"type": "LineString", "coordinates": [[76.425413, 10.284524], [76.426681, 10.283914]]}, "properties": {"segment_id": "REROUTE-SEG-607", "hazard_coefficient": 0, "is_critical": false}}, {"type": "Feature", "id": "REROUTE-SEG-608", "geometry": {"type": "LineString", "coordinates": [[76.426681, 10.283914], [76.427333, 10.2836]]}, "properties": {"segment_id": "REROUTE-SEG-608", "hazard_coefficient": 0, "is_critical": false}}, {"type": "Feature", "id": "REROUTE-SEG-609", "geometry": {"type": "LineString", "coordinates": [[76.427333, 10.2836], [76.427756, 10.283415]]}, "properties": {"segment_id": "REROUTE-SEG-609", "hazard_coefficient": 0, "is_critical": false}}, {"type": "Feature", "id": "REROUTE-SEG-610", "geometry": {"type": "LineString", "coordinates": [[76.427756, 10.283415], [76.429042, 10.283052]]}, "properties": {"segment_id": "REROUTE-SEG-610", "hazard_coefficient": 0, "is_critical": false}}, {"type": "Feature", "id": "REROUTE-SEG-611", "geometry": {"type": "LineString", "coordinates": [[76.429042, 10.283052], [76.429179, 10.283013]]}, "properties": {"segment_id": "REROUTE-SEG-611", "hazard_coefficient": 0, "is_critical": false}}, {"type": "Feature", "id": "REROUTE-SEG-612", "geometry": {"type": "LineString", "coordinates": [[76.429179, 10.283013], [76.429652, 10.282905]]}, "properties": {"segment_id": "REROUTE-SEG-612", "hazard_coefficient": 0, "is_critical": false}}, {"type": "Feature", "id": "REROUTE-SEG-613", "geometry": {"type": "LineString", "coordinates": [[76.429652, 10.282905], [76.429942, 10.282852]]}, "properties": {"segment_id": "REROUTE-SEG-613", "hazard_coefficient": 0, "is_critical": false}}, {"type": "Feature", "id": "REROUTE-SEG-614", "geometry": {"type": "LineString", "coordinates": [[76.429942, 10.282852], [76.430468, 10.282819]]}, "properties": {"segment_id": "REROUTE-SEG-614", "hazard_coefficient": 0, "is_critical": false}}, {"type": "Feature", "id": "REROUTE-SEG-615", "geometry": {"type": "LineString", "coordinates": [[76.430468, 10.282819], [76.430616, 10.28281]]}, "properties": {"segment_id": "REROUTE-SEG-615", "hazard_coefficient": 0, "is_critical": false}}, {"type": "Feature", "id": "REROUTE-SEG-616", "geometry": {"type": "LineString", "coordinates": [[76.430616, 10.28281], [76.430784, 10.282791]]}, "properties": {"segment_id": "REROUTE-SEG-616", "hazard_coefficient": 0, "is_critical": false}}, {"type": "Feature", "id": "REROUTE-SEG-617", "geometry": {"type": "LineString", "coordinates": [[76.430784, 10.282791], [76.43089, 10.282778]]}, "properties": {"segment_id": "REROUTE-SEG-617", "hazard_coefficient": 0, "is_critical": false}}, {"type": "Feature", "id": "REROUTE-SEG-618", "geometry": {"type": "LineString", "coordinates": [[76.43089, 10.282778], [76.431616, 10.282755]]}, "properties": {"segment_id": "REROUTE-SEG-618", "hazard_coefficient": 0, "is_critical": false}}, {"type": "Feature", "id": "REROUTE-SEG-619", "geometry": {"type": "LineString", "coordinates": [[76.431616, 10.282755], [76.431916, 10.282816]]}, "properties": {"segment_id": "REROUTE-SEG-619", "hazard_coefficient": 0, "is_critical": false}}, {"type": "Feature", "id": "REROUTE-SEG-620", "geometry": {"type": "LineString", "coordinates": [[76.431916, 10.282816], [76.432034, 10.282861]]}, "properties": {"segment_id": "REROUTE-SEG-620", "hazard_coefficient": 0, "is_critical": false}}, {"type": "Feature", "id": "REROUTE-SEG-621", "geometry": {"type": "LineString", "coordinates": [[76.432034, 10.282861], [76.431974, 10.283051]]}, "properties": {"segment_id": "REROUTE-SEG-621", "hazard_coefficient": 0, "is_critical": false}}, {"type": "Feature", "id": "REROUTE-SEG-622", "geometry": {"type": "LineString", "coordinates": [[76.431974, 10.283051], [76.431893, 10.284391]]}, "properties": {"segment_id": "REROUTE-SEG-622", "hazard_coefficient": 0, "is_critical": false}}, {"type": "Feature", "id": "REROUTE-SEG-623", "geometry": {"type": "LineString", "coordinates": [[76.431893, 10.284391], [76.431996, 10.284539]]}, "properties": {"segment_id": "REROUTE-SEG-623", "hazard_coefficient": 0, "is_critical": false}}, {"type": "Feature", "id": "REROUTE-SEG-624", "geometry": {"type": "LineString", "coordinates": [[76.431996, 10.284539], [76.432166, 10.284809]]}, "properties": {"segment_id": "REROUTE-SEG-624", "hazard_coefficient": 0, "is_critical": false}}, {"type": "Feature", "id": "REROUTE-SEG-625", "geometry": {"type": "LineString", "coordinates": [[76.432166, 10.284809], [76.432699, 10.284865]]}, "properties": {"segment_id": "REROUTE-SEG-625", "hazard_coefficient": 0, "is_critical": false}}, {"type": "Feature", "id": "REROUTE-SEG-626", "geometry": {"type": "LineString", "coordinates": [[76.432699, 10.284865], [76.433338, 10.284835]]}, "properties": {"segment_id": "REROUTE-SEG-626", "hazard_coefficient": 0, "is_critical": false}}, {"type": "Feature", "id": "REROUTE-SEG-627", "geometry": {"type": "LineString", "coordinates": [[76.433338, 10.284835], [76.43352, 10.285177]]}, "properties": {"segment_id": "REROUTE-SEG-627", "hazard_coefficient": 0, "is_critical": false}}, {"type": "Feature", "id": "REROUTE-SEG-628", "geometry": {"type": "LineString", "coordinates": [[76.43352, 10.285177], [76.432976, 10.286302]]}, "properties": {"segment_id": "REROUTE-SEG-628", "hazard_coefficient": 0, "is_critical": false}}, {"type": "Feature", "id": "REROUTE-SEG-629", "geometry": {"type": "LineString", "coordinates": [[76.432976, 10.286302], [76.433022, 10.286649]]}, "properties": {"segment_id": "REROUTE-SEG-629", "hazard_coefficient": 0, "is_critical": false}}, {"type": "Feature", "id": "REROUTE-SEG-630", "geometry": {"type": "LineString", "coordinates": [[76.433022, 10.286649], [76.433482, 10.287579]]}, "properties": {"segment_id": "REROUTE-SEG-630", "hazard_coefficient": 0, "is_critical": false}}, {"type": "Feature", "id": "REROUTE-SEG-631", "geometry": {"type": "LineString", "coordinates": [[76.433482, 10.287579], [76.433453, 10.288154]]}, "properties": {"segment_id": "REROUTE-SEG-631", "hazard_coefficient": 0, "is_critical": false}}, {"type": "Feature", "id": "REROUTE-SEG-632", "geometry": {"type": "LineString", "coordinates": [[76.433453, 10.288154], [76.43329, 10.288684]]}, "properties": {"segment_id": "REROUTE-SEG-632", "hazard_coefficient": 0, "is_critical": false}}, {"type": "Feature", "id": "REROUTE-SEG-633", "geometry": {"type": "LineString", "coordinates": [[76.43329, 10.288684], [76.433389, 10.289005]]}, "properties": {"segment_id": "REROUTE-SEG-633", "hazard_coefficient": 0, "is_critical": false}}, {"type": "Feature", "id": "REROUTE-SEG-634", "geometry": {"type": "LineString", "coordinates": [[76.433389, 10.289005], [76.433507, 10.28911]]}, "properties": {"segment_id": "REROUTE-SEG-634", "hazard_coefficient": 0, "is_critical": false}}, {"type": "Feature", "id": "REROUTE-SEG-635", "geometry": {"type": "LineString", "coordinates": [[76.433507, 10.28911], [76.433751, 10.289329]]}, "properties": {"segment_id": "REROUTE-SEG-635", "hazard_coefficient": 0, "is_critical": false}}, {"type": "Feature", "id": "REROUTE-SEG-636", "geometry": {"type": "LineString", "coordinates": [[76.433751, 10.289329], [76.434399, 10.289521]]}, "properties": {"segment_id": "REROUTE-SEG-636", "hazard_coefficient": 0, "is_critical": false}}, {"type": "Feature", "id": "REROUTE-SEG-637", "geometry": {"type": "LineString", "coordinates": [[76.434399, 10.289521], [76.435922, 10.290465]]}, "properties": {"segment_id": "REROUTE-SEG-637", "hazard_coefficient": 0, "is_critical": false}}, {"type": "Feature", "id": "REROUTE-SEG-638", "geometry": {"type": "LineString", "coordinates": [[76.435922, 10.290465], [76.43598, 10.290519]]}, "properties": {"segment_id": "REROUTE-SEG-638", "hazard_coefficient": 0, "is_critical": false}}, {"type": "Feature", "id": "REROUTE-SEG-639", "geometry": {"type": "LineString", "coordinates": [[76.43598, 10.290519], [76.43622, 10.290746]]}, "properties": {"segment_id": "REROUTE-SEG-639", "hazard_coefficient": 0, "is_critical": false}}, {"type": "Feature", "id": "REROUTE-SEG-640", "geometry": {"type": "LineString", "coordinates": [[76.43622, 10.290746], [76.436464, 10.290896]]}, "properties": {"segment_id": "REROUTE-SEG-640", "hazard_coefficient": 0, "is_critical": false}}, {"type": "Feature", "id": "REROUTE-SEG-641", "geometry": {"type": "LineString", "coordinates": [[76.436464, 10.290896], [76.436883, 10.290938]]}, "properties": {"segment_id": "REROUTE-SEG-641", "hazard_coefficient": 0, "is_critical": false}}, {"type": "Feature", "id": "REROUTE-SEG-642", "geometry": {"type": "LineString", "coordinates": [[76.436883, 10.290938], [76.43733, 10.290862]]}, "properties": {"segment_id": "REROUTE-SEG-642", "hazard_coefficient": 0, "is_critical": false}}, {"type": "Feature", "id": "REROUTE-SEG-643", "geometry": {"type": "LineString", "coordinates": [[76.43733, 10.290862], [76.438052, 10.290526]]}, "properties": {"segment_id": "REROUTE-SEG-643", "hazard_coefficient": 0, "is_critical": false}}, {"type": "Feature", "id": "REROUTE-SEG-644", "geometry": {"type": "LineString", "coordinates": [[76.438052, 10.290526], [76.438277, 10.290476]]}, "properties": {"segment_id": "REROUTE-SEG-644", "hazard_coefficient": 0, "is_critical": false}}, {"type": "Feature", "id": "REROUTE-SEG-645", "geometry": {"type": "LineString", "coordinates": [[76.438277, 10.290476], [76.438585, 10.290434]]}, "properties": {"segment_id": "REROUTE-SEG-645", "hazard_coefficient": 0, "is_critical": false}}, {"type": "Feature", "id": "REROUTE-SEG-646", "geometry": {"type": "LineString", "coordinates": [[76.438585, 10.290434], [76.438878, 10.290377]]}, "properties": {"segment_id": "REROUTE-SEG-646", "hazard_coefficient": 0, "is_critical": false}}, {"type": "Feature", "id": "REROUTE-SEG-647", "geometry": {"type": "LineString", "coordinates": [[76.438878, 10.290377], [76.439713, 10.290329]]}, "properties": {"segment_id": "REROUTE-SEG-647", "hazard_coefficient": 0, "is_critical": false}}, {"type": "Feature", "id": "REROUTE-SEG-648", "geometry": {"type": "LineString", "coordinates": [[76.439713, 10.290329], [76.439991, 10.290285]]}, "properties": {"segment_id": "REROUTE-SEG-648", "hazard_coefficient": 0, "is_critical": false}}, {"type": "Feature", "id": "REROUTE-SEG-649", "geometry": {"type": "LineString", "coordinates": [[76.439991, 10.290285], [76.440608, 10.29024]]}, "properties": {"segment_id": "REROUTE-SEG-649", "hazard_coefficient": 0, "is_critical": false}}, {"type": "Feature", "id": "REROUTE-SEG-650", "geometry": {"type": "LineString", "coordinates": [[76.440608, 10.29024], [76.440714, 10.290204]]}, "properties": {"segment_id": "REROUTE-SEG-650", "hazard_coefficient": 0, "is_critical": false}}, {"type": "Feature", "id": "REROUTE-SEG-651", "geometry": {"type": "LineString", "coordinates": [[76.440714, 10.290204], [76.441278, 10.290009]]}, "properties": {"segment_id": "REROUTE-SEG-651", "hazard_coefficient": 0, "is_critical": false}}, {"type": "Feature", "id": "REROUTE-SEG-652", "geometry": {"type": "LineString", "coordinates": [[76.441278, 10.290009], [76.442002, 10.289669]]}, "properties": {"segment_id": "REROUTE-SEG-652", "hazard_coefficient": 0, "is_critical": false}}, {"type": "Feature", "id": "REROUTE-SEG-653", "geometry": {"type": "LineString", "coordinates": [[76.442002, 10.289669], [76.442448, 10.289679]]}, "properties": {"segment_id": "REROUTE-SEG-653", "hazard_coefficient": 0, "is_critical": false}}, {"type": "Feature", "id": "REROUTE-SEG-654", "geometry": {"type": "LineString", "coordinates": [[76.442448, 10.289679], [76.442538, 10.289699]]}, "properties": {"segment_id": "REROUTE-SEG-654", "hazard_coefficient": 0, "is_critical": false}}, {"type": "Feature", "id": "REROUTE-SEG-655", "geometry": {"type": "LineString", "coordinates": [[76.442538, 10.289699], [76.442875, 10.289774]]}, "properties": {"segment_id": "REROUTE-SEG-655", "hazard_coefficient": 0, "is_critical": false}}, {"type": "Feature", "id": "REROUTE-SEG-656", "geometry": {"type": "LineString", "coordinates": [[76.442875, 10.289774], [76.443088, 10.289804]]}, "properties": {"segment_id": "REROUTE-SEG-656", "hazard_coefficient": 0, "is_critical": false}}, {"type": "Feature", "id": "REROUTE-SEG-657", "geometry": {"type": "LineString", "coordinates": [[76.443088, 10.289804], [76.443559, 10.289871]]}, "properties": {"segment_id": "REROUTE-SEG-657", "hazard_coefficient": 0, "is_critical": false}}, {"type": "Feature", "id": "REROUTE-SEG-658", "geometry": {"type": "LineString", "coordinates": [[76.443559, 10.289871], [76.443941, 10.290163]]}, "properties": {"segment_id": "REROUTE-SEG-658", "hazard_coefficient": 0, "is_critical": false}}, {"type": "Feature", "id": "REROUTE-SEG-659", "geometry": {"type": "LineString", "coordinates": [[76.443941, 10.290163], [76.444181, 10.290625]]}, "properties": {"segment_id": "REROUTE-SEG-659", "hazard_coefficient": 0, "is_critical": false}}, {"type": "Feature", "id": "REROUTE-SEG-660", "geometry": {"type": "LineString", "coordinates": [[76.444181, 10.290625], [76.444206, 10.290674]]}, "properties": {"segment_id": "REROUTE-SEG-660", "hazard_coefficient": 0, "is_critical": false}}, {"type": "Feature", "id": "REROUTE-SEG-661", "geometry": {"type": "LineString", "coordinates": [[76.444206, 10.290674], [76.444435, 10.291114]]}, "properties": {"segment_id": "REROUTE-SEG-661", "hazard_coefficient": 0, "is_critical": false}}, {"type": "Feature", "id": "REROUTE-SEG-662", "geometry": {"type": "LineString", "coordinates": [[76.444435, 10.291114], [76.444791, 10.292072]]}, "properties": {"segment_id": "REROUTE-SEG-662", "hazard_coefficient": 0, "is_critical": false}}, {"type": "Feature", "id": "REROUTE-SEG-663", "geometry": {"type": "LineString", "coordinates": [[76.444791, 10.292072], [76.444932, 10.292452]]}, "properties": {"segment_id": "REROUTE-SEG-663", "hazard_coefficient": 0, "is_critical": false}}, {"type": "Feature", "id": "REROUTE-SEG-664", "geometry": {"type": "LineString", "coordinates": [[76.444932, 10.292452], [76.445115, 10.29266]]}, "properties": {"segment_id": "REROUTE-SEG-664", "hazard_coefficient": 0, "is_critical": false}}, {"type": "Feature", "id": "REROUTE-SEG-665", "geometry": {"type": "LineString", "coordinates": [[76.445115, 10.29266], [76.445747, 10.292884]]}, "properties": {"segment_id": "REROUTE-SEG-665", "hazard_coefficient": 0, "is_critical": false}}, {"type": "Feature", "id": "REROUTE-SEG-666", "geometry": {"type": "LineString", "coordinates": [[76.445747, 10.292884], [76.446364, 10.292891]]}, "properties": {"segment_id": "REROUTE-SEG-666", "hazard_coefficient": 0, "is_critical": false}}, {"type": "Feature", "id": "REROUTE-SEG-667", "geometry": {"type": "LineString", "coordinates": [[76.446364, 10.292891], [76.446611, 10.292994]]}, "properties": {"segment_id": "REROUTE-SEG-667", "hazard_coefficient": 0, "is_critical": false}}, {"type": "Feature", "id": "REROUTE-SEG-668", "geometry": {"type": "LineString", "coordinates": [[76.446611, 10.292994], [76.446811, 10.293185]]}, "properties": {"segment_id": "REROUTE-SEG-668", "hazard_coefficient": 0, "is_critical": false}}, {"type": "Feature", "id": "REROUTE-SEG-669", "geometry": {"type": "LineString", "coordinates": [[76.446811, 10.293185], [76.44694, 10.293367]]}, "properties": {"segment_id": "REROUTE-SEG-669", "hazard_coefficient": 0, "is_critical": false}}, {"type": "Feature", "id": "REROUTE-SEG-670", "geometry": {"type": "LineString", "coordinates": [[76.44694, 10.293367], [76.447004, 10.293481]]}, "properties": {"segment_id": "REROUTE-SEG-670", "hazard_coefficient": 0, "is_critical": false}}, {"type": "Feature", "id": "REROUTE-SEG-671", "geometry": {"type": "LineString", "coordinates": [[76.447004, 10.293481], [76.447119, 10.293554]]}, "properties": {"segment_id": "REROUTE-SEG-671", "hazard_coefficient": 0, "is_critical": false}}, {"type": "Feature", "id": "REROUTE-SEG-672", "geometry": {"type": "LineString", "coordinates": [[76.447119, 10.293554], [76.447738, 10.293725]]}, "properties": {"segment_id": "REROUTE-SEG-672", "hazard_coefficient": 0, "is_critical": false}}, {"type": "Feature", "id": "REROUTE-SEG-673", "geometry": {"type": "LineString", "coordinates": [[76.447738, 10.293725], [76.448187, 10.2939]]}, "properties": {"segment_id": "REROUTE-SEG-673", "hazard_coefficient": 0, "is_critical": false}}, {"type": "Feature", "id": "REROUTE-SEG-674", "geometry": {"type": "LineString", "coordinates": [[76.448187, 10.2939], [76.448517, 10.293985]]}, "properties": {"segment_id": "REROUTE-SEG-674", "hazard_coefficient": 0, "is_critical": false}}, {"type": "Feature", "id": "REROUTE-SEG-675", "geometry": {"type": "LineString", "coordinates": [[76.448517, 10.293985], [76.449194, 10.294265]]}, "properties": {"segment_id": "REROUTE-SEG-675", "hazard_coefficient": 0, "is_critical": false}}, {"type": "Feature", "id": "REROUTE-SEG-676", "geometry": {"type": "LineString", "coordinates": [[76.449194, 10.294265], [76.449802, 10.29428]]}, "properties": {"segment_id": "REROUTE-SEG-676", "hazard_coefficient": 0, "is_critical": false}}, {"type": "Feature", "id": "REROUTE-SEG-677", "geometry": {"type": "LineString", "coordinates": [[76.449802, 10.29428], [76.450709, 10.293876]]}, "properties": {"segment_id": "REROUTE-SEG-677", "hazard_coefficient": 0, "is_critical": false}}, {"type": "Feature", "id": "REROUTE-SEG-678", "geometry": {"type": "LineString", "coordinates": [[76.450709, 10.293876], [76.451518, 10.294268]]}, "properties": {"segment_id": "REROUTE-SEG-678", "hazard_coefficient": 0, "is_critical": false}}, {"type": "Feature", "id": "REROUTE-SEG-679", "geometry": {"type": "LineString", "coordinates": [[76.451518, 10.294268], [76.452543, 10.294312]]}, "properties": {"segment_id": "REROUTE-SEG-679", "hazard_coefficient": 0, "is_critical": false}}, {"type": "Feature", "id": "REROUTE-SEG-680", "geometry": {"type": "LineString", "coordinates": [[76.452543, 10.294312], [76.452791, 10.294342]]}, "properties": {"segment_id": "REROUTE-SEG-680", "hazard_coefficient": 0, "is_critical": false}}, {"type": "Feature", "id": "REROUTE-SEG-681", "geometry": {"type": "LineString", "coordinates": [[76.452791, 10.294342], [76.453788, 10.294449]]}, "properties": {"segment_id": "REROUTE-SEG-681", "hazard_coefficient": 0, "is_critical": false}}, {"type": "Feature", "id": "REROUTE-SEG-682", "geometry": {"type": "LineString", "coordinates": [[76.453788, 10.294449], [76.454714, 10.294578]]}, "properties": {"segment_id": "REROUTE-SEG-682", "hazard_coefficient": 0, "is_critical": false}}, {"type": "Feature", "id": "REROUTE-SEG-683", "geometry": {"type": "LineString", "coordinates": [[76.454714, 10.294578], [76.455345, 10.294724]]}, "properties": {"segment_id": "REROUTE-SEG-683", "hazard_coefficient": 0, "is_critical": false}}, {"type": "Feature", "id": "REROUTE-SEG-684", "geometry": {"type": "LineString", "coordinates": [[76.455345, 10.294724], [76.456058, 10.294722]]}, "properties": {"segment_id": "REROUTE-SEG-684", "hazard_coefficient": 0, "is_critical": false}}, {"type": "Feature", "id": "REROUTE-SEG-685", "geometry": {"type": "LineString", "coordinates": [[76.456058, 10.294722], [76.456522, 10.294538]]}, "properties": {"segment_id": "REROUTE-SEG-685", "hazard_coefficient": 0, "is_critical": false}}, {"type": "Feature", "id": "REROUTE-SEG-686", "geometry": {"type": "LineString", "coordinates": [[76.456522, 10.294538], [76.456821, 10.294459]]}, "properties": {"segment_id": "REROUTE-SEG-686", "hazard_coefficient": 0, "is_critical": false}}, {"type": "Feature", "id": "REROUTE-SEG-687", "geometry": {"type": "LineString", "coordinates": [[76.456821, 10.294459], [76.456875, 10.294445]]}, "properties": {"segment_id": "REROUTE-SEG-687", "hazard_coefficient": 0, "is_critical": false}}, {"type": "Feature", "id": "REROUTE-SEG-688", "geometry": {"type": "LineString", "coordinates": [[76.456875, 10.294445], [76.457637, 10.294481]]}, "properties": {"segment_id": "REROUTE-SEG-688", "hazard_coefficient": 0, "is_critical": false}}, {"type": "Feature", "id": "REROUTE-SEG-689", "geometry": {"type": "LineString", "coordinates": [[76.457637, 10.294481], [76.457931, 10.294495]]}, "properties": {"segment_id": "REROUTE-SEG-689", "hazard_coefficient": 0, "is_critical": false}}, {"type": "Feature", "id": "REROUTE-SEG-690", "geometry": {"type": "LineString", "coordinates": [[76.457931, 10.294495], [76.458785, 10.294278]]}, "properties": {"segment_id": "REROUTE-SEG-690", "hazard_coefficient": 0, "is_critical": false}}, {"type": "Feature", "id": "REROUTE-SEG-691", "geometry": {"type": "LineString", "coordinates": [[76.458785, 10.294278], [76.459272, 10.294191]]}, "properties": {"segment_id": "REROUTE-SEG-691", "hazard_coefficient": 0, "is_critical": false}}, {"type": "Feature", "id": "REROUTE-SEG-692", "geometry": {"type": "LineString", "coordinates": [[76.459272, 10.294191], [76.45979, 10.294139]]}, "properties": {"segment_id": "REROUTE-SEG-692", "hazard_coefficient": 0, "is_critical": false}}, {"type": "Feature", "id": "REROUTE-SEG-693", "geometry": {"type": "LineString", "coordinates": [[76.45979, 10.294139], [76.460289, 10.294089]]}, "properties": {"segment_id": "REROUTE-SEG-693", "hazard_coefficient": 0, "is_critical": false}}, {"type": "Feature", "id": "REROUTE-SEG-694", "geometry": {"type": "LineString", "coordinates": [[76.460289, 10.294089], [76.46127, 10.293683]]}, "properties": {"segment_id": "REROUTE-SEG-694", "hazard_coefficient": 0, "is_critical": false}}, {"type": "Feature", "id": "REROUTE-SEG-695", "geometry": {"type": "LineString", "coordinates": [[76.46127, 10.293683], [76.462401, 10.293339]]}, "properties": {"segment_id": "REROUTE-SEG-695", "hazard_coefficient": 0, "is_critical": false}}, {"type": "Feature", "id": "REROUTE-SEG-696", "geometry": {"type": "LineString", "coordinates": [[76.462401, 10.293339], [76.462777, 10.29328]]}, "properties": {"segment_id": "REROUTE-SEG-696", "hazard_coefficient": 0, "is_critical": false}}, {"type": "Feature", "id": "REROUTE-SEG-697", "geometry": {"type": "LineString", "coordinates": [[76.462777, 10.29328], [76.46337, 10.293395]]}, "properties": {"segment_id": "REROUTE-SEG-697", "hazard_coefficient": 0, "is_critical": false}}, {"type": "Feature", "id": "REROUTE-SEG-698", "geometry": {"type": "LineString", "coordinates": [[76.46337, 10.293395], [76.463985, 10.293514]]}, "properties": {"segment_id": "REROUTE-SEG-698", "hazard_coefficient": 0, "is_critical": false}}, {"type": "Feature", "id": "REROUTE-SEG-699", "geometry": {"type": "LineString", "coordinates": [[76.463985, 10.293514], [76.464404, 10.293518]]}, "properties": {"segment_id": "REROUTE-SEG-699", "hazard_coefficient": 0, "is_critical": false}}, {"type": "Feature", "id": "REROUTE-SEG-700", "geometry": {"type": "LineString", "coordinates": [[76.464404, 10.293518], [76.465455, 10.293109]]}, "properties": {"segment_id": "REROUTE-SEG-700", "hazard_coefficient": 0, "is_critical": false}}, {"type": "Feature", "id": "REROUTE-SEG-701", "geometry": {"type": "LineString", "coordinates": [[76.465455, 10.293109], [76.466732, 10.292721]]}, "properties": {"segment_id": "REROUTE-SEG-701", "hazard_coefficient": 0, "is_critical": false}}, {"type": "Feature", "id": "REROUTE-SEG-702", "geometry": {"type": "LineString", "coordinates": [[76.466732, 10.292721], [76.467408, 10.292352]]}, "properties": {"segment_id": "REROUTE-SEG-702", "hazard_coefficient": 0, "is_critical": false}}, {"type": "Feature", "id": "REROUTE-SEG-703", "geometry": {"type": "LineString", "coordinates": [[76.467408, 10.292352], [76.468664, 10.292009]]}, "properties": {"segment_id": "REROUTE-SEG-703", "hazard_coefficient": 0, "is_critical": false}}, {"type": "Feature", "id": "REROUTE-SEG-704", "geometry": {"type": "LineString", "coordinates": [[76.468664, 10.292009], [76.469477, 10.29163]]}, "properties": {"segment_id": "REROUTE-SEG-704", "hazard_coefficient": 0, "is_critical": false}}, {"type": "Feature", "id": "REROUTE-SEG-705", "geometry": {"type": "LineString", "coordinates": [[76.469477, 10.29163], [76.470283, 10.291083]]}, "properties": {"segment_id": "REROUTE-SEG-705", "hazard_coefficient": 0, "is_critical": false}}, {"type": "Feature", "id": "REROUTE-SEG-706", "geometry": {"type": "LineString", "coordinates": [[76.470283, 10.291083], [76.471089, 10.290337]]}, "properties": {"segment_id": "REROUTE-SEG-706", "hazard_coefficient": 0, "is_critical": false}}, {"type": "Feature", "id": "REROUTE-SEG-707", "geometry": {"type": "LineString", "coordinates": [[76.471089, 10.290337], [76.471501, 10.289935]]}, "properties": {"segment_id": "REROUTE-SEG-707", "hazard_coefficient": 0, "is_critical": false}}, {"type": "Feature", "id": "REROUTE-SEG-708", "geometry": {"type": "LineString", "coordinates": [[76.471501, 10.289935], [76.472316, 10.289443]]}, "properties": {"segment_id": "REROUTE-SEG-708", "hazard_coefficient": 0, "is_critical": false}}, {"type": "Feature", "id": "REROUTE-SEG-709", "geometry": {"type": "LineString", "coordinates": [[76.472316, 10.289443], [76.472636, 10.289437]]}, "properties": {"segment_id": "REROUTE-SEG-709", "hazard_coefficient": 0, "is_critical": false}}, {"type": "Feature", "id": "REROUTE-SEG-710", "geometry": {"type": "LineString", "coordinates": [[76.472636, 10.289437], [76.474085, 10.289864]]}, "properties": {"segment_id": "REROUTE-SEG-710", "hazard_coefficient": 0, "is_critical": false}}, {"type": "Feature", "id": "REROUTE-SEG-711", "geometry": {"type": "LineString", "coordinates": [[76.474085, 10.289864], [76.474322, 10.289902]]}, "properties": {"segment_id": "REROUTE-SEG-711", "hazard_coefficient": 0, "is_critical": false}}, {"type": "Feature", "id": "REROUTE-SEG-712", "geometry": {"type": "LineString", "coordinates": [[76.474322, 10.289902], [76.475238, 10.289753]]}, "properties": {"segment_id": "REROUTE-SEG-712", "hazard_coefficient": 0, "is_critical": false}}, {"type": "Feature", "id": "REROUTE-SEG-713", "geometry": {"type": "LineString", "coordinates": [[76.475238, 10.289753], [76.475799, 10.289808]]}, "properties": {"segment_id": "REROUTE-SEG-713", "hazard_coefficient": 0, "is_critical": false}}, {"type": "Feature", "id": "REROUTE-SEG-714", "geometry": {"type": "LineString", "coordinates": [[76.475799, 10.289808], [76.47617, 10.289884]]}, "properties": {"segment_id": "REROUTE-SEG-714", "hazard_coefficient": 0, "is_critical": false}}, {"type": "Feature", "id": "REROUTE-SEG-715", "geometry": {"type": "LineString", "coordinates": [[76.47617, 10.289884], [76.476598, 10.289921]]}, "properties": {"segment_id": "REROUTE-SEG-715", "hazard_coefficient": 0, "is_critical": false}}, {"type": "Feature", "id": "REROUTE-SEG-716", "geometry": {"type": "LineString", "coordinates": [[76.476598, 10.289921], [76.476737, 10.289933]]}, "properties": {"segment_id": "REROUTE-SEG-716", "hazard_coefficient": 0, "is_critical": false}}, {"type": "Feature", "id": "REROUTE-SEG-717", "geometry": {"type": "LineString", "coordinates": [[76.476737, 10.289933], [76.477845, 10.290029]]}, "properties": {"segment_id": "REROUTE-SEG-717", "hazard_coefficient": 0, "is_critical": false}}, {"type": "Feature", "id": "REROUTE-SEG-718", "geometry": {"type": "LineString", "coordinates": [[76.477845, 10.290029], [76.478507, 10.290143]]}, "properties": {"segment_id": "REROUTE-SEG-718", "hazard_coefficient": 0, "is_critical": false}}, {"type": "Feature", "id": "REROUTE-SEG-719", "geometry": {"type": "LineString", "coordinates": [[76.478507, 10.290143], [76.478706, 10.290177]]}, "properties": {"segment_id": "REROUTE-SEG-719", "hazard_coefficient": 0, "is_critical": false}}, {"type": "Feature", "id": "REROUTE-SEG-720", "geometry": {"type": "LineString", "coordinates": [[76.478706, 10.290177], [76.478637, 10.29055]]}, "properties": {"segment_id": "REROUTE-SEG-720", "hazard_coefficient": 0, "is_critical": false}}, {"type": "Feature", "id": "REROUTE-SEG-721", "geometry": {"type": "LineString", "coordinates": [[76.478637, 10.29055], [76.478538, 10.290821]]}, "properties": {"segment_id": "REROUTE-SEG-721", "hazard_coefficient": 0, "is_critical": false}}, {"type": "Feature", "id": "REROUTE-SEG-722", "geometry": {"type": "LineString", "coordinates": [[76.478538, 10.290821], [76.478328, 10.291108]]}, "properties": {"segment_id": "REROUTE-SEG-722", "hazard_coefficient": 0, "is_critical": false}}, {"type": "Feature", "id": "REROUTE-SEG-723", "geometry": {"type": "LineString", "coordinates": [[76.478328, 10.291108], [76.478174, 10.291463]]}, "properties": {"segment_id": "REROUTE-SEG-723", "hazard_coefficient": 0, "is_critical": false}}, {"type": "Feature", "id": "REROUTE-SEG-724", "geometry": {"type": "LineString", "coordinates": [[76.478174, 10.291463], [76.478046, 10.291888]]}, "properties": {"segment_id": "REROUTE-SEG-724", "hazard_coefficient": 0, "is_critical": false}}, {"type": "Feature", "id": "REROUTE-SEG-725", "geometry": {"type": "LineString", "coordinates": [[76.478046, 10.291888], [76.47743, 10.293694]]}, "properties": {"segment_id": "REROUTE-SEG-725", "hazard_coefficient": 0, "is_critical": false}}, {"type": "Feature", "id": "REROUTE-SEG-726", "geometry": {"type": "LineString", "coordinates": [[76.47743, 10.293694], [76.477294, 10.293853]]}, "properties": {"segment_id": "REROUTE-SEG-726", "hazard_coefficient": 0, "is_critical": false}}, {"type": "Feature", "id": "REROUTE-SEG-727", "geometry": {"type": "LineString", "coordinates": [[76.477294, 10.293853], [76.477343, 10.293886]]}, "properties": {"segment_id": "REROUTE-SEG-727", "hazard_coefficient": 0, "is_critical": false}}, {"type": "Feature", "id": "REROUTE-SEG-728", "geometry": {"type": "LineString", "coordinates": [[76.477343, 10.293886], [76.477548, 10.294026]]}, "properties": {"segment_id": "REROUTE-SEG-728", "hazard_coefficient": 0, "is_critical": false}}, {"type": "Feature", "id": "REROUTE-SEG-729", "geometry": {"type": "LineString", "coordinates": [[76.477548, 10.294026], [76.477812, 10.294164]]}, "properties": {"segment_id": "REROUTE-SEG-729", "hazard_coefficient": 0, "is_critical": false}}, {"type": "Feature", "id": "REROUTE-SEG-730", "geometry": {"type": "LineString", "coordinates": [[76.477812, 10.294164], [76.478126, 10.294296]]}, "properties": {"segment_id": "REROUTE-SEG-730", "hazard_coefficient": 0, "is_critical": false}}, {"type": "Feature", "id": "REROUTE-SEG-731", "geometry": {"type": "LineString", "coordinates": [[76.478126, 10.294296], [76.47841, 10.294357]]}, "properties": {"segment_id": "REROUTE-SEG-731", "hazard_coefficient": 0, "is_critical": false}}, {"type": "Feature", "id": "REROUTE-SEG-732", "geometry": {"type": "LineString", "coordinates": [[76.47841, 10.294357], [76.478697, 10.294378]]}, "properties": {"segment_id": "REROUTE-SEG-732", "hazard_coefficient": 0, "is_critical": false}}, {"type": "Feature", "id": "REROUTE-SEG-733", "geometry": {"type": "LineString", "coordinates": [[76.478697, 10.294378], [76.479231, 10.294452]]}, "properties": {"segment_id": "REROUTE-SEG-733", "hazard_coefficient": 0, "is_critical": false}}, {"type": "Feature", "id": "REROUTE-SEG-734", "geometry": {"type": "LineString", "coordinates": [[76.479231, 10.294452], [76.479604, 10.294547]]}, "properties": {"segment_id": "REROUTE-SEG-734", "hazard_coefficient": 0, "is_critical": false}}, {"type": "Feature", "id": "REROUTE-SEG-735", "geometry": {"type": "LineString", "coordinates": [[76.479604, 10.294547], [76.48002, 10.294647]]}, "properties": {"segment_id": "REROUTE-SEG-735", "hazard_coefficient": 0, "is_critical": false}}, {"type": "Feature", "id": "REROUTE-SEG-736", "geometry": {"type": "LineString", "coordinates": [[76.48002, 10.294647], [76.480525, 10.29473]]}, "properties": {"segment_id": "REROUTE-SEG-736", "hazard_coefficient": 0, "is_critical": false}}, {"type": "Feature", "id": "REROUTE-SEG-737", "geometry": {"type": "LineString", "coordinates": [[76.480525, 10.29473], [76.480883, 10.294789]]}, "properties": {"segment_id": "REROUTE-SEG-737", "hazard_coefficient": 0, "is_critical": false}}, {"type": "Feature", "id": "REROUTE-SEG-738", "geometry": {"type": "LineString", "coordinates": [[76.480883, 10.294789], [76.481195, 10.294766]]}, "properties": {"segment_id": "REROUTE-SEG-738", "hazard_coefficient": 0, "is_critical": false}}, {"type": "Feature", "id": "REROUTE-SEG-739", "geometry": {"type": "LineString", "coordinates": [[76.481195, 10.294766], [76.481484, 10.294663]]}, "properties": {"segment_id": "REROUTE-SEG-739", "hazard_coefficient": 0, "is_critical": false}}, {"type": "Feature", "id": "REROUTE-SEG-740", "geometry": {"type": "LineString", "coordinates": [[76.481484, 10.294663], [76.481852, 10.294486]]}, "properties": {"segment_id": "REROUTE-SEG-740", "hazard_coefficient": 0, "is_critical": false}}, {"type": "Feature", "id": "REROUTE-SEG-741", "geometry": {"type": "LineString", "coordinates": [[76.481852, 10.294486], [76.482219, 10.294304]]}, "properties": {"segment_id": "REROUTE-SEG-741", "hazard_coefficient": 0, "is_critical": false}}, {"type": "Feature", "id": "REROUTE-SEG-742", "geometry": {"type": "LineString", "coordinates": [[76.482219, 10.294304], [76.482589, 10.294204]]}, "properties": {"segment_id": "REROUTE-SEG-742", "hazard_coefficient": 0, "is_critical": false}}, {"type": "Feature", "id": "REROUTE-SEG-743", "geometry": {"type": "LineString", "coordinates": [[76.482589, 10.294204], [76.482825, 10.294198]]}, "properties": {"segment_id": "REROUTE-SEG-743", "hazard_coefficient": 0, "is_critical": false}}, {"type": "Feature", "id": "REROUTE-SEG-744", "geometry": {"type": "LineString", "coordinates": [[76.482825, 10.294198], [76.483094, 10.294309]]}, "properties": {"segment_id": "REROUTE-SEG-744", "hazard_coefficient": 0, "is_critical": false}}, {"type": "Feature", "id": "REROUTE-SEG-745", "geometry": {"type": "LineString", "coordinates": [[76.483094, 10.294309], [76.483227, 10.294383]]}, "properties": {"segment_id": "REROUTE-SEG-745", "hazard_coefficient": 0, "is_critical": false}}, {"type": "Feature", "id": "REROUTE-SEG-746", "geometry": {"type": "LineString", "coordinates": [[76.483227, 10.294383], [76.483356, 10.294454]]}, "properties": {"segment_id": "REROUTE-SEG-746", "hazard_coefficient": 0, "is_critical": false}}, {"type": "Feature", "id": "REROUTE-SEG-747", "geometry": {"type": "LineString", "coordinates": [[76.483356, 10.294454], [76.483576, 10.294621]]}, "properties": {"segment_id": "REROUTE-SEG-747", "hazard_coefficient": 0, "is_critical": false}}, {"type": "Feature", "id": "REROUTE-SEG-748", "geometry": {"type": "LineString", "coordinates": [[76.483576, 10.294621], [76.483853, 10.294958]]}, "properties": {"segment_id": "REROUTE-SEG-748", "hazard_coefficient": 0, "is_critical": false}}, {"type": "Feature", "id": "REROUTE-SEG-749", "geometry": {"type": "LineString", "coordinates": [[76.483853, 10.294958], [76.484129, 10.295259]]}, "properties": {"segment_id": "REROUTE-SEG-749", "hazard_coefficient": 0, "is_critical": false}}, {"type": "Feature", "id": "REROUTE-SEG-750", "geometry": {"type": "LineString", "coordinates": [[76.484129, 10.295259], [76.484231, 10.295338]]}, "properties": {"segment_id": "REROUTE-SEG-750", "hazard_coefficient": 0, "is_critical": false}}, {"type": "Feature", "id": "REROUTE-SEG-751", "geometry": {"type": "LineString", "coordinates": [[76.484231, 10.295338], [76.484349, 10.295402]]}, "properties": {"segment_id": "REROUTE-SEG-751", "hazard_coefficient": 0, "is_critical": false}}, {"type": "Feature", "id": "REROUTE-SEG-752", "geometry": {"type": "LineString", "coordinates": [[76.484349, 10.295402], [76.484472, 10.295449]]}, "properties": {"segment_id": "REROUTE-SEG-752", "hazard_coefficient": 0, "is_critical": false}}, {"type": "Feature", "id": "REROUTE-SEG-753", "geometry": {"type": "LineString", "coordinates": [[76.484472, 10.295449], [76.484612, 10.295465]]}, "properties": {"segment_id": "REROUTE-SEG-753", "hazard_coefficient": 0, "is_critical": false}}, {"type": "Feature", "id": "REROUTE-SEG-754", "geometry": {"type": "LineString", "coordinates": [[76.484612, 10.295465], [76.485647, 10.295427]]}, "properties": {"segment_id": "REROUTE-SEG-754", "hazard_coefficient": 0, "is_critical": false}}, {"type": "Feature", "id": "REROUTE-SEG-755", "geometry": {"type": "LineString", "coordinates": [[76.485647, 10.295427], [76.48606, 10.295386]]}, "properties": {"segment_id": "REROUTE-SEG-755", "hazard_coefficient": 0, "is_critical": false}}, {"type": "Feature", "id": "REROUTE-SEG-756", "geometry": {"type": "LineString", "coordinates": [[76.48606, 10.295386], [76.486489, 10.295396]]}, "properties": {"segment_id": "REROUTE-SEG-756", "hazard_coefficient": 0, "is_critical": false}}, {"type": "Feature", "id": "REROUTE-SEG-757", "geometry": {"type": "LineString", "coordinates": [[76.486489, 10.295396], [76.486618, 10.295439]]}, "properties": {"segment_id": "REROUTE-SEG-757", "hazard_coefficient": 0, "is_critical": false}}, {"type": "Feature", "id": "REROUTE-SEG-758", "geometry": {"type": "LineString", "coordinates": [[76.486618, 10.295439], [76.486747, 10.295491]]}, "properties": {"segment_id": "REROUTE-SEG-758", "hazard_coefficient": 0, "is_critical": false}}, {"type": "Feature", "id": "REROUTE-SEG-759", "geometry": {"type": "LineString", "coordinates": [[76.486747, 10.295491], [76.48687, 10.295555]]}, "properties": {"segment_id": "REROUTE-SEG-759", "hazard_coefficient": 0, "is_critical": false}}, {"type": "Feature", "id": "REROUTE-SEG-760", "geometry": {"type": "LineString", "coordinates": [[76.48687, 10.295555], [76.486993, 10.295618]]}, "properties": {"segment_id": "REROUTE-SEG-760", "hazard_coefficient": 0, "is_critical": false}}, {"type": "Feature", "id": "REROUTE-SEG-761", "geometry": {"type": "LineString", "coordinates": [[76.486993, 10.295618], [76.487117, 10.295671]]}, "properties": {"segment_id": "REROUTE-SEG-761", "hazard_coefficient": 0, "is_critical": false}}, {"type": "Feature", "id": "REROUTE-SEG-762", "geometry": {"type": "LineString", "coordinates": [[76.487117, 10.295671], [76.48724, 10.295718]]}, "properties": {"segment_id": "REROUTE-SEG-762", "hazard_coefficient": 0, "is_critical": false}}, {"type": "Feature", "id": "REROUTE-SEG-763", "geometry": {"type": "LineString", "coordinates": [[76.48724, 10.295718], [76.487369, 10.295771]]}, "properties": {"segment_id": "REROUTE-SEG-763", "hazard_coefficient": 0, "is_critical": false}}, {"type": "Feature", "id": "REROUTE-SEG-764", "geometry": {"type": "LineString", "coordinates": [[76.487369, 10.295771], [76.487498, 10.295803]]}, "properties": {"segment_id": "REROUTE-SEG-764", "hazard_coefficient": 0, "is_critical": false}}, {"type": "Feature", "id": "REROUTE-SEG-765", "geometry": {"type": "LineString", "coordinates": [[76.487498, 10.295803], [76.487626, 10.295835]]}, "properties": {"segment_id": "REROUTE-SEG-765", "hazard_coefficient": 0, "is_critical": false}}, {"type": "Feature", "id": "REROUTE-SEG-766", "geometry": {"type": "LineString", "coordinates": [[76.487626, 10.295835], [76.487761, 10.295861]]}, "properties": {"segment_id": "REROUTE-SEG-766", "hazard_coefficient": 0, "is_critical": false}}, {"type": "Feature", "id": "REROUTE-SEG-767", "geometry": {"type": "LineString", "coordinates": [[76.487761, 10.295861], [76.488104, 10.295861]]}, "properties": {"segment_id": "REROUTE-SEG-767", "hazard_coefficient": 0, "is_critical": false}}, {"type": "Feature", "id": "REROUTE-SEG-768", "geometry": {"type": "LineString", "coordinates": [[76.488104, 10.295861], [76.488233, 10.295861]]}, "properties": {"segment_id": "REROUTE-SEG-768", "hazard_coefficient": 0, "is_critical": false}}, {"type": "Feature", "id": "REROUTE-SEG-769", "geometry": {"type": "LineString", "coordinates": [[76.488233, 10.295861], [76.488367, 10.295861]]}, "properties": {"segment_id": "REROUTE-SEG-769", "hazard_coefficient": 0, "is_critical": false}}, {"type": "Feature", "id": "REROUTE-SEG-770", "geometry": {"type": "LineString", "coordinates": [[76.488367, 10.295861], [76.488501, 10.29585]]}, "properties": {"segment_id": "REROUTE-SEG-770", "hazard_coefficient": 0, "is_critical": false}}, {"type": "Feature", "id": "REROUTE-SEG-771", "geometry": {"type": "LineString", "coordinates": [[76.488501, 10.29585], [76.488635, 10.29585]]}, "properties": {"segment_id": "REROUTE-SEG-771", "hazard_coefficient": 0, "is_critical": false}}, {"type": "Feature", "id": "REROUTE-SEG-772", "geometry": {"type": "LineString", "coordinates": [[76.488635, 10.29585], [76.488836, 10.29585]]}, "properties": {"segment_id": "REROUTE-SEG-772", "hazard_coefficient": 0, "is_critical": false}}, {"type": "Feature", "id": "REROUTE-SEG-773", "geometry": {"type": "LineString", "coordinates": [[76.488836, 10.29585], [76.488839, 10.296122]]}, "properties": {"segment_id": "REROUTE-SEG-773", "hazard_coefficient": 0, "is_critical": false}}, {"type": "Feature", "id": "REROUTE-SEG-774", "geometry": {"type": "LineString", "coordinates": [[76.488839, 10.296122], [76.488784, 10.29625]]}, "properties": {"segment_id": "REROUTE-SEG-774", "hazard_coefficient": 0, "is_critical": false}}, {"type": "Feature", "id": "REROUTE-SEG-775", "geometry": {"type": "LineString", "coordinates": [[76.488784, 10.29625], [76.488434, 10.296494]]}, "properties": {"segment_id": "REROUTE-SEG-775", "hazard_coefficient": 0, "is_critical": false}}, {"type": "Feature", "id": "REROUTE-SEG-776", "geometry": {"type": "LineString", "coordinates": [[76.488434, 10.296494], [76.488163, 10.296724]]}, "properties": {"segment_id": "REROUTE-SEG-776", "hazard_coefficient": 0, "is_critical": false}}, {"type": "Feature", "id": "REROUTE-SEG-777", "geometry": {"type": "LineString", "coordinates": [[76.488163, 10.296724], [76.487859, 10.296996]]}, "properties": {"segment_id": "REROUTE-SEG-777", "hazard_coefficient": 0, "is_critical": false}}, {"type": "Feature", "id": "REROUTE-SEG-778", "geometry": {"type": "LineString", "coordinates": [[76.487859, 10.296996], [76.487696, 10.29704]]}, "properties": {"segment_id": "REROUTE-SEG-778", "hazard_coefficient": 0, "is_critical": false}}, {"type": "Feature", "id": "REROUTE-SEG-779", "geometry": {"type": "LineString", "coordinates": [[76.487696, 10.29704], [76.487551, 10.297079]]}, "properties": {"segment_id": "REROUTE-SEG-779", "hazard_coefficient": 0, "is_critical": false}}, {"type": "Feature", "id": "REROUTE-SEG-780", "geometry": {"type": "LineString", "coordinates": [[76.487551, 10.297079], [76.487467, 10.297101]]}, "properties": {"segment_id": "REROUTE-SEG-780", "hazard_coefficient": 0, "is_critical": false}}, {"type": "Feature", "id": "REROUTE-SEG-781", "geometry": {"type": "LineString", "coordinates": [[76.487467, 10.297101], [76.487283, 10.297196]]}, "properties": {"segment_id": "REROUTE-SEG-781", "hazard_coefficient": 0, "is_critical": false}}, {"type": "Feature", "id": "REROUTE-SEG-782", "geometry": {"type": "LineString", "coordinates": [[76.487283, 10.297196], [76.487096, 10.297286]]}, "properties": {"segment_id": "REROUTE-SEG-782", "hazard_coefficient": 0, "is_critical": false}}, {"type": "Feature", "id": "REROUTE-SEG-783", "geometry": {"type": "LineString", "coordinates": [[76.487096, 10.297286], [76.486927, 10.297564]]}, "properties": {"segment_id": "REROUTE-SEG-783", "hazard_coefficient": 0, "is_critical": false}}, {"type": "Feature", "id": "REROUTE-SEG-784", "geometry": {"type": "LineString", "coordinates": [[76.486927, 10.297564], [76.486842, 10.297744]]}, "properties": {"segment_id": "REROUTE-SEG-784", "hazard_coefficient": 0, "is_critical": false}}, {"type": "Feature", "id": "REROUTE-SEG-785", "geometry": {"type": "LineString", "coordinates": [[76.486842, 10.297744], [76.48659, 10.298216]]}, "properties": {"segment_id": "REROUTE-SEG-785", "hazard_coefficient": 0, "is_critical": false}}, {"type": "Feature", "id": "REROUTE-SEG-786", "geometry": {"type": "LineString", "coordinates": [[76.48659, 10.298216], [76.486458, 10.29849]]}, "properties": {"segment_id": "REROUTE-SEG-786", "hazard_coefficient": 0, "is_critical": false}}, {"type": "Feature", "id": "REROUTE-SEG-787", "geometry": {"type": "LineString", "coordinates": [[76.486458, 10.29849], [76.486384, 10.298643]]}, "properties": {"segment_id": "REROUTE-SEG-787", "hazard_coefficient": 0, "is_critical": false}}, {"type": "Feature", "id": "REROUTE-SEG-788", "geometry": {"type": "LineString", "coordinates": [[76.486384, 10.298643], [76.486079, 10.29916]]}, "properties": {"segment_id": "REROUTE-SEG-788", "hazard_coefficient": 0, "is_critical": false}}, {"type": "Feature", "id": "REROUTE-SEG-789", "geometry": {"type": "LineString", "coordinates": [[76.486079, 10.29916], [76.48588, 10.299513]]}, "properties": {"segment_id": "REROUTE-SEG-789", "hazard_coefficient": 0, "is_critical": false}}, {"type": "Feature", "id": "REROUTE-SEG-790", "geometry": {"type": "LineString", "coordinates": [[76.48588, 10.299513], [76.485702, 10.299679]]}, "properties": {"segment_id": "REROUTE-SEG-790", "hazard_coefficient": 0, "is_critical": false}}, {"type": "Feature", "id": "REROUTE-SEG-791", "geometry": {"type": "LineString", "coordinates": [[76.485702, 10.299679], [76.485325, 10.299965]]}, "properties": {"segment_id": "REROUTE-SEG-791", "hazard_coefficient": 0, "is_critical": false}}, {"type": "Feature", "id": "REROUTE-SEG-792", "geometry": {"type": "LineString", "coordinates": [[76.485325, 10.299965], [76.484892, 10.300259]]}, "properties": {"segment_id": "REROUTE-SEG-792", "hazard_coefficient": 0, "is_critical": false}}, {"type": "Feature", "id": "REROUTE-SEG-793", "geometry": {"type": "LineString", "coordinates": [[76.484892, 10.300259], [76.484307, 10.30064]]}, "properties": {"segment_id": "REROUTE-SEG-793", "hazard_coefficient": 0, "is_critical": false}}, {"type": "Feature", "id": "REROUTE-SEG-794", "geometry": {"type": "LineString", "coordinates": [[76.484307, 10.30064], [76.484093, 10.300863]]}, "properties": {"segment_id": "REROUTE-SEG-794", "hazard_coefficient": 0, "is_critical": false}}, {"type": "Feature", "id": "REROUTE-SEG-795", "geometry": {"type": "LineString", "coordinates": [[76.484093, 10.300863], [76.483855, 10.30111]]}, "properties": {"segment_id": "REROUTE-SEG-795", "hazard_coefficient": 0, "is_critical": false}}, {"type": "Feature", "id": "REROUTE-SEG-796", "geometry": {"type": "LineString", "coordinates": [[76.483855, 10.30111], [76.483775, 10.30116]]}, "properties": {"segment_id": "REROUTE-SEG-796", "hazard_coefficient": 0, "is_critical": false}}, {"type": "Feature", "id": "REROUTE-SEG-797", "geometry": {"type": "LineString", "coordinates": [[76.483775, 10.30116], [76.48344, 10.301371]]}, "properties": {"segment_id": "REROUTE-SEG-797", "hazard_coefficient": 0, "is_critical": false}}, {"type": "Feature", "id": "REROUTE-SEG-798", "geometry": {"type": "LineString", "coordinates": [[76.48344, 10.301371], [76.483074, 10.301898]]}, "properties": {"segment_id": "REROUTE-SEG-798", "hazard_coefficient": 0, "is_critical": false}}, {"type": "Feature", "id": "REROUTE-SEG-799", "geometry": {"type": "LineString", "coordinates": [[76.483074, 10.301898], [76.482988, 10.301976]]}, "properties": {"segment_id": "REROUTE-SEG-799", "hazard_coefficient": 0, "is_critical": false}}, {"type": "Feature", "id": "REROUTE-SEG-800", "geometry": {"type": "LineString", "coordinates": [[76.482988, 10.301976], [76.482773, 10.302173]]}, "properties": {"segment_id": "REROUTE-SEG-800", "hazard_coefficient": 0, "is_critical": false}}, {"type": "Feature", "id": "REROUTE-SEG-801", "geometry": {"type": "LineString", "coordinates": [[76.482773, 10.302173], [76.482331, 10.30301]]}, "properties": {"segment_id": "REROUTE-SEG-801", "hazard_coefficient": 0, "is_critical": false}}, {"type": "Feature", "id": "REROUTE-SEG-802", "geometry": {"type": "LineString", "coordinates": [[76.482331, 10.30301], [76.481872, 10.303482]]}, "properties": {"segment_id": "REROUTE-SEG-802", "hazard_coefficient": 0, "is_critical": false}}, {"type": "Feature", "id": "REROUTE-SEG-803", "geometry": {"type": "LineString", "coordinates": [[76.481872, 10.303482], [76.481364, 10.304078]]}, "properties": {"segment_id": "REROUTE-SEG-803", "hazard_coefficient": 0, "is_critical": false}}, {"type": "Feature", "id": "REROUTE-SEG-804", "geometry": {"type": "LineString", "coordinates": [[76.481364, 10.304078], [76.480949, 10.304242]]}, "properties": {"segment_id": "REROUTE-SEG-804", "hazard_coefficient": 0, "is_critical": false}}, {"type": "Feature", "id": "REROUTE-SEG-805", "geometry": {"type": "LineString", "coordinates": [[76.480949, 10.304242], [76.480534, 10.304481]]}, "properties": {"segment_id": "REROUTE-SEG-805", "hazard_coefficient": 0, "is_critical": false}}, {"type": "Feature", "id": "REROUTE-SEG-806", "geometry": {"type": "LineString", "coordinates": [[76.480534, 10.304481], [76.480456, 10.304526]]}, "properties": {"segment_id": "REROUTE-SEG-806", "hazard_coefficient": 0, "is_critical": false}}, {"type": "Feature", "id": "REROUTE-SEG-807", "geometry": {"type": "LineString", "coordinates": [[76.480456, 10.304526], [76.479598, 10.305086]]}, "properties": {"segment_id": "REROUTE-SEG-807", "hazard_coefficient": 0, "is_critical": false}}, {"type": "Feature", "id": "REROUTE-SEG-808", "geometry": {"type": "LineString", "coordinates": [[76.479598, 10.305086], [76.477146, 10.305831]]}, "properties": {"segment_id": "REROUTE-SEG-808", "hazard_coefficient": 0, "is_critical": false}}, {"type": "Feature", "id": "REROUTE-SEG-809", "geometry": {"type": "LineString", "coordinates": [[76.477146, 10.305831], [76.476809, 10.305962]]}, "properties": {"segment_id": "REROUTE-SEG-809", "hazard_coefficient": 0, "is_critical": false}}, {"type": "Feature", "id": "REROUTE-SEG-810", "geometry": {"type": "LineString", "coordinates": [[76.476809, 10.305962], [76.47589, 10.306319]]}, "properties": {"segment_id": "REROUTE-SEG-810", "hazard_coefficient": 0, "is_critical": false}}, {"type": "Feature", "id": "REROUTE-SEG-811", "geometry": {"type": "LineString", "coordinates": [[76.47589, 10.306319], [76.475047, 10.306585]]}, "properties": {"segment_id": "REROUTE-SEG-811", "hazard_coefficient": 0, "is_critical": false}}, {"type": "Feature", "id": "REROUTE-SEG-812", "geometry": {"type": "LineString", "coordinates": [[76.475047, 10.306585], [76.47495, 10.306615]]}, "properties": {"segment_id": "REROUTE-SEG-812", "hazard_coefficient": 0, "is_critical": false}}, {"type": "Feature", "id": "REROUTE-SEG-813", "geometry": {"type": "LineString", "coordinates": [[76.47495, 10.306615], [76.474762, 10.306682]]}, "properties": {"segment_id": "REROUTE-SEG-813", "hazard_coefficient": 0, "is_critical": false}}, {"type": "Feature", "id": "REROUTE-SEG-814", "geometry": {"type": "LineString", "coordinates": [[76.474762, 10.306682], [76.473946, 10.306973]]}, "properties": {"segment_id": "REROUTE-SEG-814", "hazard_coefficient": 0, "is_critical": false}}, {"type": "Feature", "id": "REROUTE-SEG-815", "geometry": {"type": "LineString", "coordinates": [[76.473946, 10.306973], [76.473531, 10.307081]]}, "properties": {"segment_id": "REROUTE-SEG-815", "hazard_coefficient": 0, "is_critical": false}}, {"type": "Feature", "id": "REROUTE-SEG-816", "geometry": {"type": "LineString", "coordinates": [[76.473531, 10.307081], [76.473438, 10.307172]]}, "properties": {"segment_id": "REROUTE-SEG-816", "hazard_coefficient": 0, "is_critical": false}}, {"type": "Feature", "id": "REROUTE-SEG-817", "geometry": {"type": "LineString", "coordinates": [[76.473438, 10.307172], [76.473375, 10.307366]]}, "properties": {"segment_id": "REROUTE-SEG-817", "hazard_coefficient": 0, "is_critical": false}}, {"type": "Feature", "id": "REROUTE-SEG-818", "geometry": {"type": "LineString", "coordinates": [[76.473375, 10.307366], [76.472915, 10.30845]]}, "properties": {"segment_id": "REROUTE-SEG-818", "hazard_coefficient": 0, "is_critical": false}}, {"type": "Feature", "id": "REROUTE-SEG-819", "geometry": {"type": "LineString", "coordinates": [[76.472915, 10.30845], [76.472774, 10.308781]]}, "properties": {"segment_id": "REROUTE-SEG-819", "hazard_coefficient": 0, "is_critical": false}}, {"type": "Feature", "id": "REROUTE-SEG-820", "geometry": {"type": "LineString", "coordinates": [[76.472774, 10.308781], [76.472729, 10.308839]]}, "properties": {"segment_id": "REROUTE-SEG-820", "hazard_coefficient": 0, "is_critical": false}}, {"type": "Feature", "id": "REROUTE-SEG-821", "geometry": {"type": "LineString", "coordinates": [[76.472729, 10.308839], [76.472588, 10.309019]]}, "properties": {"segment_id": "REROUTE-SEG-821", "hazard_coefficient": 0, "is_critical": false}}, {"type": "Feature", "id": "REROUTE-SEG-822", "geometry": {"type": "LineString", "coordinates": [[76.472588, 10.309019], [76.472409, 10.309097]]}, "properties": {"segment_id": "REROUTE-SEG-822", "hazard_coefficient": 0, "is_critical": false}}, {"type": "Feature", "id": "REROUTE-SEG-823", "geometry": {"type": "LineString", "coordinates": [[76.472409, 10.309097], [76.472147, 10.309219]]}, "properties": {"segment_id": "REROUTE-SEG-823", "hazard_coefficient": 0, "is_critical": false}}, {"type": "Feature", "id": "REROUTE-SEG-824", "geometry": {"type": "LineString", "coordinates": [[76.472147, 10.309219], [76.471799, 10.309275]]}, "properties": {"segment_id": "REROUTE-SEG-824", "hazard_coefficient": 0, "is_critical": false}}, {"type": "Feature", "id": "REROUTE-SEG-825", "geometry": {"type": "LineString", "coordinates": [[76.471799, 10.309275], [76.471592, 10.309372]]}, "properties": {"segment_id": "REROUTE-SEG-825", "hazard_coefficient": 0, "is_critical": false}}, {"type": "Feature", "id": "REROUTE-SEG-826", "geometry": {"type": "LineString", "coordinates": [[76.471592, 10.309372], [76.471303, 10.309576]]}, "properties": {"segment_id": "REROUTE-SEG-826", "hazard_coefficient": 0, "is_critical": false}}, {"type": "Feature", "id": "REROUTE-SEG-827", "geometry": {"type": "LineString", "coordinates": [[76.471303, 10.309576], [76.471025, 10.309697]]}, "properties": {"segment_id": "REROUTE-SEG-827", "hazard_coefficient": 0, "is_critical": false}}, {"type": "Feature", "id": "REROUTE-SEG-828", "geometry": {"type": "LineString", "coordinates": [[76.471025, 10.309697], [76.470736, 10.309724]]}, "properties": {"segment_id": "REROUTE-SEG-828", "hazard_coefficient": 0, "is_critical": false}}, {"type": "Feature", "id": "REROUTE-SEG-829", "geometry": {"type": "LineString", "coordinates": [[76.470736, 10.309724], [76.470527, 10.30985]]}, "properties": {"segment_id": "REROUTE-SEG-829", "hazard_coefficient": 0, "is_critical": false}}, {"type": "Feature", "id": "REROUTE-SEG-830", "geometry": {"type": "LineString", "coordinates": [[76.470527, 10.30985], [76.470031, 10.310264]]}, "properties": {"segment_id": "REROUTE-SEG-830", "hazard_coefficient": 0, "is_critical": false}}, {"type": "Feature", "id": "REROUTE-SEG-831", "geometry": {"type": "LineString", "coordinates": [[76.470031, 10.310264], [76.46962, 10.310491]]}, "properties": {"segment_id": "REROUTE-SEG-831", "hazard_coefficient": 0, "is_critical": false}}, {"type": "Feature", "id": "REROUTE-SEG-832", "geometry": {"type": "LineString", "coordinates": [[76.46962, 10.310491], [76.469116, 10.310727]]}, "properties": {"segment_id": "REROUTE-SEG-832", "hazard_coefficient": 0, "is_critical": false}}, {"type": "Feature", "id": "REROUTE-SEG-833", "geometry": {"type": "LineString", "coordinates": [[76.469116, 10.310727], [76.468167, 10.310813]]}, "properties": {"segment_id": "REROUTE-SEG-833", "hazard_coefficient": 0, "is_critical": false}}, {"type": "Feature", "id": "REROUTE-SEG-834", "geometry": {"type": "LineString", "coordinates": [[76.468167, 10.310813], [76.467174, 10.310934]]}, "properties": {"segment_id": "REROUTE-SEG-834", "hazard_coefficient": 0, "is_critical": false}}, {"type": "Feature", "id": "REROUTE-SEG-835", "geometry": {"type": "LineString", "coordinates": [[76.467174, 10.310934], [76.466864, 10.311096]]}, "properties": {"segment_id": "REROUTE-SEG-835", "hazard_coefficient": 0, "is_critical": false}}, {"type": "Feature", "id": "REROUTE-SEG-836", "geometry": {"type": "LineString", "coordinates": [[76.466864, 10.311096], [76.466594, 10.311314]]}, "properties": {"segment_id": "REROUTE-SEG-836", "hazard_coefficient": 0, "is_critical": false}}, {"type": "Feature", "id": "REROUTE-SEG-837", "geometry": {"type": "LineString", "coordinates": [[76.466594, 10.311314], [76.466554, 10.311351]]}, "properties": {"segment_id": "REROUTE-SEG-837", "hazard_coefficient": 0, "is_critical": false}}, {"type": "Feature", "id": "REROUTE-SEG-838", "geometry": {"type": "LineString", "coordinates": [[76.466554, 10.311351], [76.466329, 10.311567]]}, "properties": {"segment_id": "REROUTE-SEG-838", "hazard_coefficient": 0, "is_critical": false}}, {"type": "Feature", "id": "REROUTE-SEG-839", "geometry": {"type": "LineString", "coordinates": [[76.466329, 10.311567], [76.466262, 10.311634]]}, "properties": {"segment_id": "REROUTE-SEG-839", "hazard_coefficient": 0, "is_critical": false}}, {"type": "Feature", "id": "REROUTE-SEG-840", "geometry": {"type": "LineString", "coordinates": [[76.466262, 10.311634], [76.465757, 10.31211]]}, "properties": {"segment_id": "REROUTE-SEG-840", "hazard_coefficient": 0, "is_critical": false}}, {"type": "Feature", "id": "REROUTE-SEG-841", "geometry": {"type": "LineString", "coordinates": [[76.465757, 10.31211], [76.46537, 10.312312]]}, "properties": {"segment_id": "REROUTE-SEG-841", "hazard_coefficient": 0, "is_critical": false}}, {"type": "Feature", "id": "REROUTE-SEG-842", "geometry": {"type": "LineString", "coordinates": [[76.46537, 10.312312], [76.464979, 10.312419]]}, "properties": {"segment_id": "REROUTE-SEG-842", "hazard_coefficient": 0, "is_critical": false}}, {"type": "Feature", "id": "REROUTE-SEG-843", "geometry": {"type": "LineString", "coordinates": [[76.464979, 10.312419], [76.464501, 10.312496]]}, "properties": {"segment_id": "REROUTE-SEG-843", "hazard_coefficient": 0, "is_critical": false}}, {"type": "Feature", "id": "REROUTE-SEG-844", "geometry": {"type": "LineString", "coordinates": [[76.464501, 10.312496], [76.463915, 10.312469]]}, "properties": {"segment_id": "REROUTE-SEG-844", "hazard_coefficient": 0, "is_critical": false}}, {"type": "Feature", "id": "REROUTE-SEG-845", "geometry": {"type": "LineString", "coordinates": [[76.463915, 10.312469], [76.463563, 10.312661]]}, "properties": {"segment_id": "REROUTE-SEG-845", "hazard_coefficient": 0, "is_critical": false}}, {"type": "Feature", "id": "REROUTE-SEG-846", "geometry": {"type": "LineString", "coordinates": [[76.463563, 10.312661], [76.463048, 10.312971]]}, "properties": {"segment_id": "REROUTE-SEG-846", "hazard_coefficient": 0, "is_critical": false}}, {"type": "Feature", "id": "REROUTE-SEG-847", "geometry": {"type": "LineString", "coordinates": [[76.463048, 10.312971], [76.461994, 10.313354]]}, "properties": {"segment_id": "REROUTE-SEG-847", "hazard_coefficient": 0, "is_critical": false}}, {"type": "Feature", "id": "REROUTE-SEG-848", "geometry": {"type": "LineString", "coordinates": [[76.461994, 10.313354], [76.461953, 10.313375]]}, "properties": {"segment_id": "REROUTE-SEG-848", "hazard_coefficient": 0, "is_critical": false}}, {"type": "Feature", "id": "REROUTE-SEG-849", "geometry": {"type": "LineString", "coordinates": [[76.461953, 10.313375], [76.461587, 10.313567]]}, "properties": {"segment_id": "REROUTE-SEG-849", "hazard_coefficient": 0, "is_critical": false}}, {"type": "Feature", "id": "REROUTE-SEG-850", "geometry": {"type": "LineString", "coordinates": [[76.461587, 10.313567], [76.461068, 10.313839]]}, "properties": {"segment_id": "REROUTE-SEG-850", "hazard_coefficient": 0, "is_critical": false}}, {"type": "Feature", "id": "REROUTE-SEG-851", "geometry": {"type": "LineString", "coordinates": [[76.461068, 10.313839], [76.460972, 10.31389]]}, "properties": {"segment_id": "REROUTE-SEG-851", "hazard_coefficient": 0, "is_critical": false}}, {"type": "Feature", "id": "REROUTE-SEG-852", "geometry": {"type": "LineString", "coordinates": [[76.460972, 10.31389], [76.460565, 10.314312]]}, "properties": {"segment_id": "REROUTE-SEG-852", "hazard_coefficient": 0, "is_critical": false}}, {"type": "Feature", "id": "REROUTE-SEG-853", "geometry": {"type": "LineString", "coordinates": [[76.460565, 10.314312], [76.459663, 10.31484]]}, "properties": {"segment_id": "REROUTE-SEG-853", "hazard_coefficient": 0, "is_critical": false}}, {"type": "Feature", "id": "REROUTE-SEG-854", "geometry": {"type": "LineString", "coordinates": [[76.459663, 10.31484], [76.459457, 10.315316]]}, "properties": {"segment_id": "REROUTE-SEG-854", "hazard_coefficient": 0, "is_critical": false}}, {"type": "Feature", "id": "REROUTE-SEG-855", "geometry": {"type": "LineString", "coordinates": [[76.459457, 10.315316], [76.459356, 10.315781]]}, "properties": {"segment_id": "REROUTE-SEG-855", "hazard_coefficient": 0, "is_critical": false}}, {"type": "Feature", "id": "REROUTE-SEG-856", "geometry": {"type": "LineString", "coordinates": [[76.459356, 10.315781], [76.459053, 10.315949]]}, "properties": {"segment_id": "REROUTE-SEG-856", "hazard_coefficient": 0, "is_critical": false}}, {"type": "Feature", "id": "REROUTE-SEG-857", "geometry": {"type": "LineString", "coordinates": [[76.459053, 10.315949], [76.458746, 10.316123]]}, "properties": {"segment_id": "REROUTE-SEG-857", "hazard_coefficient": 0, "is_critical": false}}, {"type": "Feature", "id": "REROUTE-SEG-858", "geometry": {"type": "LineString", "coordinates": [[76.458746, 10.316123], [76.457838, 10.31658]]}, "properties": {"segment_id": "REROUTE-SEG-858", "hazard_coefficient": 0, "is_critical": false}}, {"type": "Feature", "id": "REROUTE-SEG-859", "geometry": {"type": "LineString", "coordinates": [[76.457838, 10.31658], [76.457632, 10.316702]]}, "properties": {"segment_id": "REROUTE-SEG-859", "hazard_coefficient": 0, "is_critical": false}}, {"type": "Feature", "id": "REROUTE-SEG-860", "geometry": {"type": "LineString", "coordinates": [[76.457632, 10.316702], [76.457305, 10.316896]]}, "properties": {"segment_id": "REROUTE-SEG-860", "hazard_coefficient": 0, "is_critical": false}}, {"type": "Feature", "id": "REROUTE-SEG-861", "geometry": {"type": "LineString", "coordinates": [[76.457305, 10.316896], [76.456901, 10.317135]]}, "properties": {"segment_id": "REROUTE-SEG-861", "hazard_coefficient": 0, "is_critical": false}}, {"type": "Feature", "id": "REROUTE-SEG-862", "geometry": {"type": "LineString", "coordinates": [[76.456901, 10.317135], [76.456299, 10.317492]]}, "properties": {"segment_id": "REROUTE-SEG-862", "hazard_coefficient": 0, "is_critical": false}}, {"type": "Feature", "id": "REROUTE-SEG-863", "geometry": {"type": "LineString", "coordinates": [[76.456299, 10.317492], [76.456268, 10.317508]]}, "properties": {"segment_id": "REROUTE-SEG-863", "hazard_coefficient": 0, "is_critical": false}}, {"type": "Feature", "id": "REROUTE-SEG-864", "geometry": {"type": "LineString", "coordinates": [[76.456268, 10.317508], [76.456201, 10.317542]]}, "properties": {"segment_id": "REROUTE-SEG-864", "hazard_coefficient": 0, "is_critical": false}}, {"type": "Feature", "id": "REROUTE-SEG-865", "geometry": {"type": "LineString", "coordinates": [[76.456201, 10.317542], [76.455813, 10.317719]]}, "properties": {"segment_id": "REROUTE-SEG-865", "hazard_coefficient": 0, "is_critical": false}}, {"type": "Feature", "id": "REROUTE-SEG-866", "geometry": {"type": "LineString", "coordinates": [[76.455813, 10.317719], [76.45525, 10.317822]]}, "properties": {"segment_id": "REROUTE-SEG-866", "hazard_coefficient": 0, "is_critical": false}}, {"type": "Feature", "id": "REROUTE-SEG-867", "geometry": {"type": "LineString", "coordinates": [[76.45525, 10.317822], [76.454859, 10.317977]]}, "properties": {"segment_id": "REROUTE-SEG-867", "hazard_coefficient": 0, "is_critical": false}}, {"type": "Feature", "id": "REROUTE-SEG-868", "geometry": {"type": "LineString", "coordinates": [[76.454859, 10.317977], [76.454632, 10.318059]]}, "properties": {"segment_id": "REROUTE-SEG-868", "hazard_coefficient": 0, "is_critical": false}}, {"type": "Feature", "id": "REROUTE-SEG-869", "geometry": {"type": "LineString", "coordinates": [[76.454632, 10.318059], [76.453566, 10.318789]]}, "properties": {"segment_id": "REROUTE-SEG-869", "hazard_coefficient": 0, "is_critical": false}}, {"type": "Feature", "id": "REROUTE-SEG-870", "geometry": {"type": "LineString", "coordinates": [[76.453566, 10.318789], [76.453132, 10.319234]]}, "properties": {"segment_id": "REROUTE-SEG-870", "hazard_coefficient": 0, "is_critical": false}}, {"type": "Feature", "id": "REROUTE-SEG-871", "geometry": {"type": "LineString", "coordinates": [[76.453132, 10.319234], [76.452477, 10.319903]]}, "properties": {"segment_id": "REROUTE-SEG-871", "hazard_coefficient": 0, "is_critical": false}}, {"type": "Feature", "id": "REROUTE-SEG-872", "geometry": {"type": "LineString", "coordinates": [[76.452477, 10.319903], [76.452138, 10.320497]]}, "properties": {"segment_id": "REROUTE-SEG-872", "hazard_coefficient": 0, "is_critical": false}}, {"type": "Feature", "id": "REROUTE-SEG-873", "geometry": {"type": "LineString", "coordinates": [[76.452138, 10.320497], [76.450706, 10.321608]]}, "properties": {"segment_id": "REROUTE-SEG-873", "hazard_coefficient": 0, "is_critical": false}}, {"type": "Feature", "id": "REROUTE-SEG-874", "geometry": {"type": "LineString", "coordinates": [[76.450706, 10.321608], [76.449972, 10.322531]]}, "properties": {"segment_id": "REROUTE-SEG-874", "hazard_coefficient": 0, "is_critical": false}}, {"type": "Feature", "id": "REROUTE-SEG-875", "geometry": {"type": "LineString", "coordinates": [[76.449972, 10.322531], [76.449568, 10.322912]]}, "properties": {"segment_id": "REROUTE-SEG-875", "hazard_coefficient": 0, "is_critical": false}}, {"type": "Feature", "id": "REROUTE-SEG-876", "geometry": {"type": "LineString", "coordinates": [[76.449568, 10.322912], [76.44898, 10.323274]]}, "properties": {"segment_id": "REROUTE-SEG-876", "hazard_coefficient": 0, "is_critical": false}}, {"type": "Feature", "id": "REROUTE-SEG-877", "geometry": {"type": "LineString", "coordinates": [[76.44898, 10.323274], [76.447826, 10.323754]]}, "properties": {"segment_id": "REROUTE-SEG-877", "hazard_coefficient": 0, "is_critical": false}}, {"type": "Feature", "id": "REROUTE-SEG-878", "geometry": {"type": "LineString", "coordinates": [[76.447826, 10.323754], [76.447357, 10.324139]]}, "properties": {"segment_id": "REROUTE-SEG-878", "hazard_coefficient": 0, "is_critical": false}}, {"type": "Feature", "id": "REROUTE-SEG-879", "geometry": {"type": "LineString", "coordinates": [[76.447357, 10.324139], [76.446684, 10.324616]]}, "properties": {"segment_id": "REROUTE-SEG-879", "hazard_coefficient": 0, "is_critical": false}}, {"type": "Feature", "id": "REROUTE-SEG-880", "geometry": {"type": "LineString", "coordinates": [[76.446684, 10.324616], [76.445443, 10.325352]]}, "properties": {"segment_id": "REROUTE-SEG-880", "hazard_coefficient": 0, "is_critical": false}}, {"type": "Feature", "id": "REROUTE-SEG-881", "geometry": {"type": "LineString", "coordinates": [[76.445443, 10.325352], [76.444646, 10.325706]]}, "properties": {"segment_id": "REROUTE-SEG-881", "hazard_coefficient": 0, "is_critical": false}}, {"type": "Feature", "id": "REROUTE-SEG-882", "geometry": {"type": "LineString", "coordinates": [[76.444646, 10.325706], [76.443978, 10.326023]]}, "properties": {"segment_id": "REROUTE-SEG-882", "hazard_coefficient": 0, "is_critical": false}}, {"type": "Feature", "id": "REROUTE-SEG-883", "geometry": {"type": "LineString", "coordinates": [[76.443978, 10.326023], [76.443677, 10.326123]]}, "properties": {"segment_id": "REROUTE-SEG-883", "hazard_coefficient": 0, "is_critical": false}}, {"type": "Feature", "id": "REROUTE-SEG-884", "geometry": {"type": "LineString", "coordinates": [[76.443677, 10.326123], [76.443098, 10.326277]]}, "properties": {"segment_id": "REROUTE-SEG-884", "hazard_coefficient": 0, "is_critical": false}}, {"type": "Feature", "id": "REROUTE-SEG-885", "geometry": {"type": "LineString", "coordinates": [[76.443098, 10.326277], [76.442713, 10.326307]]}, "properties": {"segment_id": "REROUTE-SEG-885", "hazard_coefficient": 0, "is_critical": false}}, {"type": "Feature", "id": "REROUTE-SEG-886", "geometry": {"type": "LineString", "coordinates": [[76.442713, 10.326307], [76.441988, 10.326542]]}, "properties": {"segment_id": "REROUTE-SEG-886", "hazard_coefficient": 0, "is_critical": false}}, {"type": "Feature", "id": "REROUTE-SEG-887", "geometry": {"type": "LineString", "coordinates": [[76.441988, 10.326542], [76.440655, 10.32661]]}, "properties": {"segment_id": "REROUTE-SEG-887", "hazard_coefficient": 0, "is_critical": false}}, {"type": "Feature", "id": "REROUTE-SEG-888", "geometry": {"type": "LineString", "coordinates": [[76.440655, 10.32661], [76.440153, 10.32654]]}, "properties": {"segment_id": "REROUTE-SEG-888", "hazard_coefficient": 0, "is_critical": false}}, {"type": "Feature", "id": "REROUTE-SEG-889", "geometry": {"type": "LineString", "coordinates": [[76.440153, 10.32654], [76.439992, 10.326395]]}, "properties": {"segment_id": "REROUTE-SEG-889", "hazard_coefficient": 0, "is_critical": false}}, {"type": "Feature", "id": "REROUTE-SEG-890", "geometry": {"type": "LineString", "coordinates": [[76.439992, 10.326395], [76.439761, 10.326334]]}, "properties": {"segment_id": "REROUTE-SEG-890", "hazard_coefficient": 0, "is_critical": false}}, {"type": "Feature", "id": "REROUTE-SEG-891", "geometry": {"type": "LineString", "coordinates": [[76.439761, 10.326334], [76.439151, 10.326479]]}, "properties": {"segment_id": "REROUTE-SEG-891", "hazard_coefficient": 0, "is_critical": false}}, {"type": "Feature", "id": "REROUTE-SEG-892", "geometry": {"type": "LineString", "coordinates": [[76.439151, 10.326479], [76.437868, 10.32701]]}, "properties": {"segment_id": "REROUTE-SEG-892", "hazard_coefficient": 0, "is_critical": false}}, {"type": "Feature", "id": "REROUTE-SEG-893", "geometry": {"type": "LineString", "coordinates": [[76.437868, 10.32701], [76.437465, 10.327052]]}, "properties": {"segment_id": "REROUTE-SEG-893", "hazard_coefficient": 0, "is_critical": false}}, {"type": "Feature", "id": "REROUTE-SEG-894", "geometry": {"type": "LineString", "coordinates": [[76.437465, 10.327052], [76.437068, 10.327274]]}, "properties": {"segment_id": "REROUTE-SEG-894", "hazard_coefficient": 0, "is_critical": false}}, {"type": "Feature", "id": "REROUTE-SEG-895", "geometry": {"type": "LineString", "coordinates": [[76.437068, 10.327274], [76.436435, 10.327949]]}, "properties": {"segment_id": "REROUTE-SEG-895", "hazard_coefficient": 0, "is_critical": false}}, {"type": "Feature", "id": "REROUTE-SEG-896", "geometry": {"type": "LineString", "coordinates": [[76.436435, 10.327949], [76.436382, 10.327979]]}, "properties": {"segment_id": "REROUTE-SEG-896", "hazard_coefficient": 0, "is_critical": false}}, {"type": "Feature", "id": "REROUTE-SEG-897", "geometry": {"type": "LineString", "coordinates": [[76.436382, 10.327979], [76.436148, 10.328095]]}, "properties": {"segment_id": "REROUTE-SEG-897", "hazard_coefficient": 0, "is_critical": false}}, {"type": "Feature", "id": "REROUTE-SEG-898", "geometry": {"type": "LineString", "coordinates": [[76.436148, 10.328095], [76.435881, 10.328194]]}, "properties": {"segment_id": "REROUTE-SEG-898", "hazard_coefficient": 0, "is_critical": false}}, {"type": "Feature", "id": "REROUTE-SEG-899", "geometry": {"type": "LineString", "coordinates": [[76.435881, 10.328194], [76.434769, 10.32825]]}, "properties": {"segment_id": "REROUTE-SEG-899", "hazard_coefficient": 0, "is_critical": false}}, {"type": "Feature", "id": "REROUTE-SEG-900", "geometry": {"type": "LineString", "coordinates": [[76.434769, 10.32825], [76.434272, 10.328314]]}, "properties": {"segment_id": "REROUTE-SEG-900", "hazard_coefficient": 0, "is_critical": false}}, {"type": "Feature", "id": "REROUTE-SEG-901", "geometry": {"type": "LineString", "coordinates": [[76.434272, 10.328314], [76.433808, 10.328374]]}, "properties": {"segment_id": "REROUTE-SEG-901", "hazard_coefficient": 0, "is_critical": false}}, {"type": "Feature", "id": "REROUTE-SEG-902", "geometry": {"type": "LineString", "coordinates": [[76.433808, 10.328374], [76.433472, 10.328385]]}, "properties": {"segment_id": "REROUTE-SEG-902", "hazard_coefficient": 0, "is_critical": false}}, {"type": "Feature", "id": "REROUTE-SEG-903", "geometry": {"type": "LineString", "coordinates": [[76.433472, 10.328385], [76.433061, 10.328398]]}, "properties": {"segment_id": "REROUTE-SEG-903", "hazard_coefficient": 0, "is_critical": false}}, {"type": "Feature", "id": "REROUTE-SEG-904", "geometry": {"type": "LineString", "coordinates": [[76.433061, 10.328398], [76.432791, 10.328372]]}, "properties": {"segment_id": "REROUTE-SEG-904", "hazard_coefficient": 0, "is_critical": false}}, {"type": "Feature", "id": "REROUTE-SEG-905", "geometry": {"type": "LineString", "coordinates": [[76.432791, 10.328372], [76.43243, 10.328339]]}, "properties": {"segment_id": "REROUTE-SEG-905", "hazard_coefficient": 0, "is_critical": false}}, {"type": "Feature", "id": "REROUTE-SEG-906", "geometry": {"type": "LineString", "coordinates": [[76.43243, 10.328339], [76.431851, 10.328433]]}, "properties": {"segment_id": "REROUTE-SEG-906", "hazard_coefficient": 0, "is_critical": false}}, {"type": "Feature", "id": "REROUTE-SEG-907", "geometry": {"type": "LineString", "coordinates": [[76.431851, 10.328433], [76.431562, 10.328419]]}, "properties": {"segment_id": "REROUTE-SEG-907", "hazard_coefficient": 0, "is_critical": false}}, {"type": "Feature", "id": "REROUTE-SEG-908", "geometry": {"type": "LineString", "coordinates": [[76.431562, 10.328419], [76.43102, 10.328295]]}, "properties": {"segment_id": "REROUTE-SEG-908", "hazard_coefficient": 0, "is_critical": false}}, {"type": "Feature", "id": "REROUTE-SEG-909", "geometry": {"type": "LineString", "coordinates": [[76.43102, 10.328295], [76.430683, 10.328286]]}, "properties": {"segment_id": "REROUTE-SEG-909", "hazard_coefficient": 0, "is_critical": false}}, {"type": "Feature", "id": "REROUTE-SEG-910", "geometry": {"type": "LineString", "coordinates": [[76.430683, 10.328286], [76.430455, 10.328307]]}, "properties": {"segment_id": "REROUTE-SEG-910", "hazard_coefficient": 0, "is_critical": false}}, {"type": "Feature", "id": "REROUTE-SEG-911", "geometry": {"type": "LineString", "coordinates": [[76.430455, 10.328307], [76.430436, 10.328483]]}, "properties": {"segment_id": "REROUTE-SEG-911", "hazard_coefficient": 0, "is_critical": false}}, {"type": "Feature", "id": "REROUTE-SEG-912", "geometry": {"type": "LineString", "coordinates": [[76.430436, 10.328483], [76.430439, 10.328765]]}, "properties": {"segment_id": "REROUTE-SEG-912", "hazard_coefficient": 0, "is_critical": false}}, {"type": "Feature", "id": "REROUTE-SEG-913", "geometry": {"type": "LineString", "coordinates": [[76.430439, 10.328765], [76.43071, 10.329868]]}, "properties": {"segment_id": "REROUTE-SEG-913", "hazard_coefficient": 0, "is_critical": false}}, {"type": "Feature", "id": "REROUTE-SEG-914", "geometry": {"type": "LineString", "coordinates": [[76.43071, 10.329868], [76.43079, 10.330042]]}, "properties": {"segment_id": "REROUTE-SEG-914", "hazard_coefficient": 0, "is_critical": false}}, {"type": "Feature", "id": "REROUTE-SEG-915", "geometry": {"type": "LineString", "coordinates": [[76.43079, 10.330042], [76.43101, 10.330389]]}, "properties": {"segment_id": "REROUTE-SEG-915", "hazard_coefficient": 0, "is_critical": false}}, {"type": "Feature", "id": "REROUTE-SEG-916", "geometry": {"type": "LineString", "coordinates": [[76.43101, 10.330389], [76.431115, 10.330538]]}, "properties": {"segment_id": "REROUTE-SEG-916", "hazard_coefficient": 0, "is_critical": false}}, {"type": "Feature", "id": "REROUTE-SEG-917", "geometry": {"type": "LineString", "coordinates": [[76.431115, 10.330538], [76.431209, 10.330773]]}, "properties": {"segment_id": "REROUTE-SEG-917", "hazard_coefficient": 0, "is_critical": false}}, {"type": "Feature", "id": "REROUTE-SEG-918", "geometry": {"type": "LineString", "coordinates": [[76.431209, 10.330773], [76.431214, 10.330979]]}, "properties": {"segment_id": "REROUTE-SEG-918", "hazard_coefficient": 0, "is_critical": false}}, {"type": "Feature", "id": "REROUTE-SEG-919", "geometry": {"type": "LineString", "coordinates": [[76.431214, 10.330979], [76.431166, 10.33124]]}, "properties": {"segment_id": "REROUTE-SEG-919", "hazard_coefficient": 0, "is_critical": false}}, {"type": "Feature", "id": "REROUTE-SEG-920", "geometry": {"type": "LineString", "coordinates": [[76.431166, 10.33124], [76.431096, 10.331562]]}, "properties": {"segment_id": "REROUTE-SEG-920", "hazard_coefficient": 0, "is_critical": false}}, {"type": "Feature", "id": "REROUTE-SEG-921", "geometry": {"type": "LineString", "coordinates": [[76.431096, 10.331562], [76.430839, 10.332164]]}, "properties": {"segment_id": "REROUTE-SEG-921", "hazard_coefficient": 0, "is_critical": false}}, {"type": "Feature", "id": "REROUTE-SEG-922", "geometry": {"type": "LineString", "coordinates": [[76.430839, 10.332164], [76.430184, 10.332166]]}, "properties": {"segment_id": "REROUTE-SEG-922", "hazard_coefficient": 0, "is_critical": false}}, {"type": "Feature", "id": "REROUTE-SEG-923", "geometry": {"type": "LineString", "coordinates": [[76.430184, 10.332166], [76.430094, 10.332159]]}, "properties": {"segment_id": "REROUTE-SEG-923", "hazard_coefficient": 0, "is_critical": false}}, {"type": "Feature", "id": "REROUTE-SEG-924", "geometry": {"type": "LineString", "coordinates": [[76.430094, 10.332159], [76.429826, 10.332168]]}, "properties": {"segment_id": "REROUTE-SEG-924", "hazard_coefficient": 0, "is_critical": false}}, {"type": "Feature", "id": "REROUTE-SEG-925", "geometry": {"type": "LineString", "coordinates": [[76.429826, 10.332168], [76.429534, 10.332181]]}, "properties": {"segment_id": "REROUTE-SEG-925", "hazard_coefficient": 0, "is_critical": false}}, {"type": "Feature", "id": "REROUTE-SEG-926", "geometry": {"type": "LineString", "coordinates": [[76.429534, 10.332181], [76.429162, 10.33218]]}, "properties": {"segment_id": "REROUTE-SEG-926", "hazard_coefficient": 0, "is_critical": false}}, {"type": "Feature", "id": "REROUTE-SEG-927", "geometry": {"type": "LineString", "coordinates": [[76.429162, 10.33218], [76.428738, 10.332154]]}, "properties": {"segment_id": "REROUTE-SEG-927", "hazard_coefficient": 0, "is_critical": false}}, {"type": "Feature", "id": "REROUTE-SEG-928", "geometry": {"type": "LineString", "coordinates": [[76.428738, 10.332154], [76.428387, 10.332165]]}, "properties": {"segment_id": "REROUTE-SEG-928", "hazard_coefficient": 0, "is_critical": false}}, {"type": "Feature", "id": "REROUTE-SEG-929", "geometry": {"type": "LineString", "coordinates": [[76.428387, 10.332165], [76.427983, 10.332192]]}, "properties": {"segment_id": "REROUTE-SEG-929", "hazard_coefficient": 0, "is_critical": false}}, {"type": "Feature", "id": "REROUTE-SEG-930", "geometry": {"type": "LineString", "coordinates": [[76.427983, 10.332192], [76.427747, 10.332213]]}, "properties": {"segment_id": "REROUTE-SEG-930", "hazard_coefficient": 0, "is_critical": false}}, {"type": "Feature", "id": "REROUTE-SEG-931", "geometry": {"type": "LineString", "coordinates": [[76.427747, 10.332213], [76.427436, 10.332239]]}, "properties": {"segment_id": "REROUTE-SEG-931", "hazard_coefficient": 0, "is_critical": false}}, {"type": "Feature", "id": "REROUTE-SEG-932", "geometry": {"type": "LineString", "coordinates": [[76.427436, 10.332239], [76.427061, 10.332206]]}, "properties": {"segment_id": "REROUTE-SEG-932", "hazard_coefficient": 0, "is_critical": false}}, {"type": "Feature", "id": "REROUTE-SEG-933", "geometry": {"type": "LineString", "coordinates": [[76.427061, 10.332206], [76.426695, 10.332184]]}, "properties": {"segment_id": "REROUTE-SEG-933", "hazard_coefficient": 0, "is_critical": false}}, {"type": "Feature", "id": "REROUTE-SEG-934", "geometry": {"type": "LineString", "coordinates": [[76.426695, 10.332184], [76.42642, 10.332115]]}, "properties": {"segment_id": "REROUTE-SEG-934", "hazard_coefficient": 0, "is_critical": false}}, {"type": "Feature", "id": "REROUTE-SEG-935", "geometry": {"type": "LineString", "coordinates": [[76.42642, 10.332115], [76.426303, 10.332099]]}, "properties": {"segment_id": "REROUTE-SEG-935", "hazard_coefficient": 0, "is_critical": false}}, {"type": "Feature", "id": "REROUTE-SEG-936", "geometry": {"type": "LineString", "coordinates": [[76.426303, 10.332099], [76.426086, 10.332088]]}, "properties": {"segment_id": "REROUTE-SEG-936", "hazard_coefficient": 0, "is_critical": false}}, {"type": "Feature", "id": "REROUTE-SEG-937", "geometry": {"type": "LineString", "coordinates": [[76.426086, 10.332088], [76.426046, 10.332094]]}, "properties": {"segment_id": "REROUTE-SEG-937", "hazard_coefficient": 0, "is_critical": false}}, {"type": "Feature", "id": "REROUTE-SEG-938", "geometry": {"type": "LineString", "coordinates": [[76.426046, 10.332094], [76.425979, 10.332082]]}, "properties": {"segment_id": "REROUTE-SEG-938", "hazard_coefficient": 0, "is_critical": false}}, {"type": "Feature", "id": "REROUTE-SEG-939", "geometry": {"type": "LineString", "coordinates": [[76.425979, 10.332082], [76.425949, 10.332086]]}, "properties": {"segment_id": "REROUTE-SEG-939", "hazard_coefficient": 0, "is_critical": false}}, {"type": "Feature", "id": "REROUTE-SEG-940", "geometry": {"type": "LineString", "coordinates": [[76.425949, 10.332086], [76.425872, 10.332095]]}, "properties": {"segment_id": "REROUTE-SEG-940", "hazard_coefficient": 0, "is_critical": false}}, {"type": "Feature", "id": "REROUTE-SEG-941", "geometry": {"type": "LineString", "coordinates": [[76.425872, 10.332095], [76.425653, 10.332115]]}, "properties": {"segment_id": "REROUTE-SEG-941", "hazard_coefficient": 0, "is_critical": false}}, {"type": "Feature", "id": "REROUTE-SEG-942", "geometry": {"type": "LineString", "coordinates": [[76.425653, 10.332115], [76.425474, 10.332155]]}, "properties": {"segment_id": "REROUTE-SEG-942", "hazard_coefficient": 0, "is_critical": false}}, {"type": "Feature", "id": "REROUTE-SEG-943", "geometry": {"type": "LineString", "coordinates": [[76.425474, 10.332155], [76.425383, 10.332178]]}, "properties": {"segment_id": "REROUTE-SEG-943", "hazard_coefficient": 0, "is_critical": false}}, {"type": "Feature", "id": "REROUTE-SEG-944", "geometry": {"type": "LineString", "coordinates": [[76.425383, 10.332178], [76.425175, 10.332231]]}, "properties": {"segment_id": "REROUTE-SEG-944", "hazard_coefficient": 0, "is_critical": false}}, {"type": "Feature", "id": "REROUTE-SEG-945", "geometry": {"type": "LineString", "coordinates": [[76.425175, 10.332231], [76.424981, 10.332269]]}, "properties": {"segment_id": "REROUTE-SEG-945", "hazard_coefficient": 0, "is_critical": false}}, {"type": "Feature", "id": "REROUTE-SEG-946", "geometry": {"type": "LineString", "coordinates": [[76.424981, 10.332269], [76.424798, 10.33232]]}, "properties": {"segment_id": "REROUTE-SEG-946", "hazard_coefficient": 0, "is_critical": false}}, {"type": "Feature", "id": "REROUTE-SEG-947", "geometry": {"type": "LineString", "coordinates": [[76.424798, 10.33232], [76.424517, 10.332385]]}, "properties": {"segment_id": "REROUTE-SEG-947", "hazard_coefficient": 0, "is_critical": false}}, {"type": "Feature", "id": "REROUTE-SEG-948", "geometry": {"type": "LineString", "coordinates": [[76.424517, 10.332385], [76.424259, 10.332484]]}, "properties": {"segment_id": "REROUTE-SEG-948", "hazard_coefficient": 0, "is_critical": false}}, {"type": "Feature", "id": "REROUTE-SEG-949", "geometry": {"type": "LineString", "coordinates": [[76.424259, 10.332484], [76.423991, 10.332566]]}, "properties": {"segment_id": "REROUTE-SEG-949", "hazard_coefficient": 0, "is_critical": false}}, {"type": "Feature", "id": "REROUTE-SEG-950", "geometry": {"type": "LineString", "coordinates": [[76.423991, 10.332566], [76.423727, 10.332648]]}, "properties": {"segment_id": "REROUTE-SEG-950", "hazard_coefficient": 0, "is_critical": false}}, {"type": "Feature", "id": "REROUTE-SEG-951", "geometry": {"type": "LineString", "coordinates": [[76.423727, 10.332648], [76.423455, 10.33268]]}, "properties": {"segment_id": "REROUTE-SEG-951", "hazard_coefficient": 0, "is_critical": false}}, {"type": "Feature", "id": "REROUTE-SEG-952", "geometry": {"type": "LineString", "coordinates": [[76.423455, 10.33268], [76.423236, 10.332719]]}, "properties": {"segment_id": "REROUTE-SEG-952", "hazard_coefficient": 0, "is_critical": false}}, {"type": "Feature", "id": "REROUTE-SEG-953", "geometry": {"type": "LineString", "coordinates": [[76.423236, 10.332719], [76.423105, 10.332798]]}, "properties": {"segment_id": "REROUTE-SEG-953", "hazard_coefficient": 0, "is_critical": false}}, {"type": "Feature", "id": "REROUTE-SEG-954", "geometry": {"type": "LineString", "coordinates": [[76.423105, 10.332798], [76.422944, 10.332895]]}, "properties": {"segment_id": "REROUTE-SEG-954", "hazard_coefficient": 0, "is_critical": false}}, {"type": "Feature", "id": "REROUTE-SEG-955", "geometry": {"type": "LineString", "coordinates": [[76.422944, 10.332895], [76.422709, 10.33303]]}, "properties": {"segment_id": "REROUTE-SEG-955", "hazard_coefficient": 0, "is_critical": false}}, {"type": "Feature", "id": "REROUTE-SEG-956", "geometry": {"type": "LineString", "coordinates": [[76.422709, 10.33303], [76.422647, 10.333036]]}, "properties": {"segment_id": "REROUTE-SEG-956", "hazard_coefficient": 0, "is_critical": false}}, {"type": "Feature", "id": "REROUTE-SEG-957", "geometry": {"type": "LineString", "coordinates": [[76.422647, 10.333036], [76.422502, 10.333044]]}, "properties": {"segment_id": "REROUTE-SEG-957", "hazard_coefficient": 0, "is_critical": false}}, {"type": "Feature", "id": "REROUTE-SEG-958", "geometry": {"type": "LineString", "coordinates": [[76.422502, 10.333044], [76.422374, 10.333079]]}, "properties": {"segment_id": "REROUTE-SEG-958", "hazard_coefficient": 0, "is_critical": false}}, {"type": "Feature", "id": "REROUTE-SEG-959", "geometry": {"type": "LineString", "coordinates": [[76.422374, 10.333079], [76.421435, 10.333649]]}, "properties": {"segment_id": "REROUTE-SEG-959", "hazard_coefficient": 0, "is_critical": false}}, {"type": "Feature", "id": "REROUTE-SEG-960", "geometry": {"type": "LineString", "coordinates": [[76.421435, 10.333649], [76.421054, 10.334006]]}, "properties": {"segment_id": "REROUTE-SEG-960", "hazard_coefficient": 0, "is_critical": false}}, {"type": "Feature", "id": "REROUTE-SEG-961", "geometry": {"type": "LineString", "coordinates": [[76.421054, 10.334006], [76.420968, 10.334075]]}, "properties": {"segment_id": "REROUTE-SEG-961", "hazard_coefficient": 0, "is_critical": false}}, {"type": "Feature", "id": "REROUTE-SEG-962", "geometry": {"type": "LineString", "coordinates": [[76.420968, 10.334075], [76.420708, 10.334257]]}, "properties": {"segment_id": "REROUTE-SEG-962", "hazard_coefficient": 0, "is_critical": false}}, {"type": "Feature", "id": "REROUTE-SEG-963", "geometry": {"type": "LineString", "coordinates": [[76.420708, 10.334257], [76.420392, 10.33443]]}, "properties": {"segment_id": "REROUTE-SEG-963", "hazard_coefficient": 0, "is_critical": false}}, {"type": "Feature", "id": "REROUTE-SEG-964", "geometry": {"type": "LineString", "coordinates": [[76.420392, 10.33443], [76.420363, 10.334459]]}, "properties": {"segment_id": "REROUTE-SEG-964", "hazard_coefficient": 0, "is_critical": false}}, {"type": "Feature", "id": "REROUTE-SEG-965", "geometry": {"type": "LineString", "coordinates": [[76.420363, 10.334459], [76.420283, 10.334537]]}, "properties": {"segment_id": "REROUTE-SEG-965", "hazard_coefficient": 0, "is_critical": false}}, {"type": "Feature", "id": "REROUTE-SEG-966", "geometry": {"type": "LineString", "coordinates": [[76.420283, 10.334537], [76.420247, 10.334718]]}, "properties": {"segment_id": "REROUTE-SEG-966", "hazard_coefficient": 0, "is_critical": false}}, {"type": "Feature", "id": "REROUTE-SEG-967", "geometry": {"type": "LineString", "coordinates": [[76.420247, 10.334718], [76.420231, 10.334853]]}, "properties": {"segment_id": "REROUTE-SEG-967", "hazard_coefficient": 0, "is_critical": false}}, {"type": "Feature", "id": "REROUTE-SEG-968", "geometry": {"type": "LineString", "coordinates": [[76.420231, 10.334853], [76.420126, 10.335627]]}, "properties": {"segment_id": "REROUTE-SEG-968", "hazard_coefficient": 0, "is_critical": false}}, {"type": "Feature", "id": "REROUTE-SEG-969", "geometry": {"type": "LineString", "coordinates": [[76.420126, 10.335627], [76.420094, 10.335723]]}, "properties": {"segment_id": "REROUTE-SEG-969", "hazard_coefficient": 0, "is_critical": false}}, {"type": "Feature", "id": "REROUTE-SEG-970", "geometry": {"type": "LineString", "coordinates": [[76.420094, 10.335723], [76.419785, 10.336084]]}, "properties": {"segment_id": "REROUTE-SEG-970", "hazard_coefficient": 0, "is_critical": false}}, {"type": "Feature", "id": "REROUTE-SEG-971", "geometry": {"type": "LineString", "coordinates": [[76.419785, 10.336084], [76.419629, 10.336267]]}, "properties": {"segment_id": "REROUTE-SEG-971", "hazard_coefficient": 0, "is_critical": false}}, {"type": "Feature", "id": "REROUTE-SEG-972", "geometry": {"type": "LineString", "coordinates": [[76.419629, 10.336267], [76.419508, 10.336491]]}, "properties": {"segment_id": "REROUTE-SEG-972", "hazard_coefficient": 0, "is_critical": false}}, {"type": "Feature", "id": "REROUTE-SEG-973", "geometry": {"type": "LineString", "coordinates": [[76.419508, 10.336491], [76.419481, 10.336868]]}, "properties": {"segment_id": "REROUTE-SEG-973", "hazard_coefficient": 0, "is_critical": false}}, {"type": "Feature", "id": "REROUTE-SEG-974", "geometry": {"type": "LineString", "coordinates": [[76.419481, 10.336868], [76.419378, 10.336993]]}, "properties": {"segment_id": "REROUTE-SEG-974", "hazard_coefficient": 0, "is_critical": false}}, {"type": "Feature", "id": "REROUTE-SEG-975", "geometry": {"type": "LineString", "coordinates": [[76.419378, 10.336993], [76.418508, 10.337464]]}, "properties": {"segment_id": "REROUTE-SEG-975", "hazard_coefficient": 0, "is_critical": false}}, {"type": "Feature", "id": "REROUTE-SEG-976", "geometry": {"type": "LineString", "coordinates": [[76.418508, 10.337464], [76.418321, 10.337565]]}, "properties": {"segment_id": "REROUTE-SEG-976", "hazard_coefficient": 0, "is_critical": false}}, {"type": "Feature", "id": "REROUTE-SEG-977", "geometry": {"type": "LineString", "coordinates": [[76.418321, 10.337565], [76.417905, 10.337737]]}, "properties": {"segment_id": "REROUTE-SEG-977", "hazard_coefficient": 0, "is_critical": false}}, {"type": "Feature", "id": "REROUTE-SEG-978", "geometry": {"type": "LineString", "coordinates": [[76.417905, 10.337737], [76.417731, 10.337768]]}, "properties": {"segment_id": "REROUTE-SEG-978", "hazard_coefficient": 0, "is_critical": false}}, {"type": "Feature", "id": "REROUTE-SEG-979", "geometry": {"type": "LineString", "coordinates": [[76.417731, 10.337768], [76.417467, 10.337837]]}, "properties": {"segment_id": "REROUTE-SEG-979", "hazard_coefficient": 0, "is_critical": false}}, {"type": "Feature", "id": "REROUTE-SEG-980", "geometry": {"type": "LineString", "coordinates": [[76.417467, 10.337837], [76.417355, 10.337874]]}, "properties": {"segment_id": "REROUTE-SEG-980", "hazard_coefficient": 0, "is_critical": false}}, {"type": "Feature", "id": "REROUTE-SEG-981", "geometry": {"type": "LineString", "coordinates": [[76.417355, 10.337874], [76.417266, 10.33798]]}, "properties": {"segment_id": "REROUTE-SEG-981", "hazard_coefficient": 0, "is_critical": false}}, {"type": "Feature", "id": "REROUTE-SEG-982", "geometry": {"type": "LineString", "coordinates": [[76.417266, 10.33798], [76.417139, 10.338041]]}, "properties": {"segment_id": "REROUTE-SEG-982", "hazard_coefficient": 0, "is_critical": false}}, {"type": "Feature", "id": "REROUTE-SEG-983", "geometry": {"type": "LineString", "coordinates": [[76.417139, 10.338041], [76.416868, 10.33811]]}, "properties": {"segment_id": "REROUTE-SEG-983", "hazard_coefficient": 0, "is_critical": false}}, {"type": "Feature", "id": "REROUTE-SEG-984", "geometry": {"type": "LineString", "coordinates": [[76.416868, 10.33811], [76.416787, 10.338173]]}, "properties": {"segment_id": "REROUTE-SEG-984", "hazard_coefficient": 0, "is_critical": false}}, {"type": "Feature", "id": "REROUTE-SEG-985", "geometry": {"type": "LineString", "coordinates": [[76.416787, 10.338173], [76.416704, 10.338268]]}, "properties": {"segment_id": "REROUTE-SEG-985", "hazard_coefficient": 0, "is_critical": false}}, {"type": "Feature", "id": "REROUTE-SEG-986", "geometry": {"type": "LineString", "coordinates": [[76.416704, 10.338268], [76.416728, 10.33859]]}, "properties": {"segment_id": "REROUTE-SEG-986", "hazard_coefficient": 0, "is_critical": false}}, {"type": "Feature", "id": "REROUTE-SEG-987", "geometry": {"type": "LineString", "coordinates": [[76.416728, 10.33859], [76.416806, 10.338744]]}, "properties": {"segment_id": "REROUTE-SEG-987", "hazard_coefficient": 0, "is_critical": false}}, {"type": "Feature", "id": "REROUTE-SEG-988", "geometry": {"type": "LineString", "coordinates": [[76.416806, 10.338744], [76.417786, 10.34006]]}, "properties": {"segment_id": "REROUTE-SEG-988", "hazard_coefficient": 0, "is_critical": false}}, {"type": "Feature", "id": "REROUTE-SEG-989", "geometry": {"type": "LineString", "coordinates": [[76.417786, 10.34006], [76.417848, 10.34064]]}, "properties": {"segment_id": "REROUTE-SEG-989", "hazard_coefficient": 0, "is_critical": false}}, {"type": "Feature", "id": "REROUTE-SEG-990", "geometry": {"type": "LineString", "coordinates": [[76.417848, 10.34064], [76.417563, 10.341623]]}, "properties": {"segment_id": "REROUTE-SEG-990", "hazard_coefficient": 0, "is_critical": false}}, {"type": "Feature", "id": "REROUTE-SEG-991", "geometry": {"type": "LineString", "coordinates": [[76.417563, 10.341623], [76.417507, 10.341815]]}, "properties": {"segment_id": "REROUTE-SEG-991", "hazard_coefficient": 0, "is_critical": false}}, {"type": "Feature", "id": "REROUTE-SEG-992", "geometry": {"type": "LineString", "coordinates": [[76.417507, 10.341815], [76.417403, 10.342127]]}, "properties": {"segment_id": "REROUTE-SEG-992", "hazard_coefficient": 0, "is_critical": false}}, {"type": "Feature", "id": "REROUTE-SEG-993", "geometry": {"type": "LineString", "coordinates": [[76.417403, 10.342127], [76.417021, 10.342685]]}, "properties": {"segment_id": "REROUTE-SEG-993", "hazard_coefficient": 0, "is_critical": false}}, {"type": "Feature", "id": "REROUTE-SEG-994", "geometry": {"type": "LineString", "coordinates": [[76.417021, 10.342685], [76.416832, 10.342705]]}, "properties": {"segment_id": "REROUTE-SEG-994", "hazard_coefficient": 0, "is_critical": false}}, {"type": "Feature", "id": "REROUTE-SEG-995", "geometry": {"type": "LineString", "coordinates": [[76.416832, 10.342705], [76.416467, 10.342674]]}, "properties": {"segment_id": "REROUTE-SEG-995", "hazard_coefficient": 0, "is_critical": false}}, {"type": "Feature", "id": "REROUTE-SEG-996", "geometry": {"type": "LineString", "coordinates": [[76.416467, 10.342674], [76.415727, 10.342653]]}, "properties": {"segment_id": "REROUTE-SEG-996", "hazard_coefficient": 0, "is_critical": false}}, {"type": "Feature", "id": "REROUTE-SEG-997", "geometry": {"type": "LineString", "coordinates": [[76.415727, 10.342653], [76.415277, 10.342677]]}, "properties": {"segment_id": "REROUTE-SEG-997", "hazard_coefficient": 0, "is_critical": false}}, {"type": "Feature", "id": "REROUTE-SEG-998", "geometry": {"type": "LineString", "coordinates": [[76.415277, 10.342677], [76.41505, 10.342695]]}, "properties": {"segment_id": "REROUTE-SEG-998", "hazard_coefficient": 0, "is_critical": false}}, {"type": "Feature", "id": "REROUTE-SEG-999", "geometry": {"type": "LineString", "coordinates": [[76.41505, 10.342695], [76.41486, 10.3428]]}, "properties": {"segment_id": "REROUTE-SEG-999", "hazard_coefficient": 0, "is_critical": false}}, {"type": "Feature", "id": "REROUTE-SEG-1000", "geometry": {"type": "LineString", "coordinates": [[76.41486, 10.3428], [76.414784, 10.342946]]}, "properties": {"segment_id": "REROUTE-SEG-1000", "hazard_coefficient": 0, "is_critical": false}}, {"type": "Feature", "id": "REROUTE-SEG-1001", "geometry": {"type": "LineString", "coordinates": [[76.414784, 10.342946], [76.414697, 10.343112]]}, "properties": {"segment_id": "REROUTE-SEG-1001", "hazard_coefficient": 0, "is_critical": false}}, {"type": "Feature", "id": "REROUTE-SEG-1002", "geometry": {"type": "LineString", "coordinates": [[76.414697, 10.343112], [76.414624, 10.343289]]}, "properties": {"segment_id": "REROUTE-SEG-1002", "hazard_coefficient": 0, "is_critical": false}}, {"type": "Feature", "id": "REROUTE-SEG-1003", "geometry": {"type": "LineString", "coordinates": [[76.414624, 10.343289], [76.414574, 10.343412]]}, "properties": {"segment_id": "REROUTE-SEG-1003", "hazard_coefficient": 0, "is_critical": false}}, {"type": "Feature", "id": "REROUTE-SEG-1004", "geometry": {"type": "LineString", "coordinates": [[76.414574, 10.343412], [76.414414, 10.343784]]}, "properties": {"segment_id": "REROUTE-SEG-1004", "hazard_coefficient": 0, "is_critical": false}}, {"type": "Feature", "id": "REROUTE-SEG-1005", "geometry": {"type": "LineString", "coordinates": [[76.414414, 10.343784], [76.414219, 10.343922]]}, "properties": {"segment_id": "REROUTE-SEG-1005", "hazard_coefficient": 0, "is_critical": false}}, {"type": "Feature", "id": "REROUTE-SEG-1006", "geometry": {"type": "LineString", "coordinates": [[76.414219, 10.343922], [76.413989, 10.344032]]}, "properties": {"segment_id": "REROUTE-SEG-1006", "hazard_coefficient": 0, "is_critical": false}}, {"type": "Feature", "id": "REROUTE-SEG-1007", "geometry": {"type": "LineString", "coordinates": [[76.413989, 10.344032], [76.413496, 10.344085]]}, "properties": {"segment_id": "REROUTE-SEG-1007", "hazard_coefficient": 0, "is_critical": false}}, {"type": "Feature", "id": "REROUTE-SEG-1008", "geometry": {"type": "LineString", "coordinates": [[76.413496, 10.344085], [76.41299, 10.344109]]}, "properties": {"segment_id": "REROUTE-SEG-1008", "hazard_coefficient": 0, "is_critical": false}}, {"type": "Feature", "id": "REROUTE-SEG-1009", "geometry": {"type": "LineString", "coordinates": [[76.41299, 10.344109], [76.412367, 10.344283]]}, "properties": {"segment_id": "REROUTE-SEG-1009", "hazard_coefficient": 0, "is_critical": false}}, {"type": "Feature", "id": "REROUTE-SEG-1010", "geometry": {"type": "LineString", "coordinates": [[76.412367, 10.344283], [76.412232, 10.344326]]}, "properties": {"segment_id": "REROUTE-SEG-1010", "hazard_coefficient": 0, "is_critical": false}}, {"type": "Feature", "id": "REROUTE-SEG-1011", "geometry": {"type": "LineString", "coordinates": [[76.412232, 10.344326], [76.412168, 10.344412]]}, "properties": {"segment_id": "REROUTE-SEG-1011", "hazard_coefficient": 0, "is_critical": false}}, {"type": "Feature", "id": "REROUTE-SEG-1012", "geometry": {"type": "LineString", "coordinates": [[76.412168, 10.344412], [76.412106, 10.344541]]}, "properties": {"segment_id": "REROUTE-SEG-1012", "hazard_coefficient": 0, "is_critical": false}}, {"type": "Feature", "id": "REROUTE-SEG-1013", "geometry": {"type": "LineString", "coordinates": [[76.412106, 10.344541], [76.411971, 10.344627]]}, "properties": {"segment_id": "REROUTE-SEG-1013", "hazard_coefficient": 0, "is_critical": false}}, {"type": "Feature", "id": "REROUTE-SEG-1014", "geometry": {"type": "LineString", "coordinates": [[76.411971, 10.344627], [76.411746, 10.344711]]}, "properties": {"segment_id": "REROUTE-SEG-1014", "hazard_coefficient": 0, "is_critical": false}}, {"type": "Feature", "id": "REROUTE-SEG-1015", "geometry": {"type": "LineString", "coordinates": [[76.411746, 10.344711], [76.411925, 10.344758]]}, "properties": {"segment_id": "REROUTE-SEG-1015", "hazard_coefficient": 0, "is_critical": false}}, {"type": "Feature", "id": "REROUTE-SEG-1016", "geometry": {"type": "LineString", "coordinates": [[76.411925, 10.344758], [76.412971, 10.345032]]}, "properties": {"segment_id": "REROUTE-SEG-1016", "hazard_coefficient": 0, "is_critical": false}}, {"type": "Feature", "id": "REROUTE-SEG-1017", "geometry": {"type": "LineString", "coordinates": [[76.412971, 10.345032], [76.413434, 10.345504]]}, "properties": {"segment_id": "REROUTE-SEG-1017", "hazard_coefficient": 0, "is_critical": false}}, {"type": "Feature", "id": "REROUTE-SEG-1018", "geometry": {"type": "LineString", "coordinates": [[76.413434, 10.345504], [76.413683, 10.345757]]}, "properties": {"segment_id": "REROUTE-SEG-1018", "hazard_coefficient": 0, "is_critical": false}}, {"type": "Feature", "id": "REROUTE-SEG-1019", "geometry": {"type": "LineString", "coordinates": [[76.413683, 10.345757], [76.413829, 10.345906]]}, "properties": {"segment_id": "REROUTE-SEG-1019", "hazard_coefficient": 0, "is_critical": false}}, {"type": "Feature", "id": "REROUTE-SEG-1020", "geometry": {"type": "LineString", "coordinates": [[76.413829, 10.345906], [76.414185, 10.346617]]}, "properties": {"segment_id": "REROUTE-SEG-1020", "hazard_coefficient": 0, "is_critical": false}}, {"type": "Feature", "id": "REROUTE-SEG-1021", "geometry": {"type": "LineString", "coordinates": [[76.414185, 10.346617], [76.414234, 10.346716]]}, "properties": {"segment_id": "REROUTE-SEG-1021", "hazard_coefficient": 0, "is_critical": false}}, {"type": "Feature", "id": "REROUTE-SEG-1022", "geometry": {"type": "LineString", "coordinates": [[76.414234, 10.346716], [76.414159, 10.347036]]}, "properties": {"segment_id": "REROUTE-SEG-1022", "hazard_coefficient": 0, "is_critical": false}}, {"type": "Feature", "id": "REROUTE-SEG-1023", "geometry": {"type": "LineString", "coordinates": [[76.414159, 10.347036], [76.414099, 10.347291]]}, "properties": {"segment_id": "REROUTE-SEG-1023", "hazard_coefficient": 0, "is_critical": false}}, {"type": "Feature", "id": "REROUTE-SEG-1024", "geometry": {"type": "LineString", "coordinates": [[76.414099, 10.347291], [76.41353, 10.348268]]}, "properties": {"segment_id": "REROUTE-SEG-1024", "hazard_coefficient": 0, "is_critical": false}}, {"type": "Feature", "id": "REROUTE-SEG-1025", "geometry": {"type": "LineString", "coordinates": [[76.41353, 10.348268], [76.413817, 10.348913]]}, "properties": {"segment_id": "REROUTE-SEG-1025", "hazard_coefficient": 0, "is_critical": false}}, {"type": "Feature", "id": "REROUTE-SEG-1026", "geometry": {"type": "LineString", "coordinates": [[76.413817, 10.348913], [76.413997, 10.349459]]}, "properties": {"segment_id": "REROUTE-SEG-1026", "hazard_coefficient": 0, "is_critical": false}}, {"type": "Feature", "id": "REROUTE-SEG-1027", "geometry": {"type": "LineString", "coordinates": [[76.413997, 10.349459], [76.413609, 10.350386]]}, "properties": {"segment_id": "REROUTE-SEG-1027", "hazard_coefficient": 0, "is_critical": false}}, {"type": "Feature", "id": "REROUTE-SEG-1028", "geometry": {"type": "LineString", "coordinates": [[76.413609, 10.350386], [76.41351, 10.350748]]}, "properties": {"segment_id": "REROUTE-SEG-1028", "hazard_coefficient": 0, "is_critical": false}}, {"type": "Feature", "id": "REROUTE-SEG-1029", "geometry": {"type": "LineString", "coordinates": [[76.41351, 10.350748], [76.413453, 10.350958]]}, "properties": {"segment_id": "REROUTE-SEG-1029", "hazard_coefficient": 0, "is_critical": false}}, {"type": "Feature", "id": "REROUTE-SEG-1030", "geometry": {"type": "LineString", "coordinates": [[76.413453, 10.350958], [76.413377, 10.351233]]}, "properties": {"segment_id": "REROUTE-SEG-1030", "hazard_coefficient": 0, "is_critical": false}}, {"type": "Feature", "id": "REROUTE-SEG-1031", "geometry": {"type": "LineString", "coordinates": [[76.413377, 10.351233], [76.412562, 10.352735]]}, "properties": {"segment_id": "REROUTE-SEG-1031", "hazard_coefficient": 0, "is_critical": false}}, {"type": "Feature", "id": "REROUTE-SEG-1032", "geometry": {"type": "LineString", "coordinates": [[76.412562, 10.352735], [76.412551, 10.352754]]}, "properties": {"segment_id": "REROUTE-SEG-1032", "hazard_coefficient": 0, "is_critical": false}}, {"type": "Feature", "id": "REROUTE-SEG-1033", "geometry": {"type": "LineString", "coordinates": [[76.412551, 10.352754], [76.412423, 10.352976]]}, "properties": {"segment_id": "REROUTE-SEG-1033", "hazard_coefficient": 0, "is_critical": false}}, {"type": "Feature", "id": "REROUTE-SEG-1034", "geometry": {"type": "LineString", "coordinates": [[76.412423, 10.352976], [76.41242, 10.35298]]}, "properties": {"segment_id": "REROUTE-SEG-1034", "hazard_coefficient": 0, "is_critical": false}}, {"type": "Feature", "id": "REROUTE-SEG-1035", "geometry": {"type": "LineString", "coordinates": [[76.41242, 10.35298], [76.411995, 10.353953]]}, "properties": {"segment_id": "REROUTE-SEG-1035", "hazard_coefficient": 0, "is_critical": false}}, {"type": "Feature", "id": "REROUTE-SEG-1036", "geometry": {"type": "LineString", "coordinates": [[76.411995, 10.353953], [76.411759, 10.354452]]}, "properties": {"segment_id": "REROUTE-SEG-1036", "hazard_coefficient": 0, "is_critical": false}}, {"type": "Feature", "id": "REROUTE-SEG-1037", "geometry": {"type": "LineString", "coordinates": [[76.411759, 10.354452], [76.41238, 10.356685]]}, "properties": {"segment_id": "REROUTE-SEG-1037", "hazard_coefficient": 0, "is_critical": false}}, {"type": "Feature", "id": "REROUTE-SEG-1038", "geometry": {"type": "LineString", "coordinates": [[76.41238, 10.356685], [76.412407, 10.356814]]}, "properties": {"segment_id": "REROUTE-SEG-1038", "hazard_coefficient": 0, "is_critical": false}}, {"type": "Feature", "id": "REROUTE-SEG-1039", "geometry": {"type": "LineString", "coordinates": [[76.412407, 10.356814], [76.412579, 10.357588]]}, "properties": {"segment_id": "REROUTE-SEG-1039", "hazard_coefficient": 0, "is_critical": false}}, {"type": "Feature", "id": "REROUTE-SEG-1040", "geometry": {"type": "LineString", "coordinates": [[76.412579, 10.357588], [76.412704, 10.358146]]}, "properties": {"segment_id": "REROUTE-SEG-1040", "hazard_coefficient": 0, "is_critical": false}}, {"type": "Feature", "id": "REROUTE-SEG-1041", "geometry": {"type": "LineString", "coordinates": [[76.412704, 10.358146], [76.413612, 10.357897]]}, "properties": {"segment_id": "REROUTE-SEG-1041", "hazard_coefficient": 0, "is_critical": false}}, {"type": "Feature", "id": "REROUTE-SEG-1042", "geometry": {"type": "LineString", "coordinates": [[76.413612, 10.357897], [76.414085, 10.357786]]}, "properties": {"segment_id": "REROUTE-SEG-1042", "hazard_coefficient": 0, "is_critical": false}}, {"type": "Feature", "id": "REROUTE-SEG-1043", "geometry": {"type": "LineString", "coordinates": [[76.414085, 10.357786], [76.414404, 10.35771]]}, "properties": {"segment_id": "REROUTE-SEG-1043", "hazard_coefficient": 0, "is_critical": false}}, {"type": "Feature", "id": "REROUTE-SEG-1044", "geometry": {"type": "LineString", "coordinates": [[76.414404, 10.35771], [76.414536, 10.357582]]}, "properties": {"segment_id": "REROUTE-SEG-1044", "hazard_coefficient": 0, "is_critical": false}}, {"type": "Feature", "id": "REROUTE-SEG-1045", "geometry": {"type": "LineString", "coordinates": [[76.414536, 10.357582], [76.41466, 10.357291]]}, "properties": {"segment_id": "REROUTE-SEG-1045", "hazard_coefficient": 0, "is_critical": false}}, {"type": "Feature", "id": "REROUTE-SEG-1046", "geometry": {"type": "LineString", "coordinates": [[76.41466, 10.357291], [76.414712, 10.357154]]}, "properties": {"segment_id": "REROUTE-SEG-1046", "hazard_coefficient": 0, "is_critical": false}}, {"type": "Feature", "id": "REROUTE-SEG-1047", "geometry": {"type": "LineString", "coordinates": [[76.414712, 10.357154], [76.414827, 10.357042]]}, "properties": {"segment_id": "REROUTE-SEG-1047", "hazard_coefficient": 0, "is_critical": false}}, {"type": "Feature", "id": "REROUTE-SEG-1048", "geometry": {"type": "LineString", "coordinates": [[76.414827, 10.357042], [76.414965, 10.35689]]}, "properties": {"segment_id": "REROUTE-SEG-1048", "hazard_coefficient": 0, "is_critical": false}}, {"type": "Feature", "id": "REROUTE-SEG-1049", "geometry": {"type": "LineString", "coordinates": [[76.414965, 10.35689], [76.415089, 10.356811]]}, "properties": {"segment_id": "REROUTE-SEG-1049", "hazard_coefficient": 0, "is_critical": false}}, {"type": "Feature", "id": "REROUTE-SEG-1050", "geometry": {"type": "LineString", "coordinates": [[76.415089, 10.356811], [76.415239, 10.356663]]}, "properties": {"segment_id": "REROUTE-SEG-1050", "hazard_coefficient": 0, "is_critical": false}}, {"type": "Feature", "id": "REROUTE-SEG-1051", "geometry": {"type": "LineString", "coordinates": [[76.415239, 10.356663], [76.415416, 10.356568]]}, "properties": {"segment_id": "REROUTE-SEG-1051", "hazard_coefficient": 0, "is_critical": false}}, {"type": "Feature", "id": "REROUTE-SEG-1052", "geometry": {"type": "LineString", "coordinates": [[76.415416, 10.356568], [76.415468, 10.356517]]}, "properties": {"segment_id": "REROUTE-SEG-1052", "hazard_coefficient": 0, "is_critical": false}}, {"type": "Feature", "id": "REROUTE-SEG-1053", "geometry": {"type": "LineString", "coordinates": [[76.415468, 10.356517], [76.415539, 10.356447]]}, "properties": {"segment_id": "REROUTE-SEG-1053", "hazard_coefficient": 0, "is_critical": false}}, {"type": "Feature", "id": "REROUTE-SEG-1054", "geometry": {"type": "LineString", "coordinates": [[76.415539, 10.356447], [76.415572, 10.356326]]}, "properties": {"segment_id": "REROUTE-SEG-1054", "hazard_coefficient": 0, "is_critical": false}}, {"type": "Feature", "id": "REROUTE-SEG-1055", "geometry": {"type": "LineString", "coordinates": [[76.415572, 10.356326], [76.415518, 10.356104]]}, "properties": {"segment_id": "REROUTE-SEG-1055", "hazard_coefficient": 0, "is_critical": false}}, {"type": "Feature", "id": "REROUTE-SEG-1056", "geometry": {"type": "LineString", "coordinates": [[76.415518, 10.356104], [76.415448, 10.35593]]}, "properties": {"segment_id": "REROUTE-SEG-1056", "hazard_coefficient": 0, "is_critical": false}}, {"type": "Feature", "id": "REROUTE-SEG-1057", "geometry": {"type": "LineString", "coordinates": [[76.415448, 10.35593], [76.415647, 10.355719]]}, "properties": {"segment_id": "REROUTE-SEG-1057", "hazard_coefficient": 0, "is_critical": false}}, {"type": "Feature", "id": "REROUTE-SEG-1058", "geometry": {"type": "LineString", "coordinates": [[76.415647, 10.355719], [76.416172, 10.355524]]}, "properties": {"segment_id": "REROUTE-SEG-1058", "hazard_coefficient": 0, "is_critical": false}}, {"type": "Feature", "id": "REROUTE-SEG-1059", "geometry": {"type": "LineString", "coordinates": [[76.416172, 10.355524], [76.416451, 10.355423]]}, "properties": {"segment_id": "REROUTE-SEG-1059", "hazard_coefficient": 0, "is_critical": false}}, {"type": "Feature", "id": "REROUTE-SEG-1060", "geometry": {"type": "LineString", "coordinates": [[76.416451, 10.355423], [76.41673, 10.355302]]}, "properties": {"segment_id": "REROUTE-SEG-1060", "hazard_coefficient": 0, "is_critical": false}}, {"type": "Feature", "id": "REROUTE-SEG-1061", "geometry": {"type": "LineString", "coordinates": [[76.41673, 10.355302], [76.417283, 10.355006]]}, "properties": {"segment_id": "REROUTE-SEG-1061", "hazard_coefficient": 0, "is_critical": false}}, {"type": "Feature", "id": "REROUTE-SEG-1062", "geometry": {"type": "LineString", "coordinates": [[76.417283, 10.355006], [76.417711, 10.354512]]}, "properties": {"segment_id": "REROUTE-SEG-1062", "hazard_coefficient": 0, "is_critical": false}}, {"type": "Feature", "id": "REROUTE-SEG-1063", "geometry": {"type": "LineString", "coordinates": [[76.417711, 10.354512], [76.41812, 10.354268]]}, "properties": {"segment_id": "REROUTE-SEG-1063", "hazard_coefficient": 0, "is_critical": false}}, {"type": "Feature", "id": "REROUTE-SEG-1064", "geometry": {"type": "LineString", "coordinates": [[76.41812, 10.354268], [76.418544, 10.353872]]}, "properties": {"segment_id": "REROUTE-SEG-1064", "hazard_coefficient": 0, "is_critical": false}}, {"type": "Feature", "id": "REROUTE-SEG-1065", "geometry": {"type": "LineString", "coordinates": [[76.418544, 10.353872], [76.419219, 10.353196]]}, "properties": {"segment_id": "REROUTE-SEG-1065", "hazard_coefficient": 0, "is_critical": false}}, {"type": "Feature", "id": "REROUTE-SEG-1066", "geometry": {"type": "LineString", "coordinates": [[76.419219, 10.353196], [76.419364, 10.353115]]}, "properties": {"segment_id": "REROUTE-SEG-1066", "hazard_coefficient": 0, "is_critical": false}}, {"type": "Feature", "id": "REROUTE-SEG-1067", "geometry": {"type": "LineString", "coordinates": [[76.419364, 10.353115], [76.419858, 10.352832]]}, "properties": {"segment_id": "REROUTE-SEG-1067", "hazard_coefficient": 0, "is_critical": false}}, {"type": "Feature", "id": "REROUTE-SEG-1068", "geometry": {"type": "LineString", "coordinates": [[76.419858, 10.352832], [76.420416, 10.352632]]}, "properties": {"segment_id": "REROUTE-SEG-1068", "hazard_coefficient": 0, "is_critical": false}}, {"type": "Feature", "id": "REROUTE-SEG-1069", "geometry": {"type": "LineString", "coordinates": [[76.420416, 10.352632], [76.420652, 10.352527]]}, "properties": {"segment_id": "REROUTE-SEG-1069", "hazard_coefficient": 0, "is_critical": false}}, {"type": "Feature", "id": "REROUTE-SEG-1070", "geometry": {"type": "LineString", "coordinates": [[76.420652, 10.352527], [76.421135, 10.352304]]}, "properties": {"segment_id": "REROUTE-SEG-1070", "hazard_coefficient": 0, "is_critical": false}}, {"type": "Feature", "id": "REROUTE-SEG-1071", "geometry": {"type": "LineString", "coordinates": [[76.421135, 10.352304], [76.421939, 10.352035]]}, "properties": {"segment_id": "REROUTE-SEG-1071", "hazard_coefficient": 0, "is_critical": false}}, {"type": "Feature", "id": "REROUTE-SEG-1072", "geometry": {"type": "LineString", "coordinates": [[76.421939, 10.352035], [76.422011, 10.352029]]}, "properties": {"segment_id": "REROUTE-SEG-1072", "hazard_coefficient": 0, "is_critical": false}}, {"type": "Feature", "id": "REROUTE-SEG-1073", "geometry": {"type": "LineString", "coordinates": [[76.422011, 10.352029], [76.421954, 10.351955]]}, "properties": {"segment_id": "REROUTE-SEG-1073", "hazard_coefficient": 0, "is_critical": false}}, {"type": "Feature", "id": "REROUTE-SEG-1074", "geometry": {"type": "LineString", "coordinates": [[76.421954, 10.351955], [76.421817, 10.351831]]}, "properties": {"segment_id": "REROUTE-SEG-1074", "hazard_coefficient": 0, "is_critical": false}}, {"type": "Feature", "id": "REROUTE-SEG-1075", "geometry": {"type": "LineString", "coordinates": [[76.421817, 10.351831], [76.421636, 10.35172]]}, "properties": {"segment_id": "REROUTE-SEG-1075", "hazard_coefficient": 0, "is_critical": false}}, {"type": "Feature", "id": "REROUTE-SEG-1076", "geometry": {"type": "LineString", "coordinates": [[76.421636, 10.35172], [76.421468, 10.351538]]}, "properties": {"segment_id": "REROUTE-SEG-1076", "hazard_coefficient": 0, "is_critical": false}}, {"type": "Feature", "id": "REROUTE-SEG-1077", "geometry": {"type": "LineString", "coordinates": [[76.421468, 10.351538], [76.421372, 10.351484]]}, "properties": {"segment_id": "REROUTE-SEG-1077", "hazard_coefficient": 0, "is_critical": false}}, {"type": "Feature", "id": "REROUTE-SEG-1078", "geometry": {"type": "LineString", "coordinates": [[76.421372, 10.351484], [76.421212, 10.3514]]}, "properties": {"segment_id": "REROUTE-SEG-1078", "hazard_coefficient": 0, "is_critical": false}}, {"type": "Feature", "id": "REROUTE-SEG-1079", "geometry": {"type": "LineString", "coordinates": [[76.421212, 10.3514], [76.421109, 10.351364]]}, "properties": {"segment_id": "REROUTE-SEG-1079", "hazard_coefficient": 0, "is_critical": false}}, {"type": "Feature", "id": "REROUTE-SEG-1080", "geometry": {"type": "LineString", "coordinates": [[76.421109, 10.351364], [76.421044, 10.351289]]}, "properties": {"segment_id": "REROUTE-SEG-1080", "hazard_coefficient": 0, "is_critical": false}}, {"type": "Feature", "id": "REROUTE-SEG-1081", "geometry": {"type": "LineString", "coordinates": [[76.421044, 10.351289], [76.420962, 10.351138]]}, "properties": {"segment_id": "REROUTE-SEG-1081", "hazard_coefficient": 0, "is_critical": false}}, {"type": "Feature", "id": "REROUTE-SEG-1082", "geometry": {"type": "LineString", "coordinates": [[76.420962, 10.351138], [76.420962, 10.351138]]}, "properties": {"segment_id": "REROUTE-SEG-1082", "hazard_coefficient": 0, "is_critical": false}}, {"type": "Feature", "id": "REROUTE-SEG-1083", "geometry": {"type": "LineString", "coordinates": [[76.420962, 10.351138], [76.421044, 10.351289]]}, "properties": {"segment_id": "REROUTE-SEG-1083", "hazard_coefficient": 0, "is_critical": false}}, {"type": "Feature", "id": "REROUTE-SEG-1084", "geometry": {"type": "LineString", "coordinates": [[76.421044, 10.351289], [76.421109, 10.351364]]}, "properties": {"segment_id": "REROUTE-SEG-1084", "hazard_coefficient": 0, "is_critical": false}}, {"type": "Feature", "id": "REROUTE-SEG-1085", "geometry": {"type": "LineString", "coordinates": [[76.421109, 10.351364], [76.421212, 10.3514]]}, "properties": {"segment_id": "REROUTE-SEG-1085", "hazard_coefficient": 0, "is_critical": false}}, {"type": "Feature", "id": "REROUTE-SEG-1086", "geometry": {"type": "LineString", "coordinates": [[76.421212, 10.3514], [76.421372, 10.351484]]}, "properties": {"segment_id": "REROUTE-SEG-1086", "hazard_coefficient": 0, "is_critical": false}}, {"type": "Feature", "id": "REROUTE-SEG-1087", "geometry": {"type": "LineString", "coordinates": [[76.421372, 10.351484], [76.421468, 10.351538]]}, "properties": {"segment_id": "REROUTE-SEG-1087", "hazard_coefficient": 0, "is_critical": false}}, {"type": "Feature", "id": "REROUTE-SEG-1088", "geometry": {"type": "LineString", "coordinates": [[76.421468, 10.351538], [76.421636, 10.35172]]}, "properties": {"segment_id": "REROUTE-SEG-1088", "hazard_coefficient": 0, "is_critical": false}}, {"type": "Feature", "id": "REROUTE-SEG-1089", "geometry": {"type": "LineString", "coordinates": [[76.421636, 10.35172], [76.421817, 10.351831]]}, "properties": {"segment_id": "REROUTE-SEG-1089", "hazard_coefficient": 0, "is_critical": false}}, {"type": "Feature", "id": "REROUTE-SEG-1090", "geometry": {"type": "LineString", "coordinates": [[76.421817, 10.351831], [76.421954, 10.351955]]}, "properties": {"segment_id": "REROUTE-SEG-1090", "hazard_coefficient": 0, "is_critical": false}}, {"type": "Feature", "id": "REROUTE-SEG-1091", "geometry": {"type": "LineString", "coordinates": [[76.421954, 10.351955], [76.422011, 10.352029]]}, "properties": {"segment_id": "REROUTE-SEG-1091", "hazard_coefficient": 0, "is_critical": false}}, {"type": "Feature", "id": "REROUTE-SEG-1092", "geometry": {"type": "LineString", "coordinates": [[76.422011, 10.352029], [76.421939, 10.352035]]}, "properties": {"segment_id": "REROUTE-SEG-1092", "hazard_coefficient": 0, "is_critical": false}}, {"type": "Feature", "id": "REROUTE-SEG-1093", "geometry": {"type": "LineString", "coordinates": [[76.421939, 10.352035], [76.421135, 10.352304]]}, "properties": {"segment_id": "REROUTE-SEG-1093", "hazard_coefficient": 0, "is_critical": false}}, {"type": "Feature", "id": "REROUTE-SEG-1094", "geometry": {"type": "LineString", "coordinates": [[76.421135, 10.352304], [76.420652, 10.352527]]}, "properties": {"segment_id": "REROUTE-SEG-1094", "hazard_coefficient": 0, "is_critical": false}}, {"type": "Feature", "id": "REROUTE-SEG-1095", "geometry": {"type": "LineString", "coordinates": [[76.420652, 10.352527], [76.420416, 10.352632]]}, "properties": {"segment_id": "REROUTE-SEG-1095", "hazard_coefficient": 0, "is_critical": false}}, {"type": "Feature", "id": "REROUTE-SEG-1096", "geometry": {"type": "LineString", "coordinates": [[76.420416, 10.352632], [76.419858, 10.352832]]}, "properties": {"segment_id": "REROUTE-SEG-1096", "hazard_coefficient": 0, "is_critical": false}}, {"type": "Feature", "id": "REROUTE-SEG-1097", "geometry": {"type": "LineString", "coordinates": [[76.419858, 10.352832], [76.419364, 10.353115]]}, "properties": {"segment_id": "REROUTE-SEG-1097", "hazard_coefficient": 0, "is_critical": false}}, {"type": "Feature", "id": "REROUTE-SEG-1098", "geometry": {"type": "LineString", "coordinates": [[76.419364, 10.353115], [76.419219, 10.353196]]}, "properties": {"segment_id": "REROUTE-SEG-1098", "hazard_coefficient": 0, "is_critical": false}}, {"type": "Feature", "id": "REROUTE-SEG-1099", "geometry": {"type": "LineString", "coordinates": [[76.419219, 10.353196], [76.418544, 10.353872]]}, "properties": {"segment_id": "REROUTE-SEG-1099", "hazard_coefficient": 0, "is_critical": false}}, {"type": "Feature", "id": "REROUTE-SEG-1100", "geometry": {"type": "LineString", "coordinates": [[76.418544, 10.353872], [76.41812, 10.354268]]}, "properties": {"segment_id": "REROUTE-SEG-1100", "hazard_coefficient": 0, "is_critical": false}}, {"type": "Feature", "id": "REROUTE-SEG-1101", "geometry": {"type": "LineString", "coordinates": [[76.41812, 10.354268], [76.417711, 10.354512]]}, "properties": {"segment_id": "REROUTE-SEG-1101", "hazard_coefficient": 0, "is_critical": false}}, {"type": "Feature", "id": "REROUTE-SEG-1102", "geometry": {"type": "LineString", "coordinates": [[76.417711, 10.354512], [76.417283, 10.355006]]}, "properties": {"segment_id": "REROUTE-SEG-1102", "hazard_coefficient": 0, "is_critical": false}}, {"type": "Feature", "id": "REROUTE-SEG-1103", "geometry": {"type": "LineString", "coordinates": [[76.417283, 10.355006], [76.41673, 10.355302]]}, "properties": {"segment_id": "REROUTE-SEG-1103", "hazard_coefficient": 0, "is_critical": false}}, {"type": "Feature", "id": "REROUTE-SEG-1104", "geometry": {"type": "LineString", "coordinates": [[76.41673, 10.355302], [76.416451, 10.355423]]}, "properties": {"segment_id": "REROUTE-SEG-1104", "hazard_coefficient": 0, "is_critical": false}}, {"type": "Feature", "id": "REROUTE-SEG-1105", "geometry": {"type": "LineString", "coordinates": [[76.416451, 10.355423], [76.416172, 10.355524]]}, "properties": {"segment_id": "REROUTE-SEG-1105", "hazard_coefficient": 0, "is_critical": false}}, {"type": "Feature", "id": "REROUTE-SEG-1106", "geometry": {"type": "LineString", "coordinates": [[76.416172, 10.355524], [76.415647, 10.355719]]}, "properties": {"segment_id": "REROUTE-SEG-1106", "hazard_coefficient": 0, "is_critical": false}}, {"type": "Feature", "id": "REROUTE-SEG-1107", "geometry": {"type": "LineString", "coordinates": [[76.415647, 10.355719], [76.415448, 10.35593]]}, "properties": {"segment_id": "REROUTE-SEG-1107", "hazard_coefficient": 0, "is_critical": false}}, {"type": "Feature", "id": "REROUTE-SEG-1108", "geometry": {"type": "LineString", "coordinates": [[76.415448, 10.35593], [76.415518, 10.356104]]}, "properties": {"segment_id": "REROUTE-SEG-1108", "hazard_coefficient": 0, "is_critical": false}}, {"type": "Feature", "id": "REROUTE-SEG-1109", "geometry": {"type": "LineString", "coordinates": [[76.415518, 10.356104], [76.415572, 10.356326]]}, "properties": {"segment_id": "REROUTE-SEG-1109", "hazard_coefficient": 0, "is_critical": false}}, {"type": "Feature", "id": "REROUTE-SEG-1110", "geometry": {"type": "LineString", "coordinates": [[76.415572, 10.356326], [76.415539, 10.356447]]}, "properties": {"segment_id": "REROUTE-SEG-1110", "hazard_coefficient": 0, "is_critical": false}}, {"type": "Feature", "id": "REROUTE-SEG-1111", "geometry": {"type": "LineString", "coordinates": [[76.415539, 10.356447], [76.415468, 10.356517]]}, "properties": {"segment_id": "REROUTE-SEG-1111", "hazard_coefficient": 0, "is_critical": false}}, {"type": "Feature", "id": "REROUTE-SEG-1112", "geometry": {"type": "LineString", "coordinates": [[76.415468, 10.356517], [76.415416, 10.356568]]}, "properties": {"segment_id": "REROUTE-SEG-1112", "hazard_coefficient": 0, "is_critical": false}}, {"type": "Feature", "id": "REROUTE-SEG-1113", "geometry": {"type": "LineString", "coordinates": [[76.415416, 10.356568], [76.415239, 10.356663]]}, "properties": {"segment_id": "REROUTE-SEG-1113", "hazard_coefficient": 0, "is_critical": false}}, {"type": "Feature", "id": "REROUTE-SEG-1114", "geometry": {"type": "LineString", "coordinates": [[76.415239, 10.356663], [76.415089, 10.356811]]}, "properties": {"segment_id": "REROUTE-SEG-1114", "hazard_coefficient": 0, "is_critical": false}}, {"type": "Feature", "id": "REROUTE-SEG-1115", "geometry": {"type": "LineString", "coordinates": [[76.415089, 10.356811], [76.414965, 10.35689]]}, "properties": {"segment_id": "REROUTE-SEG-1115", "hazard_coefficient": 0, "is_critical": false}}, {"type": "Feature", "id": "REROUTE-SEG-1116", "geometry": {"type": "LineString", "coordinates": [[76.414965, 10.35689], [76.414827, 10.357042]]}, "properties": {"segment_id": "REROUTE-SEG-1116", "hazard_coefficient": 0, "is_critical": false}}, {"type": "Feature", "id": "REROUTE-SEG-1117", "geometry": {"type": "LineString", "coordinates": [[76.414827, 10.357042], [76.414712, 10.357154]]}, "properties": {"segment_id": "REROUTE-SEG-1117", "hazard_coefficient": 0, "is_critical": false}}, {"type": "Feature", "id": "REROUTE-SEG-1118", "geometry": {"type": "LineString", "coordinates": [[76.414712, 10.357154], [76.41466, 10.357291]]}, "properties": {"segment_id": "REROUTE-SEG-1118", "hazard_coefficient": 0, "is_critical": false}}, {"type": "Feature", "id": "REROUTE-SEG-1119", "geometry": {"type": "LineString", "coordinates": [[76.41466, 10.357291], [76.414536, 10.357582]]}, "properties": {"segment_id": "REROUTE-SEG-1119", "hazard_coefficient": 0, "is_critical": false}}, {"type": "Feature", "id": "REROUTE-SEG-1120", "geometry": {"type": "LineString", "coordinates": [[76.414536, 10.357582], [76.414404, 10.35771]]}, "properties": {"segment_id": "REROUTE-SEG-1120", "hazard_coefficient": 0, "is_critical": false}}, {"type": "Feature", "id": "REROUTE-SEG-1121", "geometry": {"type": "LineString", "coordinates": [[76.414404, 10.35771], [76.414085, 10.357786]]}, "properties": {"segment_id": "REROUTE-SEG-1121", "hazard_coefficient": 0, "is_critical": false}}, {"type": "Feature", "id": "REROUTE-SEG-1122", "geometry": {"type": "LineString", "coordinates": [[76.414085, 10.357786], [76.413612, 10.357897]]}, "properties": {"segment_id": "REROUTE-SEG-1122", "hazard_coefficient": 0, "is_critical": false}}, {"type": "Feature", "id": "REROUTE-SEG-1123", "geometry": {"type": "LineString", "coordinates": [[76.413612, 10.357897], [76.412704, 10.358146]]}, "properties": {"segment_id": "REROUTE-SEG-1123", "hazard_coefficient": 0, "is_critical": false}}, {"type": "Feature", "id": "REROUTE-SEG-1124", "geometry": {"type": "LineString", "coordinates": [[76.412704, 10.358146], [76.412537, 10.358488]]}, "properties": {"segment_id": "REROUTE-SEG-1124", "hazard_coefficient": 0, "is_critical": false}}, {"type": "Feature", "id": "REROUTE-SEG-1125", "geometry": {"type": "LineString", "coordinates": [[76.412537, 10.358488], [76.412516, 10.358531]]}, "properties": {"segment_id": "REROUTE-SEG-1125", "hazard_coefficient": 0, "is_critical": false}}, {"type": "Feature", "id": "REROUTE-SEG-1126", "geometry": {"type": "LineString", "coordinates": [[76.412516, 10.358531], [76.412499, 10.358567]]}, "properties": {"segment_id": "REROUTE-SEG-1126", "hazard_coefficient": 0, "is_critical": false}}, {"type": "Feature", "id": "REROUTE-SEG-1127", "geometry": {"type": "LineString", "coordinates": [[76.412499, 10.358567], [76.412189, 10.359]]}, "properties": {"segment_id": "REROUTE-SEG-1127", "hazard_coefficient": 0, "is_critical": false}}, {"type": "Feature", "id": "REROUTE-SEG-1128", "geometry": {"type": "LineString", "coordinates": [[76.412189, 10.359], [76.412014, 10.359299]]}, "properties": {"segment_id": "REROUTE-SEG-1128", "hazard_coefficient": 0, "is_critical": false}}, {"type": "Feature", "id": "REROUTE-SEG-1129", "geometry": {"type": "LineString", "coordinates": [[76.412014, 10.359299], [76.411964, 10.359378]]}, "properties": {"segment_id": "REROUTE-SEG-1129", "hazard_coefficient": 0, "is_critical": false}}, {"type": "Feature", "id": "REROUTE-SEG-1130", "geometry": {"type": "LineString", "coordinates": [[76.411964, 10.359378], [76.411833, 10.359587]]}, "properties": {"segment_id": "REROUTE-SEG-1130", "hazard_coefficient": 0, "is_critical": false}}, {"type": "Feature", "id": "REROUTE-SEG-1131", "geometry": {"type": "LineString", "coordinates": [[76.411833, 10.359587], [76.411668, 10.359811]]}, "properties": {"segment_id": "REROUTE-SEG-1131", "hazard_coefficient": 0, "is_critical": false}}, {"type": "Feature", "id": "REROUTE-SEG-1132", "geometry": {"type": "LineString", "coordinates": [[76.411668, 10.359811], [76.411484, 10.360061]]}, "properties": {"segment_id": "REROUTE-SEG-1132", "hazard_coefficient": 0, "is_critical": false}}, {"type": "Feature", "id": "REROUTE-SEG-1133", "geometry": {"type": "LineString", "coordinates": [[76.411484, 10.360061], [76.411322, 10.360277]]}, "properties": {"segment_id": "REROUTE-SEG-1133", "hazard_coefficient": 0, "is_critical": false}}, {"type": "Feature", "id": "REROUTE-SEG-1134", "geometry": {"type": "LineString", "coordinates": [[76.411322, 10.360277], [76.411137, 10.360526]]}, "properties": {"segment_id": "REROUTE-SEG-1134", "hazard_coefficient": 0, "is_critical": false}}, {"type": "Feature", "id": "REROUTE-SEG-1135", "geometry": {"type": "LineString", "coordinates": [[76.411137, 10.360526], [76.410888, 10.36079]]}, "properties": {"segment_id": "REROUTE-SEG-1135", "hazard_coefficient": 0, "is_critical": false}}, {"type": "Feature", "id": "REROUTE-SEG-1136", "geometry": {"type": "LineString", "coordinates": [[76.410888, 10.36079], [76.410736, 10.360967]]}, "properties": {"segment_id": "REROUTE-SEG-1136", "hazard_coefficient": 0, "is_critical": false}}, {"type": "Feature", "id": "REROUTE-SEG-1137", "geometry": {"type": "LineString", "coordinates": [[76.410736, 10.360967], [76.410619, 10.36113]]}, "properties": {"segment_id": "REROUTE-SEG-1137", "hazard_coefficient": 0, "is_critical": false}}, {"type": "Feature", "id": "REROUTE-SEG-1138", "geometry": {"type": "LineString", "coordinates": [[76.410619, 10.36113], [76.41045, 10.361424]]}, "properties": {"segment_id": "REROUTE-SEG-1138", "hazard_coefficient": 0, "is_critical": false}}, {"type": "Feature", "id": "REROUTE-SEG-1139", "geometry": {"type": "LineString", "coordinates": [[76.41045, 10.361424], [76.410295, 10.361756]]}, "properties": {"segment_id": "REROUTE-SEG-1139", "hazard_coefficient": 0, "is_critical": false}}, {"type": "Feature", "id": "REROUTE-SEG-1140", "geometry": {"type": "LineString", "coordinates": [[76.410295, 10.361756], [76.410141, 10.362033]]}, "properties": {"segment_id": "REROUTE-SEG-1140", "hazard_coefficient": 0, "is_critical": false}}, {"type": "Feature", "id": "REROUTE-SEG-1141", "geometry": {"type": "LineString", "coordinates": [[76.410141, 10.362033], [76.410025, 10.362262]]}, "properties": {"segment_id": "REROUTE-SEG-1141", "hazard_coefficient": 0, "is_critical": false}}, {"type": "Feature", "id": "REROUTE-SEG-1142", "geometry": {"type": "LineString", "coordinates": [[76.410025, 10.362262], [76.409897, 10.362331]]}, "properties": {"segment_id": "REROUTE-SEG-1142", "hazard_coefficient": 0, "is_critical": false}}, {"type": "Feature", "id": "REROUTE-SEG-1143", "geometry": {"type": "LineString", "coordinates": [[76.409897, 10.362331], [76.409775, 10.362373]]}, "properties": {"segment_id": "REROUTE-SEG-1143", "hazard_coefficient": 0, "is_critical": false}}, {"type": "Feature", "id": "REROUTE-SEG-1144", "geometry": {"type": "LineString", "coordinates": [[76.409775, 10.362373], [76.40946, 10.36246]]}, "properties": {"segment_id": "REROUTE-SEG-1144", "hazard_coefficient": 0, "is_critical": false}}, {"type": "Feature", "id": "REROUTE-SEG-1145", "geometry": {"type": "LineString", "coordinates": [[76.40946, 10.36246], [76.409164, 10.362545]]}, "properties": {"segment_id": "REROUTE-SEG-1145", "hazard_coefficient": 0, "is_critical": false}}, {"type": "Feature", "id": "REROUTE-SEG-1146", "geometry": {"type": "LineString", "coordinates": [[76.409164, 10.362545], [76.409044, 10.362594]]}, "properties": {"segment_id": "REROUTE-SEG-1146", "hazard_coefficient": 0, "is_critical": false}}, {"type": "Feature", "id": "REROUTE-SEG-1147", "geometry": {"type": "LineString", "coordinates": [[76.409044, 10.362594], [76.408924, 10.362676]]}, "properties": {"segment_id": "REROUTE-SEG-1147", "hazard_coefficient": 0, "is_critical": false}}, {"type": "Feature", "id": "REROUTE-SEG-1148", "geometry": {"type": "LineString", "coordinates": [[76.408924, 10.362676], [76.408805, 10.362777]]}, "properties": {"segment_id": "REROUTE-SEG-1148", "hazard_coefficient": 0, "is_critical": false}}, {"type": "Feature", "id": "REROUTE-SEG-1149", "geometry": {"type": "LineString", "coordinates": [[76.408805, 10.362777], [76.408692, 10.362891]]}, "properties": {"segment_id": "REROUTE-SEG-1149", "hazard_coefficient": 0, "is_critical": false}}, {"type": "Feature", "id": "REROUTE-SEG-1150", "geometry": {"type": "LineString", "coordinates": [[76.408692, 10.362891], [76.408529, 10.363048]]}, "properties": {"segment_id": "REROUTE-SEG-1150", "hazard_coefficient": 0, "is_critical": false}}, {"type": "Feature", "id": "REROUTE-SEG-1151", "geometry": {"type": "LineString", "coordinates": [[76.408529, 10.363048], [76.408353, 10.363231]]}, "properties": {"segment_id": "REROUTE-SEG-1151", "hazard_coefficient": 0, "is_critical": false}}, {"type": "Feature", "id": "REROUTE-SEG-1152", "geometry": {"type": "LineString", "coordinates": [[76.408353, 10.363231], [76.40832, 10.363265]]}, "properties": {"segment_id": "REROUTE-SEG-1152", "hazard_coefficient": 0, "is_critical": false}}, {"type": "Feature", "id": "REROUTE-SEG-1153", "geometry": {"type": "LineString", "coordinates": [[76.40832, 10.363265], [76.408108, 10.363481]]}, "properties": {"segment_id": "REROUTE-SEG-1153", "hazard_coefficient": 0, "is_critical": false}}, {"type": "Feature", "id": "REROUTE-SEG-1154", "geometry": {"type": "LineString", "coordinates": [[76.408108, 10.363481], [76.407929, 10.363634]]}, "properties": {"segment_id": "REROUTE-SEG-1154", "hazard_coefficient": 0, "is_critical": false}}, {"type": "Feature", "id": "REROUTE-SEG-1155", "geometry": {"type": "LineString", "coordinates": [[76.407929, 10.363634], [76.407712, 10.363818]]}, "properties": {"segment_id": "REROUTE-SEG-1155", "hazard_coefficient": 0, "is_critical": false}}, {"type": "Feature", "id": "REROUTE-SEG-1156", "geometry": {"type": "LineString", "coordinates": [[76.407712, 10.363818], [76.407687, 10.363839]]}, "properties": {"segment_id": "REROUTE-SEG-1156", "hazard_coefficient": 0, "is_critical": false}}, {"type": "Feature", "id": "REROUTE-SEG-1157", "geometry": {"type": "LineString", "coordinates": [[76.407687, 10.363839], [76.407453, 10.364023]]}, "properties": {"segment_id": "REROUTE-SEG-1157", "hazard_coefficient": 0, "is_critical": false}}, {"type": "Feature", "id": "REROUTE-SEG-1158", "geometry": {"type": "LineString", "coordinates": [[76.407453, 10.364023], [76.407326, 10.364119]]}, "properties": {"segment_id": "REROUTE-SEG-1158", "hazard_coefficient": 0, "is_critical": false}}, {"type": "Feature", "id": "REROUTE-SEG-1159", "geometry": {"type": "LineString", "coordinates": [[76.407326, 10.364119], [76.407171, 10.36424]]}, "properties": {"segment_id": "REROUTE-SEG-1159", "hazard_coefficient": 0, "is_critical": false}}, {"type": "Feature", "id": "REROUTE-SEG-1160", "geometry": {"type": "LineString", "coordinates": [[76.407171, 10.36424], [76.406921, 10.364448]]}, "properties": {"segment_id": "REROUTE-SEG-1160", "hazard_coefficient": 0, "is_critical": false}}, {"type": "Feature", "id": "REROUTE-SEG-1161", "geometry": {"type": "LineString", "coordinates": [[76.406921, 10.364448], [76.406766, 10.3646]]}, "properties": {"segment_id": "REROUTE-SEG-1161", "hazard_coefficient": 0, "is_critical": false}}, {"type": "Feature", "id": "REROUTE-SEG-1162", "geometry": {"type": "LineString", "coordinates": [[76.406766, 10.3646], [76.406549, 10.364836]]}, "properties": {"segment_id": "REROUTE-SEG-1162", "hazard_coefficient": 0, "is_critical": false}}, {"type": "Feature", "id": "REROUTE-SEG-1163", "geometry": {"type": "LineString", "coordinates": [[76.406549, 10.364836], [76.406393, 10.365003]]}, "properties": {"segment_id": "REROUTE-SEG-1163", "hazard_coefficient": 0, "is_critical": false}}, {"type": "Feature", "id": "REROUTE-SEG-1164", "geometry": {"type": "LineString", "coordinates": [[76.406393, 10.365003], [76.406346, 10.365054]]}, "properties": {"segment_id": "REROUTE-SEG-1164", "hazard_coefficient": 0, "is_critical": false}}, {"type": "Feature", "id": "REROUTE-SEG-1165", "geometry": {"type": "LineString", "coordinates": [[76.406346, 10.365054], [76.406223, 10.365177]]}, "properties": {"segment_id": "REROUTE-SEG-1165", "hazard_coefficient": 0, "is_critical": false}}, {"type": "Feature", "id": "REROUTE-SEG-1166", "geometry": {"type": "LineString", "coordinates": [[76.406223, 10.365177], [76.40598, 10.365401]]}, "properties": {"segment_id": "REROUTE-SEG-1166", "hazard_coefficient": 0, "is_critical": false}}, {"type": "Feature", "id": "REROUTE-SEG-1167", "geometry": {"type": "LineString", "coordinates": [[76.40598, 10.365401], [76.405915, 10.365457]]}, "properties": {"segment_id": "REROUTE-SEG-1167", "hazard_coefficient": 0, "is_critical": false}}, {"type": "Feature", "id": "REROUTE-SEG-1168", "geometry": {"type": "LineString", "coordinates": [[76.405915, 10.365457], [76.405725, 10.365621]]}, "properties": {"segment_id": "REROUTE-SEG-1168", "hazard_coefficient": 0, "is_critical": false}}, {"type": "Feature", "id": "REROUTE-SEG-1169", "geometry": {"type": "LineString", "coordinates": [[76.405725, 10.365621], [76.40571, 10.365633]]}, "properties": {"segment_id": "REROUTE-SEG-1169", "hazard_coefficient": 0, "is_critical": false}}, {"type": "Feature", "id": "REROUTE-SEG-1170", "geometry": {"type": "LineString", "coordinates": [[76.40571, 10.365633], [76.405686, 10.365653]]}, "properties": {"segment_id": "REROUTE-SEG-1170", "hazard_coefficient": 0, "is_critical": false}}, {"type": "Feature", "id": "REROUTE-SEG-1171", "geometry": {"type": "LineString", "coordinates": [[76.405686, 10.365653], [76.40565, 10.365683]]}, "properties": {"segment_id": "REROUTE-SEG-1171", "hazard_coefficient": 0, "is_critical": false}}, {"type": "Feature", "id": "REROUTE-SEG-1172", "geometry": {"type": "LineString", "coordinates": [[76.40565, 10.365683], [76.405485, 10.365818]]}, "properties": {"segment_id": "REROUTE-SEG-1172", "hazard_coefficient": 0, "is_critical": false}}, {"type": "Feature", "id": "REROUTE-SEG-1173", "geometry": {"type": "LineString", "coordinates": [[76.405485, 10.365818], [76.405344, 10.365911]]}, "properties": {"segment_id": "REROUTE-SEG-1173", "hazard_coefficient": 0, "is_critical": false}}, {"type": "Feature", "id": "REROUTE-SEG-1174", "geometry": {"type": "LineString", "coordinates": [[76.405344, 10.365911], [76.405165, 10.366002]]}, "properties": {"segment_id": "REROUTE-SEG-1174", "hazard_coefficient": 0, "is_critical": false}}, {"type": "Feature", "id": "REROUTE-SEG-1175", "geometry": {"type": "LineString", "coordinates": [[76.405165, 10.366002], [76.404965, 10.366087]]}, "properties": {"segment_id": "REROUTE-SEG-1175", "hazard_coefficient": 0, "is_critical": false}}, {"type": "Feature", "id": "REROUTE-SEG-1176", "geometry": {"type": "LineString", "coordinates": [[76.404965, 10.366087], [76.404746, 10.366166]]}, "properties": {"segment_id": "REROUTE-SEG-1176", "hazard_coefficient": 0, "is_critical": false}}, {"type": "Feature", "id": "REROUTE-SEG-1177", "geometry": {"type": "LineString", "coordinates": [[76.404746, 10.366166], [76.404251, 10.366341]]}, "properties": {"segment_id": "REROUTE-SEG-1177", "hazard_coefficient": 0, "is_critical": false}}, {"type": "Feature", "id": "REROUTE-SEG-1178", "geometry": {"type": "LineString", "coordinates": [[76.404251, 10.366341], [76.403948, 10.366463]]}, "properties": {"segment_id": "REROUTE-SEG-1178", "hazard_coefficient": 0, "is_critical": false}}, {"type": "Feature", "id": "REROUTE-SEG-1179", "geometry": {"type": "LineString", "coordinates": [[76.403948, 10.366463], [76.403567, 10.366618]]}, "properties": {"segment_id": "REROUTE-SEG-1179", "hazard_coefficient": 0, "is_critical": false}}, {"type": "Feature", "id": "REROUTE-SEG-1180", "geometry": {"type": "LineString", "coordinates": [[76.403567, 10.366618], [76.403247, 10.36673]]}, "properties": {"segment_id": "REROUTE-SEG-1180", "hazard_coefficient": 0, "is_critical": false}}, {"type": "Feature", "id": "REROUTE-SEG-1181", "geometry": {"type": "LineString", "coordinates": [[76.403247, 10.36673], [76.402766, 10.366921]]}, "properties": {"segment_id": "REROUTE-SEG-1181", "hazard_coefficient": 0, "is_critical": false}}, {"type": "Feature", "id": "REROUTE-SEG-1182", "geometry": {"type": "LineString", "coordinates": [[76.402766, 10.366921], [76.402425, 10.367055]]}, "properties": {"segment_id": "REROUTE-SEG-1182", "hazard_coefficient": 0, "is_critical": false}}, {"type": "Feature", "id": "REROUTE-SEG-1183", "geometry": {"type": "LineString", "coordinates": [[76.402425, 10.367055], [76.402245, 10.367124]]}, "properties": {"segment_id": "REROUTE-SEG-1183", "hazard_coefficient": 0, "is_critical": false}}, {"type": "Feature", "id": "REROUTE-SEG-1184", "geometry": {"type": "LineString", "coordinates": [[76.402245, 10.367124], [76.402133, 10.367167]]}, "properties": {"segment_id": "REROUTE-SEG-1184", "hazard_coefficient": 0, "is_critical": false}}, {"type": "Feature", "id": "REROUTE-SEG-1185", "geometry": {"type": "LineString", "coordinates": [[76.402133, 10.367167], [76.401976, 10.367224]]}, "properties": {"segment_id": "REROUTE-SEG-1185", "hazard_coefficient": 0, "is_critical": false}}, {"type": "Feature", "id": "REROUTE-SEG-1186", "geometry": {"type": "LineString", "coordinates": [[76.401976, 10.367224], [76.401805, 10.367286]]}, "properties": {"segment_id": "REROUTE-SEG-1186", "hazard_coefficient": 0, "is_critical": false}}, {"type": "Feature", "id": "REROUTE-SEG-1187", "geometry": {"type": "LineString", "coordinates": [[76.401805, 10.367286], [76.401349, 10.36745]]}, "properties": {"segment_id": "REROUTE-SEG-1187", "hazard_coefficient": 0, "is_critical": false}}, {"type": "Feature", "id": "REROUTE-SEG-1188", "geometry": {"type": "LineString", "coordinates": [[76.401349, 10.36745], [76.401047, 10.367558]]}, "properties": {"segment_id": "REROUTE-SEG-1188", "hazard_coefficient": 0, "is_critical": false}}, {"type": "Feature", "id": "REROUTE-SEG-1189", "geometry": {"type": "LineString", "coordinates": [[76.401047, 10.367558], [76.400793, 10.367662]]}, "properties": {"segment_id": "REROUTE-SEG-1189", "hazard_coefficient": 0, "is_critical": false}}, {"type": "Feature", "id": "REROUTE-SEG-1190", "geometry": {"type": "LineString", "coordinates": [[76.400793, 10.367662], [76.400309, 10.367877]]}, "properties": {"segment_id": "REROUTE-SEG-1190", "hazard_coefficient": 0, "is_critical": false}}, {"type": "Feature", "id": "REROUTE-SEG-1191", "geometry": {"type": "LineString", "coordinates": [[76.400309, 10.367877], [76.400133, 10.367955]]}, "properties": {"segment_id": "REROUTE-SEG-1191", "hazard_coefficient": 0, "is_critical": false}}, {"type": "Feature", "id": "REROUTE-SEG-1192", "geometry": {"type": "LineString", "coordinates": [[76.400133, 10.367955], [76.399838, 10.368075]]}, "properties": {"segment_id": "REROUTE-SEG-1192", "hazard_coefficient": 0, "is_critical": false}}, {"type": "Feature", "id": "REROUTE-SEG-1193", "geometry": {"type": "LineString", "coordinates": [[76.399838, 10.368075], [76.399661, 10.368143]]}, "properties": {"segment_id": "REROUTE-SEG-1193", "hazard_coefficient": 0, "is_critical": false}}, {"type": "Feature", "id": "REROUTE-SEG-1194", "geometry": {"type": "LineString", "coordinates": [[76.399661, 10.368143], [76.399429, 10.368232]]}, "properties": {"segment_id": "REROUTE-SEG-1194", "hazard_coefficient": 0, "is_critical": false}}, {"type": "Feature", "id": "REROUTE-SEG-1195", "geometry": {"type": "LineString", "coordinates": [[76.399429, 10.368232], [76.399052, 10.368403]]}, "properties": {"segment_id": "REROUTE-SEG-1195", "hazard_coefficient": 0, "is_critical": false}}, {"type": "Feature", "id": "REROUTE-SEG-1196", "geometry": {"type": "LineString", "coordinates": [[76.399052, 10.368403], [76.398759, 10.368558]]}, "properties": {"segment_id": "REROUTE-SEG-1196", "hazard_coefficient": 0, "is_critical": false}}, {"type": "Feature", "id": "REROUTE-SEG-1197", "geometry": {"type": "LineString", "coordinates": [[76.398759, 10.368558], [76.397952, 10.368984]]}, "properties": {"segment_id": "REROUTE-SEG-1197", "hazard_coefficient": 0, "is_critical": false}}, {"type": "Feature", "id": "REROUTE-SEG-1198", "geometry": {"type": "LineString", "coordinates": [[76.397952, 10.368984], [76.397555, 10.369191]]}, "properties": {"segment_id": "REROUTE-SEG-1198", "hazard_coefficient": 0, "is_critical": false}}, {"type": "Feature", "id": "REROUTE-SEG-1199", "geometry": {"type": "LineString", "coordinates": [[76.397555, 10.369191], [76.397337, 10.369302]]}, "properties": {"segment_id": "REROUTE-SEG-1199", "hazard_coefficient": 0, "is_critical": false}}, {"type": "Feature", "id": "REROUTE-SEG-1200", "geometry": {"type": "LineString", "coordinates": [[76.397337, 10.369302], [76.396628, 10.369665]]}, "properties": {"segment_id": "REROUTE-SEG-1200", "hazard_coefficient": 0, "is_critical": false}}, {"type": "Feature", "id": "REROUTE-SEG-1201", "geometry": {"type": "LineString", "coordinates": [[76.396628, 10.369665], [76.396513, 10.369725]]}, "properties": {"segment_id": "REROUTE-SEG-1201", "hazard_coefficient": 0, "is_critical": false}}, {"type": "Feature", "id": "REROUTE-SEG-1202", "geometry": {"type": "LineString", "coordinates": [[76.396513, 10.369725], [76.396423, 10.369762]]}, "properties": {"segment_id": "REROUTE-SEG-1202", "hazard_coefficient": 0, "is_critical": false}}, {"type": "Feature", "id": "REROUTE-SEG-1203", "geometry": {"type": "LineString", "coordinates": [[76.396423, 10.369762], [76.396395, 10.369773]]}, "properties": {"segment_id": "REROUTE-SEG-1203", "hazard_coefficient": 0, "is_critical": false}}, {"type": "Feature", "id": "REROUTE-SEG-1204", "geometry": {"type": "LineString", "coordinates": [[76.396395, 10.369773], [76.396213, 10.36983]]}, "properties": {"segment_id": "REROUTE-SEG-1204", "hazard_coefficient": 0, "is_critical": false}}, {"type": "Feature", "id": "REROUTE-SEG-1205", "geometry": {"type": "LineString", "coordinates": [[76.396213, 10.36983], [76.395996, 10.369895]]}, "properties": {"segment_id": "REROUTE-SEG-1205", "hazard_coefficient": 0, "is_critical": false}}, {"type": "Feature", "id": "REROUTE-SEG-1206", "geometry": {"type": "LineString", "coordinates": [[76.395996, 10.369895], [76.395932, 10.369914]]}, "properties": {"segment_id": "REROUTE-SEG-1206", "hazard_coefficient": 0, "is_critical": false}}, {"type": "Feature", "id": "REROUTE-SEG-1207", "geometry": {"type": "LineString", "coordinates": [[76.395932, 10.369914], [76.395786, 10.369967]]}, "properties": {"segment_id": "REROUTE-SEG-1207", "hazard_coefficient": 0, "is_critical": false}}, {"type": "Feature", "id": "REROUTE-SEG-1208", "geometry": {"type": "LineString", "coordinates": [[76.395786, 10.369967], [76.395568, 10.370022]]}, "properties": {"segment_id": "REROUTE-SEG-1208", "hazard_coefficient": 0, "is_critical": false}}, {"type": "Feature", "id": "REROUTE-SEG-1209", "geometry": {"type": "LineString", "coordinates": [[76.395568, 10.370022], [76.395446, 10.370047]]}, "properties": {"segment_id": "REROUTE-SEG-1209", "hazard_coefficient": 0, "is_critical": false}}, {"type": "Feature", "id": "REROUTE-SEG-1210", "geometry": {"type": "LineString", "coordinates": [[76.395446, 10.370047], [76.39519, 10.370087]]}, "properties": {"segment_id": "REROUTE-SEG-1210", "hazard_coefficient": 0, "is_critical": false}}, {"type": "Feature", "id": "REROUTE-SEG-1211", "geometry": {"type": "LineString", "coordinates": [[76.39519, 10.370087], [76.395134, 10.370096]]}, "properties": {"segment_id": "REROUTE-SEG-1211", "hazard_coefficient": 0, "is_critical": false}}, {"type": "Feature", "id": "REROUTE-SEG-1212", "geometry": {"type": "LineString", "coordinates": [[76.395134, 10.370096], [76.394911, 10.370129]]}, "properties": {"segment_id": "REROUTE-SEG-1212", "hazard_coefficient": 0, "is_critical": false}}, {"type": "Feature", "id": "REROUTE-SEG-1213", "geometry": {"type": "LineString", "coordinates": [[76.394911, 10.370129], [76.394657, 10.37015]]}, "properties": {"segment_id": "REROUTE-SEG-1213", "hazard_coefficient": 0, "is_critical": false}}, {"type": "Feature", "id": "REROUTE-SEG-1214", "geometry": {"type": "LineString", "coordinates": [[76.394657, 10.37015], [76.39432, 10.37017]]}, "properties": {"segment_id": "REROUTE-SEG-1214", "hazard_coefficient": 0, "is_critical": false}}, {"type": "Feature", "id": "REROUTE-SEG-1215", "geometry": {"type": "LineString", "coordinates": [[76.39432, 10.37017], [76.394146, 10.370197]]}, "properties": {"segment_id": "REROUTE-SEG-1215", "hazard_coefficient": 0, "is_critical": false}}, {"type": "Feature", "id": "REROUTE-SEG-1216", "geometry": {"type": "LineString", "coordinates": [[76.394146, 10.370197], [76.394009, 10.370232]]}, "properties": {"segment_id": "REROUTE-SEG-1216", "hazard_coefficient": 0, "is_critical": false}}, {"type": "Feature", "id": "REROUTE-SEG-1217", "geometry": {"type": "LineString", "coordinates": [[76.394009, 10.370232], [76.393854, 10.370286]]}, "properties": {"segment_id": "REROUTE-SEG-1217", "hazard_coefficient": 0, "is_critical": false}}, {"type": "Feature", "id": "REROUTE-SEG-1218", "geometry": {"type": "LineString", "coordinates": [[76.393854, 10.370286], [76.393795, 10.37031]]}, "properties": {"segment_id": "REROUTE-SEG-1218", "hazard_coefficient": 0, "is_critical": false}}, {"type": "Feature", "id": "REROUTE-SEG-1219", "geometry": {"type": "LineString", "coordinates": [[76.393795, 10.37031], [76.393663, 10.370363]]}, "properties": {"segment_id": "REROUTE-SEG-1219", "hazard_coefficient": 0, "is_critical": false}}, {"type": "Feature", "id": "REROUTE-SEG-1220", "geometry": {"type": "LineString", "coordinates": [[76.393663, 10.370363], [76.393522, 10.370433]]}, "properties": {"segment_id": "REROUTE-SEG-1220", "hazard_coefficient": 0, "is_critical": false}}, {"type": "Feature", "id": "REROUTE-SEG-1221", "geometry": {"type": "LineString", "coordinates": [[76.393522, 10.370433], [76.393333, 10.370523]]}, "properties": {"segment_id": "REROUTE-SEG-1221", "hazard_coefficient": 0, "is_critical": false}}, {"type": "Feature", "id": "REROUTE-SEG-1222", "geometry": {"type": "LineString", "coordinates": [[76.393333, 10.370523], [76.393175, 10.370596]]}, "properties": {"segment_id": "REROUTE-SEG-1222", "hazard_coefficient": 0, "is_critical": false}}, {"type": "Feature", "id": "REROUTE-SEG-1223", "geometry": {"type": "LineString", "coordinates": [[76.393175, 10.370596], [76.39299, 10.370666]]}, "properties": {"segment_id": "REROUTE-SEG-1223", "hazard_coefficient": 0, "is_critical": false}}, {"type": "Feature", "id": "REROUTE-SEG-1224", "geometry": {"type": "LineString", "coordinates": [[76.39299, 10.370666], [76.392582, 10.370797]]}, "properties": {"segment_id": "REROUTE-SEG-1224", "hazard_coefficient": 0, "is_critical": false}}, {"type": "Feature", "id": "REROUTE-SEG-1225", "geometry": {"type": "LineString", "coordinates": [[76.392582, 10.370797], [76.392522, 10.370822]]}, "properties": {"segment_id": "REROUTE-SEG-1225", "hazard_coefficient": 0, "is_critical": false}}, {"type": "Feature", "id": "REROUTE-SEG-1226", "geometry": {"type": "LineString", "coordinates": [[76.392522, 10.370822], [76.39247, 10.370843]]}, "properties": {"segment_id": "REROUTE-SEG-1226", "hazard_coefficient": 0, "is_critical": false}}, {"type": "Feature", "id": "REROUTE-SEG-1227", "geometry": {"type": "LineString", "coordinates": [[76.39247, 10.370843], [76.392224, 10.370949]]}, "properties": {"segment_id": "REROUTE-SEG-1227", "hazard_coefficient": 0, "is_critical": false}}, {"type": "Feature", "id": "REROUTE-SEG-1228", "geometry": {"type": "LineString", "coordinates": [[76.392224, 10.370949], [76.39212, 10.370985]]}, "properties": {"segment_id": "REROUTE-SEG-1228", "hazard_coefficient": 0, "is_critical": false}}, {"type": "Feature", "id": "REROUTE-SEG-1229", "geometry": {"type": "LineString", "coordinates": [[76.39212, 10.370985], [76.391906, 10.371058]]}, "properties": {"segment_id": "REROUTE-SEG-1229", "hazard_coefficient": 0, "is_critical": false}}, {"type": "Feature", "id": "REROUTE-SEG-1230", "geometry": {"type": "LineString", "coordinates": [[76.391906, 10.371058], [76.391675, 10.371169]]}, "properties": {"segment_id": "REROUTE-SEG-1230", "hazard_coefficient": 0, "is_critical": false}}, {"type": "Feature", "id": "REROUTE-SEG-1231", "geometry": {"type": "LineString", "coordinates": [[76.391675, 10.371169], [76.39141, 10.371299]]}, "properties": {"segment_id": "REROUTE-SEG-1231", "hazard_coefficient": 0, "is_critical": false}}, {"type": "Feature", "id": "REROUTE-SEG-1232", "geometry": {"type": "LineString", "coordinates": [[76.39141, 10.371299], [76.391124, 10.371451]]}, "properties": {"segment_id": "REROUTE-SEG-1232", "hazard_coefficient": 0, "is_critical": false}}, {"type": "Feature", "id": "REROUTE-SEG-1233", "geometry": {"type": "LineString", "coordinates": [[76.391124, 10.371451], [76.390977, 10.371532]]}, "properties": {"segment_id": "REROUTE-SEG-1233", "hazard_coefficient": 0, "is_critical": false}}, {"type": "Feature", "id": "REROUTE-SEG-1234", "geometry": {"type": "LineString", "coordinates": [[76.390977, 10.371532], [76.390922, 10.371561]]}, "properties": {"segment_id": "REROUTE-SEG-1234", "hazard_coefficient": 0, "is_critical": false}}, {"type": "Feature", "id": "REROUTE-SEG-1235", "geometry": {"type": "LineString", "coordinates": [[76.390922, 10.371561], [76.390798, 10.371625]]}, "properties": {"segment_id": "REROUTE-SEG-1235", "hazard_coefficient": 0, "is_critical": false}}, {"type": "Feature", "id": "REROUTE-SEG-1236", "geometry": {"type": "LineString", "coordinates": [[76.390798, 10.371625], [76.390635, 10.37171]]}, "properties": {"segment_id": "REROUTE-SEG-1236", "hazard_coefficient": 0, "is_critical": false}}, {"type": "Feature", "id": "REROUTE-SEG-1237", "geometry": {"type": "LineString", "coordinates": [[76.390635, 10.37171], [76.390424, 10.37184]]}, "properties": {"segment_id": "REROUTE-SEG-1237", "hazard_coefficient": 0, "is_critical": false}}, {"type": "Feature", "id": "REROUTE-SEG-1238", "geometry": {"type": "LineString", "coordinates": [[76.390424, 10.37184], [76.390293, 10.371909]]}, "properties": {"segment_id": "REROUTE-SEG-1238", "hazard_coefficient": 0, "is_critical": false}}, {"type": "Feature", "id": "REROUTE-SEG-1239", "geometry": {"type": "LineString", "coordinates": [[76.390293, 10.371909], [76.390048, 10.372018]]}, "properties": {"segment_id": "REROUTE-SEG-1239", "hazard_coefficient": 0, "is_critical": false}}, {"type": "Feature", "id": "REROUTE-SEG-1240", "geometry": {"type": "LineString", "coordinates": [[76.390048, 10.372018], [76.389755, 10.37212]]}, "properties": {"segment_id": "REROUTE-SEG-1240", "hazard_coefficient": 0, "is_critical": false}}, {"type": "Feature", "id": "REROUTE-SEG-1241", "geometry": {"type": "LineString", "coordinates": [[76.389755, 10.37212], [76.389392, 10.372233]]}, "properties": {"segment_id": "REROUTE-SEG-1241", "hazard_coefficient": 0, "is_critical": false}}, {"type": "Feature", "id": "REROUTE-SEG-1242", "geometry": {"type": "LineString", "coordinates": [[76.389392, 10.372233], [76.389157, 10.372335]]}, "properties": {"segment_id": "REROUTE-SEG-1242", "hazard_coefficient": 0, "is_critical": false}}, {"type": "Feature", "id": "REROUTE-SEG-1243", "geometry": {"type": "LineString", "coordinates": [[76.389157, 10.372335], [76.388859, 10.372455]]}, "properties": {"segment_id": "REROUTE-SEG-1243", "hazard_coefficient": 0, "is_critical": false}}, {"type": "Feature", "id": "REROUTE-SEG-1244", "geometry": {"type": "LineString", "coordinates": [[76.388859, 10.372455], [76.38864, 10.372554]]}, "properties": {"segment_id": "REROUTE-SEG-1244", "hazard_coefficient": 0, "is_critical": false}}, {"type": "Feature", "id": "REROUTE-SEG-1245", "geometry": {"type": "LineString", "coordinates": [[76.38864, 10.372554], [76.388372, 10.372678]]}, "properties": {"segment_id": "REROUTE-SEG-1245", "hazard_coefficient": 0, "is_critical": false}}, {"type": "Feature", "id": "REROUTE-SEG-1246", "geometry": {"type": "LineString", "coordinates": [[76.388372, 10.372678], [76.388096, 10.372842]]}, "properties": {"segment_id": "REROUTE-SEG-1246", "hazard_coefficient": 0, "is_critical": false}}, {"type": "Feature", "id": "REROUTE-SEG-1247", "geometry": {"type": "LineString", "coordinates": [[76.388096, 10.372842], [76.387966, 10.372914]]}, "properties": {"segment_id": "REROUTE-SEG-1247", "hazard_coefficient": 0, "is_critical": false}}, {"type": "Feature", "id": "REROUTE-SEG-1248", "geometry": {"type": "LineString", "coordinates": [[76.387966, 10.372914], [76.387734, 10.373]]}, "properties": {"segment_id": "REROUTE-SEG-1248", "hazard_coefficient": 0, "is_critical": false}}, {"type": "Feature", "id": "REROUTE-SEG-1249", "geometry": {"type": "LineString", "coordinates": [[76.387734, 10.373], [76.387521, 10.373084]]}, "properties": {"segment_id": "REROUTE-SEG-1249", "hazard_coefficient": 0, "is_critical": false}}, {"type": "Feature", "id": "REROUTE-SEG-1250", "geometry": {"type": "LineString", "coordinates": [[76.387521, 10.373084], [76.387356, 10.373165]]}, "properties": {"segment_id": "REROUTE-SEG-1250", "hazard_coefficient": 0, "is_critical": false}}, {"type": "Feature", "id": "REROUTE-SEG-1251", "geometry": {"type": "LineString", "coordinates": [[76.387356, 10.373165], [76.387642, 10.37366]]}, "properties": {"segment_id": "REROUTE-SEG-1251", "hazard_coefficient": 0, "is_critical": false}}, {"type": "Feature", "id": "REROUTE-SEG-1252", "geometry": {"type": "LineString", "coordinates": [[76.387642, 10.37366], [76.387856, 10.37399]]}, "properties": {"segment_id": "REROUTE-SEG-1252", "hazard_coefficient": 0, "is_critical": false}}, {"type": "Feature", "id": "REROUTE-SEG-1253", "geometry": {"type": "LineString", "coordinates": [[76.387856, 10.37399], [76.387902, 10.374187]]}, "properties": {"segment_id": "REROUTE-SEG-1253", "hazard_coefficient": 0, "is_critical": false}}, {"type": "Feature", "id": "REROUTE-SEG-1254", "geometry": {"type": "LineString", "coordinates": [[76.387902, 10.374187], [76.388058, 10.37481]]}, "properties": {"segment_id": "REROUTE-SEG-1254", "hazard_coefficient": 0, "is_critical": false}}, {"type": "Feature", "id": "REROUTE-SEG-1255", "geometry": {"type": "LineString", "coordinates": [[76.388058, 10.37481], [76.38817, 10.374998]]}, "properties": {"segment_id": "REROUTE-SEG-1255", "hazard_coefficient": 0, "is_critical": false}}, {"type": "Feature", "id": "REROUTE-SEG-1256", "geometry": {"type": "LineString", "coordinates": [[76.38817, 10.374998], [76.388449, 10.374995]]}, "properties": {"segment_id": "REROUTE-SEG-1256", "hazard_coefficient": 0, "is_critical": false}}, {"type": "Feature", "id": "REROUTE-SEG-1257", "geometry": {"type": "LineString", "coordinates": [[76.388449, 10.374995], [76.388535, 10.37523]]}, "properties": {"segment_id": "REROUTE-SEG-1257", "hazard_coefficient": 0, "is_critical": false}}, {"type": "Feature", "id": "REROUTE-SEG-1258", "geometry": {"type": "LineString", "coordinates": [[76.388535, 10.37523], [76.38854, 10.375457]]}, "properties": {"segment_id": "REROUTE-SEG-1258", "hazard_coefficient": 0, "is_critical": false}}, {"type": "Feature", "id": "REROUTE-SEG-1259", "geometry": {"type": "LineString", "coordinates": [[76.38854, 10.375457], [76.388522, 10.375578]]}, "properties": {"segment_id": "REROUTE-SEG-1259", "hazard_coefficient": 0, "is_critical": false}}, {"type": "Feature", "id": "REROUTE-SEG-1260", "geometry": {"type": "LineString", "coordinates": [[76.388522, 10.375578], [76.388774, 10.375589]]}, "properties": {"segment_id": "REROUTE-SEG-1260", "hazard_coefficient": 0, "is_critical": false}}, {"type": "Feature", "id": "REROUTE-SEG-1261", "geometry": {"type": "LineString", "coordinates": [[76.388774, 10.375589], [76.389452, 10.375549]]}, "properties": {"segment_id": "REROUTE-SEG-1261", "hazard_coefficient": 0, "is_critical": false}}, {"type": "Feature", "id": "REROUTE-SEG-1262", "geometry": {"type": "LineString", "coordinates": [[76.389452, 10.375549], [76.389573, 10.375644]]}, "properties": {"segment_id": "REROUTE-SEG-1262", "hazard_coefficient": 0, "is_critical": false}}, {"type": "Feature", "id": "REROUTE-SEG-1263", "geometry": {"type": "LineString", "coordinates": [[76.389573, 10.375644], [76.389594, 10.375863]]}, "properties": {"segment_id": "REROUTE-SEG-1263", "hazard_coefficient": 0, "is_critical": false}}, {"type": "Feature", "id": "REROUTE-SEG-1264", "geometry": {"type": "LineString", "coordinates": [[76.389594, 10.375863], [76.389535, 10.37609]]}, "properties": {"segment_id": "REROUTE-SEG-1264", "hazard_coefficient": 0, "is_critical": false}}, {"type": "Feature", "id": "REROUTE-SEG-1265", "geometry": {"type": "LineString", "coordinates": [[76.389535, 10.37609], [76.389484, 10.376188]]}, "properties": {"segment_id": "REROUTE-SEG-1265", "hazard_coefficient": 0, "is_critical": false}}, {"type": "Feature", "id": "REROUTE-SEG-1266", "geometry": {"type": "LineString", "coordinates": [[76.389484, 10.376188], [76.389417, 10.376589]]}, "properties": {"segment_id": "REROUTE-SEG-1266", "hazard_coefficient": 0, "is_critical": false}}, {"type": "Feature", "id": "REROUTE-SEG-1267", "geometry": {"type": "LineString", "coordinates": [[76.389417, 10.376589], [76.389503, 10.377251]]}, "properties": {"segment_id": "REROUTE-SEG-1267", "hazard_coefficient": 0, "is_critical": false}}, {"type": "Feature", "id": "REROUTE-SEG-1268", "geometry": {"type": "LineString", "coordinates": [[76.389503, 10.377251], [76.389466, 10.378597]]}, "properties": {"segment_id": "REROUTE-SEG-1268", "hazard_coefficient": 0, "is_critical": false}}, {"type": "Feature", "id": "REROUTE-SEG-1269", "geometry": {"type": "LineString", "coordinates": [[76.389466, 10.378597], [76.389589, 10.378823]]}, "properties": {"segment_id": "REROUTE-SEG-1269", "hazard_coefficient": 0, "is_critical": false}}, {"type": "Feature", "id": "REROUTE-SEG-1270", "geometry": {"type": "LineString", "coordinates": [[76.389589, 10.378823], [76.389793, 10.379016]]}, "properties": {"segment_id": "REROUTE-SEG-1270", "hazard_coefficient": 0, "is_critical": false}}, {"type": "Feature", "id": "REROUTE-SEG-1271", "geometry": {"type": "LineString", "coordinates": [[76.389793, 10.379016], [76.39026, 10.379195]]}, "properties": {"segment_id": "REROUTE-SEG-1271", "hazard_coefficient": 0, "is_critical": false}}, {"type": "Feature", "id": "REROUTE-SEG-1272", "geometry": {"type": "LineString", "coordinates": [[76.39026, 10.379195], [76.390343, 10.379296]]}, "properties": {"segment_id": "REROUTE-SEG-1272", "hazard_coefficient": 0, "is_critical": false}}, {"type": "Feature", "id": "REROUTE-SEG-1273", "geometry": {"type": "LineString", "coordinates": [[76.390343, 10.379296], [76.390426, 10.379594]]}, "properties": {"segment_id": "REROUTE-SEG-1273", "hazard_coefficient": 0, "is_critical": false}}, {"type": "Feature", "id": "REROUTE-SEG-1274", "geometry": {"type": "LineString", "coordinates": [[76.390426, 10.379594], [76.390489, 10.379903]]}, "properties": {"segment_id": "REROUTE-SEG-1274", "hazard_coefficient": 0, "is_critical": false}}]}